н╢ж╙юЮпм,иысз50хк,ио╨ё-пЛ╩ЦгЬ,ио╨ёхв©фпео╒©ф╪╪споч╧╚к╬,"2013-11-19 00:1{	",
мБвй(╥ге╥цю),150-500хк,ио╨ё-╩ффжгЬ,ио╨ё╬цсИмЬбГ©ф╪╪споч╧╚к╬,2013-11-19 00:1{,
мБвй(╥ге╥цю),50-150хк,ио╨ё-Ё╓дЧгЬ,╠╠╬╘юШжз╣цс╕сц╪╪йУспоч╧╚к╬ио╨ё╥ж╧╚к╬,2013-11-19 00:1{,
цЯс╙╧╚к╬,150-500хк,ио╨ё-пЛ╩ЦгЬ,ио╨ёрвбчпео╒©ф╪╪споч╧╚к╬,2013-11-19 00:1{,
╧ЗфС,150-500хк,ио╨ё-ЦиппгЬ,╤╚╨╫╫Пхж©ь╧испочтПхн╧╚к╬,2013-11-19 00:1{,
╨овй(╥ге╥цю),150-500хк,ио╨ё-фж╤╚пбгЬ,ио╨ёаЗм╗жгдэ©ф╪╪споч╧╚к╬,2013-11-19 00:1{,
мБвй(е╥цю),500-1000хк,ио╨ё-Ё╓дЧгЬ,п╞Ёлбцснпео╒╪╪йУё╗ио╨ёё╘споч╧╚к╬,2013-11-19 00:1{,
мБвй(╥ге╥цю),10000хкртио,ио╨ё,╢Оэ╫дщм╤вйё╗╪╞меё╘споч╧╚к╬,2013-11-19 00:1{,
мБвй(е╥цю),500-1000хк,ио╨ё,ио╨ё╪╙╠╢©кпео╒╪╪йУспоч╧╚к╬,2013-11-19 00:1{,
цЯс╙╧╚к╬,иысз50хк,ио╨ё,ио╨ёЁ╘фТхМ╪Чспоч╧╚к╬,2013-11-19 00:1{,
цЯс╙╧╚к╬,50-150хк,ио╨ё-пЛ╩ЦгЬ,ио╨ёнж©кхМ╪Чспоч╧╚к╬,2013-11-19 00:1{,
╨овй(╥ге╥цю),50-150хк,ио╨ё-фж╤╚пбгЬ,ио╨ёбЕгзхМ╪Чспоч╧╚к╬,2013-11-19 00:1{,
цЯс╙╧╚к╬,иысз50хк,ио╨ё-пЛ╩ЦгЬ,н╛ю╓жгдэ©ф╪╪ё╗ио╨ёё╘споч╧╚к╬,2013-11-19 00:1{,
цЯс╙╧╚к╬,150-500хк,ио╨ё,ио╨ё╠╠кЧхМ╪Ч╧и╥щспоч╧╚к╬,2013-11-19 00:1{,
цЯс╙╧╚к╬,150-500хк,ио╨ё-пЛ╩ЦгЬ,иНшзйп©╜пю╢Опео╒╪╪йУ╧и╥щспоч╧╚к╬,2013-11-19 00:1{,
╨овй(╥ге╥цю),иысз50хк,ио╨ё-╬╡╟╡гЬ,ио╨ёсе╢╢пео╒╪╪йУспоч╧╚к╬,2013-11-19 00:1{,
мБвй(е╥цю),50-150хк,ио╨ё,цжягн╒╣Гвсё╗ио╨ёё╘споч╧╚к╬,2013-11-19 00:1{,
цЯс╙╧╚к╬,500-1000хк,ио╨ё-Ё╓дЧгЬ,сцсяфШЁ╣пео╒©ф╪╪ё╗ио╨ёё╘споч╧╚к╬,2013-11-19 00:1{,
мБвй(е╥цю),500-1000хк,ио╨ё,╡╘юйхМ╪Ч©╙╥╒ё╗ио╨ёё╘споч╧╚к╬,2013-11-19 00:1{,
цЯс╙╧╚к╬,50-150хк,ио╨ё-фж╤╚пбгЬ,ио╨ё╪ярю╪япео╒©ф╪╪споч╧╚к╬,2013-11-19 00:1{,
н╢ж╙юЮпм,50-150хк,ио╨ё-пЛ╩ЦгЬ,г╛©╣ё╗ио╨ёё╘╫Пхзпео╒╥ЧнЯспоч╧╚к╬,2013-11-19 00:1{,
цЯс╙╧╚к╬,50-150хк,ио╨ё-фж╤╚пбгЬ,ио╨ё╩й╪рмЬбГ©ф╪╪споч╧╚к╬,2013-11-19 00:1{,
╨овй(е╥цю),150-500хк,ио╨ё-ки╫╜гЬ,е╡©к╧╓р╣иХ╠╦ё╗ио╨ёё╘споч╧╚к╬,2013-11-19 00:1{ ,
цЯс╙╧╚к╬,150-500хк,ио╨ё-Ё╓дЧгЬ,╦Ямъю╜иЗ╩НмЬ,2013-11-19 00:1{!,
цЯс╙╧╚к╬,150-500хк,ио╨ё,ио╨ё╦Я╤ШхМ╪Ч╧и╥щспоч╧╚к╬,"2013-11-19 00:1{""",
цЯс╙╧╚к╬,150-500хк,ио╨ё-яНфжгЬ,ио╨ёк╪н╟хМ╪Чспоч╧╚к╬,2013-11-19 00:1{#,
цЯс╙╧╚к╬,50-150хк,ио╨ё-яНфжгЬ,ио╨ёй╣╣ьпео╒╪╪йУспоч╧╚к╬,2013-11-19 00:1{$,
н╢ж╙юЮпм,150-500хк,ио╨ё-Ё╓дЧгЬ,ио╨ё╣Ц©мпео╒╪╪йУ╧и╥щспоч╧╚к╬,2013-11-19 00:1{%,
цЯс╙╧╚к╬,50-150хк,ио╨ё-фж╤╚пбгЬ,ио╨ёпбЁ©пео╒╪╞Ёио╣мЁспоч╧╚к╬,2013-11-19 00:1{&,
цЯс╙╧╚к╬,150-500хк,ио╨ё,ио╨ёп╞дЧ╪фкЦ╩З©ф╪╪споч╧╚к╬,2013-11-19 00:1{',
цЯс╙╧╚к╬,иысз50хк,ио╨ё-фж╤╚пбгЬ,╫Пк╪н╛м╤вйвия╞ё╗ио╨ёё╘споч╧╚к╬,2013-11-19 00:1{(,
╧ЗфС,150-500хк,ио╨ё,ио╨ёнд╧Ц╩╔╤╞╣Гйсспоч╧╚к╬,2013-11-19 00:1{),
цЯс╙╧╚к╬,50-150хк,ио╨ё-╨Г©згЬ,ио╨ё╨Цж╬пео╒╪╪йУспоч╧╚к╬,2013-11-19 00:1{*,
цЯс╙╧╚к╬,50-150хк,ио╨ё,ио╨ёкулзпео╒©ф╪╪споч╧╚к╬ё╗х╓дцё╘,2013-11-19 00:1{+,
мБвй(е╥цю),500-1000хк,ио╨ё-б╛мЕгЬ,©ин╛сН╡╘илнЯ╣Гвсё╗ио╨ёё╘споч╧╚к╬,2013-11-19 00:1{,
цЯс╙╧╚к╬,50-150хк,ио╨ё-Ё╓дЧгЬ,ио╨ё╨црвм╤вйвия╞споч╧╚к╬,2013-11-19 00:1{-,
мБвй(╥ге╥цю),50-150хк,ио╨ё-пЛ╩ЦгЬ,ио╨ёрз╠ёмЬбГ╪╪йУспоч╧╚к╬,2013-11-19 00:1{.,
цЯс╙╧╚к╬,иысз50хк,ио╨ё,ио╨ё╩шрЬпео╒©ф╪╪споч╧╚к╬,2013-11-19 00:1{/,
цЯс╙╧╚к╬,150-500хк,ио╨ё-╨Г©згЬ,ио╨ёс©пе╫Пхзпео╒╥ЧнЯспоч╧╚к╬,2013-11-19 00:1{0,
н╢ж╙юЮпм,50-150хк,ио╨ё-фж╤╚пбгЬ,ио╨ёнефухМ╪Чспоч╧╚к╬,2013-11-19 00:1{1,
цЯс╙╧╚к╬,иысз50хк,ио╨ё-пЛ╩ЦгЬ,ио╨ёрщтфпео╒©ф╪╪╥╒у╧споч╧╚к╬,2013-11-19 00:1{2,
цЯс╙╧╚к╬,иысз50хк,ио╨ё-ки╫╜гЬ,ио╨ёкфяу╩Ф©ф╪╪споч╧╚к╬,2013-11-19 00:1{3,
н╢ж╙юЮпм,150-500хк,ио╨ё-Ё╓дЧгЬ,ио╨ёА╥╪нр╫я╖пео╒о╣мЁспоч╧╚к╬,2013-11-19 00:1{4,
мБвй(е╥цю),150-500хк,ио╨ё-Ё╓дЧгЬ,ио╨ёЕ╬м╗илнЯ©ф╪╪споч╧╚к╬,2013-11-19 00:1{5,
цЯс╙╧╚к╬,50-150хк,ио╨ё,ио╨ёЁпн╛м╗пе╪╪йУспоч╧╚к╬,2013-11-19 00:1{6,
цЯс╙╧╚к╬,50-150хк,ио╨ё-у╒╠╠гЬ,ио╨ёлЛя╜хМ╪Ч©ф╪╪споч╧╚к╬,2013-11-19 00:1{7,
мБвй(е╥цю),150-500хк,ио╨ё-фж╤╚пбгЬ,╩щ╩В╪фкЦ╩З╪╪йУё╗ио╨ёё╘споч╧╚к╬,2013-11-19 00:1{8,
цЯс╙╧╚к╬,иысз50хк,ио╨ё-╬╡╟╡гЬ,ио╨ёЁлЙмпео╒╪╪йУспоч╧╚к╬,2013-11-19 00:1{9,
мБвй(е╥цю),500-1000хк,ио╨ё-фж╤╚пбгЬ,╠╠╬╘©фю╤хМ╪Чо╣мЁспоч╧╚к╬ио╨ё╥ж╧╚к╬,2013-11-19 00:1{:,
цЯс╙╧╚к╬,150-500хк,ио╨ё-ЦиппгЬ,ио╨ё©╙пбфШЁ╣╥ЧнЯспоч╧╚к╬,2013-11-19 00:1{;,
╨овй(╥ге╥цю),500-1000хк,ио╨ё,╨ёрЬ╡ф╦╩╧эюМспоч╧╚к╬,2013-11-19 00:1{<,
мБвй(╥ге╥цю),150-500хк,ио╨ё-ЦиппгЬ,ио╨ё©бЛепео╒©ф╪╪споч╧╚к╬,2013-11-19 00:1{=,
мБвй(╥ге╥цю),150-500хк,ио╨ё-╬╡╟╡гЬ,хЬФз©╜пео╒о╣мЁ╪╪йУё╗╠╠╬╘ё╘споч╧╚к╬ио╨ё╥ж╧╚к╬,2013-11-19 00:2{>,
н╢ж╙юЮпм,50-150хк,ио╨ё-╨Г©згЬ,ио╨ёх╨яЦпео╒╧и╥щспоч╧╚к╬,2013-11-19 00:1{?,
цЯс╙╧╚к╬,50-150хк,ио╨ё,Ёи╤╪лЛги©ф╪╪споч╧╚к╬,2013-11-19 00:1{@,
мБвй(е╥цю),иысз50хк,ио╨ё-пЛ╩ЦгЬ,╦╩оммЬбГ©ф╪╪ё╗ио╨ёё╘споч╧╚к╬,2013-11-19 00:1{A,
цЯс╙╧╚к╬,50-150хк,ио╨ё-ЦиппгЬ,ио╨ё╧зсбпео╒©ф╪╪споч╧╚к╬,2013-11-19 00:1{B,
цЯс╙╧╚к╬,500-1000хк,ио╨ё-фж╤╚пбгЬ,ио╨ёрЬиЗ╠╕╣Гвсж╖╦╤╥ЧнЯспоч╧╚к╬,2013-11-19 00:1{C,
цЯс╙╧╚к╬,50-150хк,ио╨ё-фж╤╚пбгЬ,ио╨ёнж╧╓╣ГвсилнЯспоч╧╚к╬,2013-11-19 00:1{D,
мБвй(╥ге╥цю),500-1000хк,ио╨ё-╩ффжгЬ,ио╨ё╣Ш╢Дй╚илр╣споч╧╚к╬,2013-11-19 00:1{E,
н╢ж╙юЮпм,150-500хк,ио╨ё,╠╠╬╘╫щя╤т╤яОм╗пе╪╪йУспоч╧╚к╬,2013-11-19 00:1{F,
╨овй(╥ге╥цю),500-1000хк,ио╨ё-Ё╓дЧгЬ,ио╨ё╡╘т╞пео╒╪╪йУ╥ЧнЯспоч╧╚к╬,2013-11-19 00:1{G,
цЯс╙╧╚к╬,150-500хк,ио╨ё-фж╤╚пбгЬ,ио╨ё╨ё╡╘Жн╩щ╧З╪йцЁрвспоч╧╚к╬,2013-11-19 00:1{H,
цЯс╙╧╚к╬,150-500хк,ио╨ё-фж╤╚пбгЬ,ио╨ё╩╥снмЬбГ©ф╪╪╥╒у╧споч╧╚к╬,2013-11-19 00:1{I,
╨овй(╥ге╥цю),50-150хк,ио╨ё-ЦиппгЬ,лЛлЛ╤╞лЩ,2013-11-19 00:1{J,
цЯс╙╧╚к╬,1000-5000хк,ио╨ё,ио╨ё╥╨н╒мЬбГ©ф╪╪╧и╥щспоч╧╚к╬,2013-11-19 00:1{K,
мБвй(╥ге╥цю),150-500хк,ио╨ё,ио╨ёсТ╫ПоЦ╧Ц╦Ф╢╚ц╫споч╧╚к╬,2013-11-19 00:1{L,
цЯс╙╧╚к╬,50-150хк,ио╨ё-Ё╓дЧгЬ,ио╨ёсей╓нюЁЬ©ф╪╪споч╧╚к╬,2013-11-19 00:1{M,
цЯс╙╧╚к╬,50-150хк,ио╨ё,ио╨ёф╫пю╣Гвс©ф╪╪споч╧╚к╬,2013-11-19 00:1{N,
цЯс╙╧╚к╬,50-150хк,ио╨ё-╬╡╟╡гЬ,ио╨ёк╪аапео╒╪╪йУспоч╧╚к╬,2013-11-19 00:1{O,
цЯс╙╧╚к╬,150-500хк,ио╨ё-фж╤╚пбгЬ,ио╨ёцЗ╢╢хМ╪Ч╪╪йУспоч╧╚к╬,2013-11-19 00:1{P,
цЯс╙╧╚к╬,150-500хк,ио╨ё,ио╨ёк╚яН╣Гдт╦ъ©ф╪╪©╙╥╒╧╚к╬,2013-11-19 00:1{Q,
цЯс╙╧╚к╬,50-150хк,ио╨ё-фж╤╚пбгЬ,ио╨ёюЫяТхМ╪Чспоч╧╚к╬,2013-11-19 00:1{R,
мБвй(е╥цю),150-500хк,ио╨ё,ио╨ёс╒а╒йсйЩвж©ф╪╪споч╧╚к╬,2013-11-19 00:1{S,
цЯс╙╧╚к╬,50-150хк,ио╨ё-╨Г©згЬ,ио╨ё╨Хргм╗пео╒╪╪йУспоч╧╚к╬,2013-11-19 00:1{T,
мБвй(╥ге╥цю),50-150хк,ио╨ё-пЛ╩ЦгЬ,ио╨ё╪╪аБо╣мЁ╪╞Ёиспоч╧╚к╬,2013-11-19 00:1{U,
цЯс╙╧╚к╬,50-150хк,ио╨ё-пЛ╩ЦгЬ,ио╨ё╧Црзпео╒╪╪йУспоч╧╚к╬,2013-11-19 00:1{V,
цЯс╙╧╚к╬,иысз50хк,ио╨ё-ЦиппгЬ,ио╨ё╬Щлапео╒╪╪йУспоч╧╚к╬,2013-11-19 00:1{W,
цЯс╙╧╚к╬,500-1000хк,ио╨ё-╠╕и╫гЬ,ио╨ёрвйн╪нмЬбГ©ф╪╪споч╧╚к╬ё╗н╙н╙мЬё╘,2013-11-19 00:1{X,
цЯс╙╧╚к╬,50-150хк,ио╨ё-фж╤╚пбгЬ,ио╨ё╦╥ю╓пео╒©ф╪╪споч╧╚к╬,2013-11-19 00:1{Y,
цЯс╙╧╚к╬,50-150хк,ио╨ё-фж╤╚пбгЬ,ио╨ёкыг©пео╒╪╪йУспоч╧╚к╬,2013-11-19 00:1{Z,
цЯс╙╧╚к╬,50-150хк,ио╨ё-фж╤╚пбгЬ,ио╨ё╟╛д╕пео╒╪╪йУспоч╧╚к╬,2013-11-19 00:1{[,
цЯс╙╧╚к╬,50-150хк,ио╨ё-фж╤╚пбгЬ,ио╨ёкйжгпео╒©ф╪╪споч╧╚к╬,2013-11-19 00:1{\,
цЯс╙╧╚к╬,150-500хк,ио╨ё-фж╤╚пбгЬ,╨цбР╩Ы╫ПмЬ,2013-11-19 00:1{],
н╢ж╙юЮпм,1000-5000хк,ио╨ё,ио╨ё╢Сжг╩ш╡ф╦╩╧эюМспоч╧╚к╬,2013-11-19 00:1{^,
цЯс╙╧╚к╬,50-150хк,ио╨ё,ио╨ёявоХм╗пе©ф╪╪споч╧╚к╬,2013-11-19 00:1{_,
╨овй(╥ге╥цю),50-150хк,ио╨ё-Ё╓дЧгЬ,ио╨ёх╚Ёим╗пе╪╪йУспоч╧╚к╬,2013-11-19 00:1{`,
цЯс╙╧╚к╬,иысз50хк,ио╨ё,╦╩мЁё╗ио╨ёё╘пео╒╪╪йУспоч╧╚к╬,2013-11-19 00:1{a,
цЯс╙╧╚к╬,50-150хк,ио╨ё,кужщн╒рщюк©ф╪╪споч╧╚к╬,2013-11-19 00:1{b,
цЯс╙╧╚к╬,50-150хк,ио╨ё-фж╤╚пбгЬ,╤ктфпео╒╪╪йУё╗ио╨ёё╘споч╧╚к╬,2013-11-19 00:1{c,
цЯс╙╧╚к╬,иысз50хк,ио╨ё,ио╨ё╟ы╨К╪фкЦ╩ЗхМ╪Чспоч╧╚к╬,2013-11-19 00:1{d,
цЯс╙╧╚к╬,50-150хк,ио╨ё-фж╤╚пбгЬ,ио╨ё╩╙юк╪фкЦ╩З©ф╪╪споч╧╚к╬,2013-11-19 00:1{e,
цЯс╙╧╚к╬,50-150хк,ио╨ё-фж╤╚пбгЬ,ио╨ё╢С╨╨хЩм╗м╗пе╧и╥щспоч╧╚к╬,2013-11-19 00:1{f,
╨овй(е╥цю),50-150хк,ио╨ё-фж╤╚пбгЬ,цю╧ЗSelleckиЗнО©ф╪╪споч╧╚к╬ё╗жп╧З╥ж╧╚к╬ё╘,2013-11-19 00:1{g,
цЯс╙╧╚к╬,50-150хк,ио╨ё-фж╤╚пбгЬ,ио╨ёлЛбипео╒╪╪йУспоч╧╚к╬,2013-11-19 00:1{h,
цЯс╙╧╚к╬,50-150хк,ио╨ё-╩ффжгЬ,ио╨ёоё╟бпео╒©ф╪╪споч╧╚к╬,2013-11-19 00:1{i,
цЯс╙╧╚к╬,иысз50хк,ио╨ё-фж╤╚пбгЬ,ио╨ё©Ат╤нОа╙мЬ©ф╪╪споч╧╚к╬,2013-11-19 00:1{j,
цЯс╙╧╚к╬,500-1000хк,ио╨ё-яНфжгЬ,ио╨ёХ╘╫Упео╒©ф╪╪споч╧╚к╬,2013-11-19 00:1{k,
цЯс╙╧╚к╬,иысз50хк,ио╨ё-фж╤╚пбгЬ,ио╨ёл╘п©жгдэ©ф╪╪споч╧╚к╬,2013-11-19 00:1{l,
цЯс╙╧╚к╬,150-500хк,ио╨ё,йЩтфпео╒╪╪йУё╗ио╨ёё╘споч╧╚к╬,2013-11-19 00:1{m,
цЯс╙╧╚к╬,50-150хк,ио╨ё,╠╠╬╘╤╚╥╫м╗╢О©ф╪╪споч╧╚к╬,2013-11-19 00:1{n,
цЯс╙╧╚к╬,иысз50хк,ио╨ё,ио╨ёры╪внОаВпео╒©ф╪╪споч╧╚к╬,2013-11-19 00:1{o,
цЯс╙╧╚к╬,50-150хк,ио╨ё-Ё╓дЧгЬ,ио╨ёЁ╓Ёг╣Гвспео╒мЬбГспоч╧╚к╬,2013-11-19 00:1{p,
цЯс╙╧╚к╬,1000-5000хк,ио╨ё-╬╡╟╡гЬ,ио╨ё╣бсс╥©╣ь╡З╬╜╪мспоч╧╚к╬,2013-11-19 00:1{q,
н╢ж╙юЮпм,иысз50хк,ио╨ё-╪н╤╗гЬ,ио╨ёяК╢О╣Гвс©ф╪╪споч╧╚к╬,2013-11-19 00:1{r,
цЯс╙╧╚к╬,иысз50хк,ио╨ё-╩ффжгЬ,иНшзйп©╜╦Як╧вйя╤©ф╪╪споч╧╚к╬,2013-11-19 00:1{s,
цЯс╙╧╚к╬,500-1000хк,ио╨ё,ио╨ё╪нрЬ╫Пхз╥ЧнЯспоч╧╚к╬,2013-11-19 00:1{t,
цЯс╙╧╚к╬,1000-5000хк,ио╨ё,и╪╣брЬ©╗м╗пео╒╥ЧнЯспоч╧╚к╬,2013-11-19 00:1{u,
цЯс╙╧╚к╬,50-150хк,ио╨ё-фж╤╚пбгЬ,ио╨ём╗╥╫хМ╪Ч╪╪йУ╥ЧнЯспоч╧╚к╬,2013-11-19 00:1{v,
цЯс╙╧╚к╬,50-150хк,ио╨ё-╨Г©згЬ,ио╨ё╡ф╩╙╠ёмЬбГ©ф╪╪споч╧╚к╬,2013-11-19 00:1{w,
цЯс╙╧╚к╬,иысз50хк,ио╨ё-╬╡╟╡гЬ,ио╨ён║ткпео╒©ф╪╪споч╧╚к╬,2013-11-19 00:1{x,
мБвй(е╥цю),10000хкртио,ио╨ё,хМм╗╤╞а╕пео╒╪╪йУё╗╪╞меё╘споч╧╚к╬,2013-11-19 00:2{y,
цЯс╙╧╚к╬,иысз50хк,ио╨ё,╨ёдо╟к╟ыюОнОаВ╧и╥щспоч╧╚к╬,2013-11-19 00:1{z,
цЯс╙╧╚к╬,иысз50хк,ио╨ё-╪н╤╗гЬ,ио╨ёеТиЫпео╒©ф╪╪споч╧╚к╬,2013-11-19 00:1{{,
цЯс╙╧╚к╬,50-150хк,ио╨ё-Ё╓дЧгЬ,ио╨ёсцк╪╪фкЦ╩ЗхМ╪Ч╧эюМвия╞споч╧╚к╬,2013-11-19 00:1{|,
цЯс╙╧╚к╬,иысз50хк,ио╨ё-фж╤╚пбгЬ,ио╨ёя╘оъпео╒╪╪йУспоч╧╚к╬,2013-11-19 00:1{},
цЯс╙╧╚к╬,иысз50хк,ио╨ё-ЦиппгЬ,ио╨ёуЩ╦ъ╪фкЦ╩Зпео╒╪╪йУспоч╧╚к╬,2013-11-19 00:1{~,
цЯс╙╧╚к╬,50-150хк,ио╨ё-фумсгЬ,ио╨ёсе╤х©М╢Ь©ф╪╪споч╧╚к╬,2013-11-19 00:1{,
╨овй(╥ге╥цю),50-150хк,ио╨ё,ио╨ёрвсХпео╒╪╪йУспоч╧╚к╬,2013-11-19 00:1{─,
мБвй(е╥цю),50-150хк,ио╨ё-╩ффжгЬ,ио╨ё╟©лз©ф╪╪споч╧╚к╬,2013-11-19 00:1{?,
цЯс╙╧╚к╬,150-500хк,ио╨ё-Ё╓дЧгЬ,ио╨ёфСкЁпео╒о╣мЁспоч╧╚к╬,2013-11-19 00:1{?,
цЯс╙╧╚к╬,150-500хк,ио╨ё,ио╨ёлЛуЩпео╒©ф╪╪споч╧╚к╬,2013-11-19 00:1{?,
цЯс╙╧╚к╬,50-150хк,ио╨ё-фж╤╚пбгЬ,ио╨ёжга╙лз╩╙хМ╪Ч╪╪йУспоч╧╚к╬,2013-11-19 00:1{?,
цЯс╙╧╚к╬,иысз50хк,ио╨ё-Ё╓дЧгЬ,ио╨ёб╥фупео╒©ф╪╪споч╧╚к╬,2013-11-19 00:1{?,
мБвй(╥ге╥цю),50-150хк,ио╨ё-фумсгЬ,аХх╨╣Гдтё╗иНшзё╘споч╧╚к╬ио╨ё╥ж╧╚к╬,2013-11-19 00:1{?,
н╢ж╙юЮпм,иысз50хк,ио╨ё-яНфжгЬ,ио╨ёйюЁпхМ╪Ч©ф╪╪споч╧╚к╬,2013-11-19 00:1{?,
цЯс╙╧╚к╬,50-150хк,ио╨ё-пЛ╩ЦгЬ,ио╨ёйЩ╬шхМ╪Чо╣мЁ╧и╥щспоч╧╚к╬,2013-11-19 00:1{?,
цЯс╙╧╚к╬,иысз50хк,ио╨ё-пЛ╩ЦгЬ,ио╨ёжг╪Рпео╒©ф╪╪споч╧╚к╬,2013-11-19 00:1{?,
мБвй(е╥цю),1000-5000хк,ио╨ё,ио╨ё╠╢кЧк╧бЭилр╣╥ЧнЯспоч╧╚к╬,2013-11-19 00:1{?,
цЯс╙╧╚к╬,50-150хк,ио╨ё-Ё╓дЧгЬ,ио╨ёТЮй╞хМ╪Ч©ф╪╪споч╧╚к╬,2013-11-19 00:1{?,
мБвй(е╥цю),150-500хк,ио╨ё,АБ©╗╡Ба©о╣мЁ,2013-11-19 00:1{?,
цЯс╙╧╚к╬,иысз50хк,ио╨ё-фж╤╚пбгЬ,ио╨ёгФ╪эпео╒©ф╪╪споч╧╚к╬,2013-11-19 00:1{?,
цЯс╙╧╚к╬,150-500хк,ио╨ё,ио╨ёФХ╦гвй╡З╬╜с╙╧эюМспоч╧╚к╬,2013-11-19 00:1{?,
мБвй(е╥цю),500-1000хк,ио╨ё,╢Сжз╣ЦфюмЬ,2013-11-19 00:1{?,
цЯс╙╧╚к╬,150-500хк,ио╨ё,ио╨ёмЧй©╤ыпео╒╪╪йУспоч╧╚к╬,2013-11-19 00:1{?,
цЯс╙╧╚к╬,50-150хк,ио╨ё-фж╤╚пбгЬ,яЮкС╫Пхзпео╒©ф╪╪ё╗ио╨ёё╘споч╧╚к╬,2013-11-19 00:1{?,
мБвй(╥ге╥цю),150-500хк,ио╨ё-фумсгЬ,ио╨ёсЙхкхМ╪Ч╪╪йУ©╙╥╒споч╧╚к╬,2013-11-19 00:1{?,
цЯс╙╧╚к╬,иысз50хк,ио╨ё-пЛ╩ЦгЬ,ио╨ёуэхкхМ╪Чспоч╧╚к╬,2013-11-19 00:1{?,
цЯс╙╧╚к╬,иысз50хк,ио╨ё,ио╨ё╣я©ихМ╪Ч©ф╪╪споч╧╚к╬,2013-11-19 00:1{?,
╧ЗфС,150-500хк,ио╨ё,ио╨ёк╧╣о╤Ш╣Гвс╫╩рвйпЁ║╬╜с╙╧эюМспоч╧╚к╬,2013-11-19 00:1{?,
цЯс╙╧╚к╬,50-150хк,ио╨ё,ио╨ёипн╖╣Гвс©ф╪╪споч╧╚к╬,2013-11-19 00:1{?,
цЯс╙╧╚к╬,150-500хк,ио╨ё,ио╨ёнжиппео╒╪╪йУспоч╧╚к╬,2013-11-19 00:1{?,
цЯс╙╧╚к╬,50-150хк,ио╨ё-фж╤╚пбгЬ,╠╠╬╘╣щю╤©фхМ╪Ч╪╪йУспоч╧╚к╬,2013-11-19 00:1{?,
мБвй(╥ге╥цю),иысз50хк,ио╨ё-фж╤╚пбгЬ,м╗сцрф╤╞©ф╪╪споч╧╚к╬ General Mobile Technology Company,2013-11-19 00:1{?,
цЯс╙╧╚к╬,иысз50хк,ио╨ё-фж╤╚пбгЬ,ио╨ё╨ёк╤й©хМ╪Чспоч╧╚к╬,2013-11-19 00:1{?,
цЯс╙╧╚к╬,50-150хк,ио╨ё-фж╤╚пбгЬ,ио╨ёоЧа╙пео╒╪╪йУспоч╧╚к╬,2013-11-19 00:1{?,
╧ЗфС,50-150хк,ио╨ё-пЛ╩ЦгЬ,ио╨ё╧Ц╣Г╣Гвс©ф╪╪споч╧╚к╬,2013-11-19 00:1{?,
мБвй(╥ге╥цю),150-500хк,ио╨ё,╦ё╫╗пбрБ©ф╪╪споч╧╚к╬,2013-11-19 00:1{?,
╨овй(╥ге╥цю),500-1000хк,ио╨ё,ио╨ёпбжбхМ╪Чспоч╧╚к╬,2013-11-19 00:1{?,
цЯс╙╧╚к╬,50-150хк,ио╨ё-фж╤╚пбгЬ,ио╨ёрзр╣мЬбГ©ф╪╪╥╒у╧споч╧╚к╬,2013-11-19 00:1{?,
╨овй(╥ге╥цю),50-150хк,ио╨ё-фж╤╚пбгЬ,ио╨ёеию╜хМ╪Чспоч╧╚к╬,2013-11-19 00:1{?,
мБвй(╥ге╥цю),50-150хк,ио╨ё-фж╤╚пбгЬ,╫щк╪╣Гдт╪╪йУ©╙╥╒ё╗ио╨ёё╘споч╧╚к╬,2013-11-19 00:1{?,
мБвй(е╥цю),50-150хк,ио╨ё-Ё╓дЧгЬ,бУн╓дАм╗я╤╪╪йУё╗ио╨ёё╘споч╧╚к╬,2013-11-19 00:1{?,
мБвй(е╥цю),иысз50хк,ио╨ё,ио╨ёрТбЖм╗╣Гвс©ф╪╪споч╧╚к╬,2013-11-19 00:1{?,
мБвй(е╥цю),500-1000хк,ио╨ё-фж╤╚пбгЬ,TCLм╗я╤©ф╪╪©ь╧испоч╧╚к╬,2013-11-19 00:1{?,
н╢ж╙юЮпм,1000-5000хк,ио╨ё-фж╤╚пбгЬ,м╗а╙ж╖╦╤мЬбГ╥ЧнЯ╧и╥щспоч╧╚к╬,2013-11-19 00:1{?,
цЯс╙╧╚к╬,150-500хк,ио╨ё-фж╤╚пбгЬ,ио╨ёйЩ╩шо╣мЁ╪╪йУспоч╧╚к╬,2013-11-19 00:1{?,
цЯс╙╧╚к╬,50-150хк,ио╨ё,Ёи╤╪ж╬яв©ф╪╪споч╧╚к╬,2013-11-19 00:1{?,
цЯс╙╧╚к╬,50-150хк,ио╨ё,ио╨ё╧ЗоЛпео╒╪╪йУспоч╧╚к╬,2013-11-19 00:1{?,
мБвй(╥ге╥цю),10000хкртио,ио╨ё,мЗмЗ╪╞ме,2013-11-19 00:1{?,
цЯс╙╧╚к╬,1000-5000хк,ио╨ё-фумсгЬ,╬╟сР╧З╪йбцснткс╙╪╞ме,2013-11-19 00:1{?,
╨овй(е╥цю),50-150хк,ио╨ё,ио╨ёЙ╩к╤фСр╣╧эюМвия╞споч╧╚к╬,2013-11-19 00:1{?,
цЯс╙╧╚к╬,50-150хк,ио╨ё-пЛ╩ЦгЬ,ио╨ёяюд╬м╗я╤╪╪йУспоч╧╚к╬,2013-11-19 00:1{?,
мБвй(е╥цю),50-150хк,ио╨ё-╬╡╟╡гЬ,ио╨ё©╔фухМ╪Ч©ф╪╪споч╧╚к╬,2013-11-19 00:1{?,
цЯс╙╧╚к╬,150-500хк,ио╨ё-пЛ╩ЦгЬ,ио╨ёнжип╪р╬сспоч╧╚к╬,2013-11-19 00:1{?,
мБвй(е╥цю),50-150хк,ио╨ё-╬╡╟╡гЬ,The POP Company (Shanghai) Ltd.,2013-11-19 00:1{?,
цЯс╙╧╚к╬,500-1000хк,ио╨ё,пбкыбМё╗ио╨ёё╘╣Гвс©ф╪╪╥╒у╧споч╧╚к╬,2013-11-19 00:1{?,
цЯс╙╧╚к╬,50-150хк,ио╨ё-Ё╓дЧгЬ,ио╨ёя╘юПсЦ╪фкЦ╩З©ф╪╪споч╧╚к╬,2013-11-19 00:1{?,
цЯс╙╧╚к╬,иысз50хк,ио╨ё-фумсгЬ,ио╨ё╟ыйбаИ©ф╪╪споч╧╚к╬,2013-11-19 00:1{?,
цЯс╙╧╚к╬,иысз50хк,ио╨ё-фж╤╚пбгЬ,ио╨ё╬ь╥╫пео╒╪╪йУспоч╧╚к╬,2013-11-19 00:1{?,
цЯс╙╧╚к╬,иысз50хк,ио╨ё,ио╨ё╣бмШпео╒©ф╪╪споч╧╚к╬,2013-11-19 00:1{?,
╧ЗфС,10000хкртио,ио╨ё-╩ффжгЬ,╧Зр╘©ь╧и╧З╢Ср╘╥©споч╧╚к╬,2013-11-19 00:1{?,
цЯс╙╧╚к╬,150-500хк,ио╨ё,ио╨ёюкиЁхМ╪Чспоч╧╚к╬,2013-11-19 00:1{?,
╨овй(╥ге╥цю),1000-5000хк,ио╨ё-у╒╠╠гЬ,ио╨ё╠╕вП╣ГвсилнЯспоч╧╚к╬,2013-11-19 00:1{?,
цЯс╙╧╚к╬,150-500хк,ио╨ё,ио╨ё╪╓╤╞мЬбГ╧и╥щспоч╧╚к╬,2013-11-19 00:1{?,
цЯс╙╧╚к╬,иысз50хк,ио╨ё-ЦиппгЬ,ио╨ёр╝╤Вй╣р╣споч╧╚к╬,2013-11-19 00:1{?,
╨овй(╥ге╥цю),50-150хк,ио╨ё,тёхухМ╪Чспоч╧╚к╬,2013-11-19 00:1{?,
╨овй(╥ге╥цю),500-1000хк,ио╨ё,ф╫╟╡©ф╪╪ё╗иНшзё╘споч╧╚к╬,2013-11-19 00:1{?,
цЯс╙╧╚к╬,иысз50хк,ио╨ё-пЛ╩ЦгЬ,ио╨ёдЧ╤эпео╒©ф╪╪споч╧╚к╬,2013-11-19 00:1{?,
мБвй(е╥цю),150-500хк,ио╨ё-фумсгЬ,цкмьхМ╪Чё╗кужщё╘споч╧╚к╬,2013-11-19 00:1{?,
цЯс╙╧╚к╬,иысз50хк,ио╨ё-╨Г©згЬ,ио╨ё╫э╨Хпео╒©ф╪╪споч╧╚к╬,2013-11-19 00:1{?,
╨овй(е╥цю),1000-5000хк,ио╨ё-фж╤╚пбгЬ,ио╨ён╒╢╢хМ╪Ч╧и╥щспоч╧╚к╬,2013-11-19 00:1{?,
цЯс╙╧╚к╬,150-500хк,ио╨ё,ио╨ё╡╘сМнд╩╞╢╚╡╔споч╧╚к╬,2013-11-19 00:1{?,
цЯс╙╧╚к╬,150-500хк,ио╨ё-пЛ╩ЦгЬ,ио╨ёт╡м╗пбаЗ╣ГвсилнЯспоч╧╚к╬,2013-11-19 00:1{?,
цЯс╙╧╚к╬,50-150хк,ио╨ё-фж╤╚пбгЬ,ио╨ё╦ёрЬм╤вйспоч╧╚к╬,2013-11-19 00:1{?,
╧ЗфС,50-150хк,ио╨ё,до╬╘╧ЗНёпен╛хМ╪Чспоч╧╚к╬,2013-11-19 00:1{?,
╨овй(╥ге╥цю),150-500хк,ио╨ё,ио╨ёЙие╥хМ╪Ч╪╪йУспоч╧╚к╬,2013-11-19 00:1{?,
╨овй(╥ге╥цю),500-1000хк,ио╨ё,иЯдт╧З╪й,2013-11-19 00:1{?,
цЯс╙╧╚к╬,150-500хк,ио╨ё-фж╤╚пбгЬ,ио╨ё╣ГрЬпео╒╪╪йУспоч╧╚к╬,2013-11-19 00:1{?,
цЯс╙╧╚к╬,150-500хк,ио╨ё,ио╨ёЦЭжгпео╒©ф╪╪споч╧╚к╬,2013-11-19 00:1{?,
мБвй(е╥цю),1000-5000хк,ио╨ё-у╒╠╠гЬ,╟ёи╜уэё╗жп╧Зё╘споч╧╚к╬у╒╠╠╥ж╧╚к╬,2013-11-19 00:1{?,
н╢ж╙юЮпм,1000-5000хк,ио╨ё,мР╢Опео╒╧и╥щспоч╧╚к╬,2013-11-19 00:1{?,
мБвй(е╥цю),1000-5000хк,ио╨ё,у╧я╤м╗пеё╗ио╨ёё╘споч╧╚к╬,2013-11-19 00:1{?,
цЯс╙╧╚к╬,иысз50хк,ио╨ё-у╒╠╠гЬ,ио╨ён╘нАхк╡е╥ЧнЯспоч╧╚к╬,2013-11-19 00:1{?,
цЯс╙╧╚к╬,150-500хк,ио╨ё-у╒╠╠гЬ,ио╨ёвот╫мЬбГ©ф╪╪споч╧╚к╬,2013-11-19 00:1{?,
╨овй(╥ге╥цю),иысз50хк,ио╨ё-фж╤╚пбгЬ,ио╨ёги╥©пео╒©ф╪╪споч╧╚к╬,2013-11-19 00:1{?,
мБвй(╥ге╥цю),иысз50хк,ио╨ё,ио╨ё╤Вк╧©╜хМ╪Ч©╙╥╒споч╧╚к╬,2013-11-19 00:1{?,
цЯс╙╧╚к╬,50-150хк,ио╨ё-пЛ╩ЦгЬ,ио╨ёсяснмЬбГ╪╪йУспоч╧╚к╬,2013-11-19 00:1{?,
цЯс╙╧╚к╬,иысз50хк,ио╨ё-╨Г©згЬ,ио╨ёГм╧Шпео╒©ф╪╪споч╧╚к╬,2013-11-19 00:1{?,
мБвй(е╥цю),1000-5000хк,ио╨ё,╠╠╬╘сНпервЁо©ф╪╪споч╧╚к╬,2013-11-19 00:1{?,
цЯс╙╧╚к╬,500-1000хк,ио╨ё-╬╡╟╡гЬ,ио╨ёоМя╖мЬбГ©ф╪╪споч╧╚к╬,2013-11-19 00:1{?,
мБвй(е╥цю),500-1000хк,ио╨ё,╟ы╤хтзоъмЬбГ╪╪йУё╗╠╠╬╘ё╘споч╧╚к╬,2013-11-19 00:1{?,
цЯс╙╧╚к╬,50-150хк,ио╨ё-пЛ╩ЦгЬ,ио╨ёЛеаай╣р╣споч╧╚к╬,2013-11-19 00:1{?,
мБвй(е╥цю),50-150хк,ио╨ё,╬цпкпео╒╪╪йУё╗ио╨ёё╘споч╧╚к╬,2013-11-19 00:1{?,
мБвй(е╥цю),150-500хк,ио╨ё,е╥н╗льпео╒о╣мЁё╗ио╨ёё╘споч╧╚к╬,2013-11-19 00:1{?,
╨овй(╥ге╥цю),150-500хк,ио╨ё-фж╤╚пбгЬ,ио╨ёиЙм╝м╤вй╧эюМспоч╧╚к╬,2013-11-19 00:1{?,
н╢ж╙юЮпм,иысз50хк,ио╨ё,ф╩╧Шйзх╗еЮя╣жппдё╗ио╨ё╩╥гРся╨цеЮя╣жппдё╘,2013-11-19 00:1{?,
цЯс╙╧╚к╬,50-150хк,ио╨ё,ио╨ёлЛЁ╘пео╒╪╪йУспоч╧╚к╬,2013-11-19 00:1{?,
цЯс╙╧╚к╬,500-1000хк,ио╨ё,кужщ╧╓р╣т╟гЬаХж╬хМ╪Ч╧и╥щспоч╧╚к╬,2013-11-19 00:1{?,
цЯс╙╧╚к╬,50-150хк,ио╨ё,нД╨╨хза╒©ф╪╪споч╧╚к╬,2013-11-19 00:1{?,
╥гс╞юШ╩З╧╧,иысз50хк,ио╨ё-яНфжгЬ,ио╨ё╟╝н╛бКгЮдЙ╢╢пбжппд,2013-11-19 00:1{?,
цЯс╙╧╚к╬,150-500хк,ио╨ё-пЛ╩ЦгЬ,ио╨ё╩Ц╦╤©ф╪╪споч╧╚к╬,2013-11-19 00:1{?,
цЯс╙╧╚к╬,иысз50хк,ио╨ё,нчнЩЁ╞пе©ф╪╪пео╒о╣мЁспоч╧╚к╬,2013-11-19 00:1{?,
╨овй(╥ге╥цю),150-500хк,ио╨ё-╠╕и╫гЬ,ио╨ём╛╪ц╦ъ╪╪йУспоч╧╚к╬,2013-11-19 00:1{?,
цЯс╙╧╚к╬,иысз50хк,ио╨ё-фж╤╚пбгЬ,ио╨ёиощМмЬбГ©ф╪╪споч╧╚к╬,2013-11-19 00:1{?,
цЯс╙╧╚к╬,500-1000хк,ио╨ё,пеяе╢Оо╣мЁ╧╓Ёл╧и╥щспоч╧╚к╬,2013-11-19 00:1{?,
н╢ж╙юЮпм,иысз50хк,ио╨ё-Ё╓дЧгЬ,ткхМмЬбГ©ф╪╪ё╗ио╨ёё╘споч╧╚к╬,2013-11-19 00:1{?,
цЯс╙╧╚к╬,1000-5000хк,ио╨ё,╠╠╬╘ох╫ЬйЩм╗пео╒╪╪йУ╧и╥щ╧╚к╬,2013-11-19 00:1{?,
цЯс╙╧╚к╬,иысз50хк,ио╨ё-у╒╠╠гЬ,ио╨ёж©еС╥дж╞ф╥споч╧╚к╬,2013-11-19 00:1{?,
мБвй(╥ге╥цю),50-150хк,ио╨ё,╪╙╠╬хМ╪Чё╗ио╨ёё╘споч╧╚к╬,2013-11-19 00:1{?,
цЯс╙╧╚к╬,иысз50хк,ио╨ё-пЛ╩ЦгЬ,ио╨ёв©жбпео╒╪╪йУспоч╧╚к╬,2013-11-19 00:1{?,
мБвй(е╥цю),500-1000хк,ио╨ё,╠╠╬╘пбхЯ╩╔╤╞илр╣мЬбГспоч╧╚к╬ио╨ё╥ж╧╚к╬,2013-11-19 00:1{?,
мБвй(╥ге╥цю),150-500хк,ио╨ё-пЛ╩ЦгЬ,ио╨ё╤╚юШ╤Ю╡мрШ╧эюМспоч╧╚к╬,2013-11-19 00:1{?,
цЯс╙╧╚к╬,50-150хк,ио╨ё,ио╨ё╥Г╦Япео╒╪╪йУспоч╧╚к╬,2013-11-19 00:1{?,
мБвй(╥ге╥цю),500-1000хк,ио╨ё,мЧй╒╪╞ме╗DпЯио╣Гвсё╗ио╨ёё╘споч╧╚к╬,2013-11-19 00:1{?,
цЯс╙╧╚к╬,150-500хк,ио╨ё-пЛ╩ЦгЬ,ио╨ёхз╢Опео╒©ф╪╪споч╧╚к╬,2013-11-19 00:1{?,
мБвй(е╥цю),500-1000хк,ио╨ё,SAP Chinaк╪╟╝фуё╗╠╠╬╘ё╘хМ╪Чо╣мЁспоч╧╚к╬,2013-11-19 00:1{?,
цЯс╙╧╚к╬,150-500хк,ио╨ё-фж╤╚пбгЬ,ио╨ё╤╞а╙пео╒╪╪йУ╧и╥щспоч╧╚к╬,2013-11-19 00:1{?,
н╢ж╙юЮпм,50-150хк,ио╨ё,ио╨ён╢ю╢©М╢Ь╪╪йУ╧и╥щспоч╧╚к╬,2013-11-19 00:1{?,
цЯс╙╧╚к╬,150-500хк,ио╨ё-фж╤╚пбгЬ,ио╨ё╦жхМпео╒╪╪йУ╧╓Ёл╧и╥щспоч╧╚к╬,2013-11-19 00:1{?,
цЯс╙╧╚к╬,500-1000хк,ио╨ё-╠╕и╫гЬ,ио╨ё╦жа╙╣ГвсилнЯ╧и╥щспоч╧╚к╬,2013-11-19 00:1{?,
цЯс╙╧╚к╬,иысз50хк,ио╨ё-пЛ╩ЦгЬ,ио╨ёфСдэхМ╪Ч©ф╪╪споч╧╚к╬,2013-11-19 00:1{?,
цЯс╙╧╚к╬,иысз50хк,ио╨ё-яНфжгЬ,ио╨ёнеуЧ╧эюМвия╞споч╧╚к╬,2013-11-19 00:1{?,
мБвй(е╥цю),иысз50хк,ио╨ё-яНфжгЬ,цкжгхМ╪Чё╗ио╨ёё╘споч╧╚к╬,2013-11-19 00:1{?,
цЯс╙╧╚к╬,150-500хк,ио╨ё,ио╨ёхуЁЖ©ф╪╪споч╧╚к╬,2013-11-19 00:1{?,
мБвй(╥ге╥цю),иысз50хк,ио╨ё-фж╤╚пбгЬ,╤х╦Япео╒©ф╪╪ё╗ио╨ёё╘споч╧╚к╬,2013-11-19 00:1{?,
цЯс╙╧╚к╬,500-1000хк,ио╨ё-фумсгЬ,ио╨ёфК╪рмЬпео╒©ф╪╪╧и╥щспоч╧╚к╬,2013-11-19 00:1{?,
╨овй(╥ге╥цю),50-150хк,ио╨ё-фж╤╚пбгЬ,ио╨ёрзЙихМ╪Ч╪╪йУспоч╧╚к╬,2013-11-19 00:1{?,
цЯс╙╧╚к╬,иысз50хк,ио╨ё-ЦиппгЬ,ио╨ёЯ╢м╗пео╒╪╪йУспоч╧╚к╬,2013-11-19 00:1{?,
цЯс╙╧╚к╬,50-150хк,ио╨ё,ио╨ёкВхЬпео╒©ф╪╪споч╧╚к╬,2013-11-19 00:1{?,
цЯс╙╧╚к╬,50-150хк,ио╨ё-фж╤╚пбгЬ,ио╨ёювлзхМ╪Ч╧и╥щспоч╧╚к╬,2013-11-19 00:1{?,
цЯс╙╧╚к╬,50-150хк,ио╨ё-фж╤╚пбгЬ,ио╨ё╡б╡бмЬбГ©ф╪╪споч╧╚к╬,2013-11-19 00:1{?,
цЯс╙╧╚к╬,50-150хк,ио╨ё,ио╨ё╫ПхСпео╒╪╪йУспоч╧╚к╬,2013-11-19 00:1{?,
цЯс╙╧╚к╬,150-500хк,ио╨ё-фж╤╚пбгЬ,ио╨ё╡╗╩Цм╗пе©ф╪╪споч╧╚к╬,2013-11-19 00:1{?,
цЯс╙╧╚к╬,150-500хк,ио╨ё-пЛ╩ЦгЬ,ио╨ё╥╤йо©ф╪╪м╤вй╥╒у╧╪╞меспоч╧╚к╬,2013-11-19 00:1{?,
╨овй(╥ге╥цю),150-500хк,ио╨ё-фж╤╚пбгЬ,фу©╣╣оё╗╠╠╬╘ё╘йЩбК©ф╪╪╧и╥щспоч╧╚к╬,2013-11-19 00:1{Ъ,
цЯс╙╧╚к╬,50-150хк,ио╨ё,ио╨ё╢╢ЁшмЬбГ©ф╪╪споч╧╚к╬,2013-11-19 00:1{,
мБвй(╥ге╥цю),иысз50хк,ио╨ё,о║ф╥ё╗ио╨ёё╘пео╒©ф╪╪споч╧╚к╬,2013-11-19 00:1{,
╧ЗфС,150-500хк,ио╨ё-пЛ╩ЦгЬ,ио╨ёхЩаЦнюй©пео╒╟╡х╚споч╧╚к╬,2013-11-19 00:1{,
цЯс╙╧╚к╬,50-150хк,ио╨ё,ио╨ё╪Р╢Онд╩╞╢╚╡╔споч╧╚к╬,2013-11-19 00:1{,
цЯс╙╧╚к╬,1000-5000хк,ио╨ё,╨ЦиЗ╣Гвс╧и╥щспоч╧╚к╬,2013-11-19 00:1{,
цЯс╙╧╚к╬,150-500хк,ио╨ё-фумсгЬ,ио╨ёил╩АмЬмЬбГпео╒╪╪йУспоч╧╚к╬,2013-11-19 00:1{,
╨овй(╥ге╥цю),50-150хк,ио╨ё,хПрапео╒©ф╪╪ё╗ио╨ёё╘споч╧╚к╬,2013-11-19 00:1{,
мБвй(е╥цю),500-1000хк,ио╨ё,╡╘йюё╗жп╧Зё╘м╤вйспоч╧╚к╬,2013-11-19 00:1{,
цЯс╙╧╚к╬,50-150хк,ио╨ё-ЦиппгЬ,╧ЦжщнжхзмЬбГ©ф╪╪споч╧╚к╬,2013-11-19 00:1{,
цЯс╙╧╚к╬,500-1000хк,ио╨ё-пЛ╩ЦгЬ,╠╠╬╘╬╜нЁ╨ЦхС©ф╪╪споч╧╚к╬ио╨ё╥ж╧╚к╬,"2013-11-19 00:1{	",
цЯс╙╧╚к╬,500-1000хк,ио╨ё,╠╠╬╘иЯжщл╘тюхМ╪Ч╧и╥щспоч╧╚к╬,2013-11-19 00:1{,
type,guimo,location,name,inserttime,
╥гс╞юШ╩З╧╧,иысз50хк,ио╨ё-пЛ╩ЦгЬ,ио╨ё©ф╪╪жЗюо╥ЧнЯжппд,2013-11-19 00:2{?,
╧ЗфС,50-150хк,ио╨ё-фж╤╚пбгЬ,ио╨ёфж╤╚хМ╪Чф╫л╗споч╧╚к╬,2013-11-19 00:2{?,
╧ЗфС,500-1000хк,ио╨ё,ио╨ёфШЁ╣╧╓р╣оЗйшспоч╧╚к╬,"2013-11-19 00:2{Ъ	",
╧ЗфС,1000-5000хк,ио╨ё,нД╨╨лЛсВпео╒╡Зр╣╧и╥щспоч╧╚к╬,2013-11-19 00:2{,
╧ЗфС,50-150хк,ио╨ё-фумсгЬ,ио╨ёилрЬвйя╤споч╧╚к╬,2013-11-19 00:2{,
╧ЗфС,50-150хк,ио╨ё-пЛ╩ЦгЬ,яК╧Цж╝иЫё╗╠╠╬╘ё╘нд╩╞╢╚ц╫споч╧╚к╬,2013-11-19 00:2{,
╧ЗфС,500-1000хк,ио╨ё,ио╨ё╣Гс╟╧и╥щспоч╧╚к╬,2013-11-19 00:2{',
╧ЗфС,500-1000хк,ио╨ё-фж╤╚пбгЬ,а╙п╬©ф╪╪споч╧╚к╬,2013-11-19 00:2{G,
╧ЗфС,50-150хк,ио╨ё-фж╤╚пбгЬ,╠╠╬╘жпгЮй╒йю╢╚ц╫нд╩╞споч╧╚к╬,2013-11-19 00:2{O,
╧ЗфС,150-500хк,ио╨ё-фж╤╚пбгЬ,ио╨ё╩╙╨Г╪╞Ёи╣Гб╥спочтПхн╧╚к╬,2013-11-19 00:2{S,
╧ЗфС,500-1000хк,ио╨ё,ио╨ёлЛбМн╒╣Гвсспоч╧╚к╬,2013-11-19 00:2{Z,
╧ЗфС,500-1000хк,ио╨ё-пЛ╩ЦгЬ,ио╨ёр╤╨ЛюмнЯ╥ЧнЯспоч╧╚к╬,2013-11-19 00:2{`,
╧ЗфС,150-500хк,ио╨ё,жп╡╘пео╒╪╪йУяп╬©т╨споч╧╚к╬,2013-11-19 00:2{s,
╧ЗфС,500-1000хк,ио╨ё,жпжгио╨ё╬╜╪ц╪╪йУ╨овВ╧╚к╬,2013-11-19 00:2{},
╧ЗфС,1000-5000хк,ио╨ё-фж╤╚пбгЬ,л╚ф╫╧╡оМ╫Пхз╥ЧнЯ(ио╨ё)споч╧╚к╬,2013-11-19 00:2{?,
╧ЗфС,150-500хк,ио╨ё-фж╤╚пбгЬ,жп╧Зхк╠ёвй╡З╧эюМ╧и╥щспоч╧╚к╬,2013-11-19 00:2{?,
╧ЗфС,150-500хк,ио╨ё,уЦ╫╜жпжг╬╜╪ц╪╪йУ╥ЧнЯспоч╧╚к╬,2013-11-19 00:2{?,
╧ЗфС,1000-5000хк,ио╨ё-фж╤╚пбгЬ,╤╚╨ёж╓х╞╧и╥щспоч╧╚к╬,2013-11-19 00:2{?,
╧ЗфС,10000хкртио,ио╨ё,к╚г╝╪╞ме╧и╥щспоч╧╚к╬,2013-11-19 00:2{?,
╧ЗфС,50-150хк,ио╨ё-у╒╠╠гЬ,ио╨ёы╓юШбт╣╪╨╫споч╧╚к╬,2013-11-19 00:2{?,
╧ЗфС,50-150хк,ио╨ё-пЛ╩ЦгЬ,ио╨ё╧╚сцйбр╣вт╤╞╩╞╧╓Ёлспоч╧╚к╬,2013-11-19 00:2{?,
╧ЗфС,10000хкртио,ио╨ё,жппкм╗я╤╧и╥щспоч╧╚к╬,2013-11-19 00:2{?,
╧ЗфС,150-500хк,ио╨ё-╬╡╟╡гЬ,пбцЯмЬ,2013-11-19 00:2{?,
╧ЗфС,150-500хк,ио╨ё-пЛ╩ЦгЬ,ио╨ёсек╪м╗пе©ф╪╪споч╧╚к╬,2013-11-19 00:2{?,
╧ЗфС,500-1000хк,ио╨ё,╢Слф╣Гпе©ф╪╪╧и╥щспоч╧╚к╬,2013-11-19 00:2{?,
╧ЗфС,500-1000хк,ио╨ё,пкр╣ж╓х╞╧и╥щспоч╧╚к╬,2013-11-19 00:2{,
╧ЗфС,иысз50хк,ио╨ё-пЛ╩ЦгЬ,ио╨ёжп©фпбиЗцЭиЗнО©ф╪╪споч╧╚к╬,2013-11-19 00:2{%,
╧ЗфС,500-1000хк,ио╨ё-фж╤╚пбгЬ,╩╙л╘Ё╓Ёгфз╩Успоч╧╚к╬,2013-11-19 00:2{0,
╧ЗфС,иысз50хк,ио╨ё-ЦиппгЬ,ио╨ё╟╝пее╣╨╫п╬╣Гвс©ф╪╪споч╧╚к╬,2013-11-19 00:2{9,
╧ЗфС,500-1000хк,ио╨ё-фж╤╚пбгЬ,╧Б╢Сж╓х╞╧и╥щспоч╧╚к╬,2013-11-19 00:2{I,
╧ЗфС,500-1000хк,ио╨ё-фж╤╚пбгЬ,╤╚╥╫споъмЬбГспоч╧╚к╬,2013-11-19 00:2{p,
╧ЗфС,50-150хк,ио╨ё-пЛ╩ЦгЬ,ио╨ёиЙ╡╘пео╒о╣мЁ╧╓Ёлспоч╧╚к╬,2013-11-19 00:2{u,
╧ЗфС,150-500хк,ио╨ё-фж╤╚пбгЬ,ио╨ёрЬа╙╣Гвсж╖╦╤╥ЧнЯспоч╧╚к╬,2013-11-19 00:2{~,
╧ЗфС,500-1000хк,ио╨ё-пЛ╩ЦгЬ,жп╣Г©фхМ╪Чпео╒╥ЧнЯспоч╧╚к╬,2013-11-19 00:2{?,
╧ЗфС,500-1000хк,ио╨ё,жп╧З╫Пц╞(╪╞ме)споч╧╚к╬,2013-11-19 00:2{?,
╧ЗфС,150-500хк,ио╨ё,╩╙╠╕ж╓х╞спочтПхн╧╚к╬,2013-11-19 00:2{?,
╧ЗфС,150-500хк,ио╨ё,ио╨ёрзм╗╧З╪й╧и╥щспоч╧╚к╬,2013-11-19 00:2{,
╧ЗфС,500-1000хк,ио╨ё,╨ём╗ж╓х╞х╚╧Звэ╡©,2013-11-19 00:2{%,
╧ЗфС,500-1000хк,ио╨ё-пЛ╩ЦгЬ,фу╩╙╩Ы╢║хМ╪Ч╧и╥щспоч╧╚к╬,2013-11-19 00:2{&,
╧ЗфС,5000-10000хк,ио╨ё,жп╧Зм╗пе╥ЧнЯио╨ё╧╚к╬,2013-11-19 00:2{T,
╧ЗфС,иысз50хк,ио╨ё,ио╨ё╤╚╥╫╧З╪й╢╚ц╫хк╡еспоч╧╚к╬,2013-11-19 00:2{X,
╧ЗфС,5000-10000хк,ио╨ё,╧Зл╘╬Щ╟╡ж╓х╞╧и╥щспоч╧╚к╬,2013-11-19 00:2{Y,
╧ЗфС,150-500хк,ио╨ё-фж╤╚пбгЬ,ио╨ёфШЁ╣╫ЬЁЖ©зспоч╧╚к╬,2013-11-19 00:2{?,
╧ЗфС,150-500хк,ио╨ё-фж╤╚пбгЬ,жп╨ёмЬбГ©ф╪╪╧и╥щспоч╧╚к╬,2013-11-19 00:2{?,
╧ЗфС,50-150хк,ио╨ё-у╒╠╠гЬ,ио╨ё╩╙╧з╣ГвсиХ╠╦спочтПхн╧╚к╬,2013-11-19 00:2{?,
╧ЗфС,5000-10000хк,ио╨ё,л╚ф╫╣ГвсилнЯспоч╧╚к╬,2013-11-19 00:2{?,
╧ЗфС,500-1000хк,ио╨ё,ио╨ё╤╚╨фхка╕вйт╢споч╧╚к╬,2013-11-19 00:2{?,
╧ЗфС,150-500хк,ио╨ё-ЦиппгЬ,ио╨ё╦╢╨о╡дао©ф╪╪споч╧╚к╬,2013-11-19 00:2{?,
╧ЗфС,иысз50хк,ио╨ё-яНфжгЬ,жп╨╫льв╟ио╨ё╪╪йУжппд,2013-11-19 00:2{?,
╧ЗфС,иысз50хк,ио╨ё-фж╤╚пбгЬ,ио╨ё╤╞бЧ╧╚╧╡╪╪йУ╥ЧнЯф╫л╗ткс╙╧эюМспоч╧╚к╬,2013-11-19 00:2{,
╧ЗфС,1000-5000хк,ио╨ё-фж╤╚пбгЬ,жп╧З╢С╣ь╡ф╡З╠ёоу╧и╥щспоч╧╚к╬,2013-11-19 00:2{,
╧ЗфС,500-1000хк,ио╨ё,ио╨ёйпсйуЧ╧╚к╬,2013-11-19 00:2{1,
╧ЗфС,50-150хк,ио╨ё-ЦиппгЬ,ио╨ёяЗс╝╪фкЦ╩З©ф╪╪споч╧╚к╬,2013-11-19 00:2{U,
╧ЗфС,500-1000хк,ио╨ё-фж╤╚пбгЬ,ио╨ё©фк╪╢ОмЬбГпео╒вия╞╥ЧнЯспоч╧╚к╬,2013-11-19 00:2{g,
╧ЗфС,150-500хк,ио╨ё-пЛ╩ЦгЬ,ио╨ёйпт╟ажиХ╪фт╨споч╧╚к╬,2013-11-19 00:2{l,
╧ЗфС,50-150хк,ио╨ё-фж╤╚пбгЬ,ио╨ёйЩвж╣Гйс╧З╪р╧╓Ёляп╬©жппдспоч╧╚к╬,2013-11-19 00:2{m,
╧ЗфС,500-1000хк,ио╨ё-у╒╠╠гЬ,ио╨ём╗╨е╧Л╣ю╫╩м╗╧╓Ёл╪╪йУяп╬©жппдспоч╧╚к╬,2013-11-19 00:2{?,
╧ЗфС,иысз50хк,ио╨ё,╫П╨╫йЩбК©ф╪╪спочтПхн╧╚к╬ио╨ё╥ж╧╚к╬,2013-11-19 00:2?,
╧ЗфС,50-150хк,ио╨ё,ио╨ёж╓х╞м╗песпочтПхн╧╚к╬,11/19/2013 0:02,
╨овй(╥ге╥цю),50-150хк,ио╨ё,╠╠╬╘пббЖт╤мШ©ф╪╪споч╧╚к╬,2013-11-19 00:2{?,
╨овй(╥ге╥цю),50-150хк,ио╨ё-у╒╠╠гЬ,ио╨ё╫Пйк╢ОнюдЧхМ╪Ч©ф╪╪споч╧╚к╬,2013-11-19 00:2{?,
╨овй(╥ге╥цю),150-500хк,ио╨ё-ЦиппгЬ,ю╜тЗк╧мЬбГ©ф╪╪ё╗ио╨ёё╘споч╧╚к╬,2013-11-19 00:2{?,
╨овй(╥ге╥цю),иысз50хк,ио╨ё,ио╨ёбЕ╣цилнЯвия╞споч╧╚к╬,2013-11-19 00:2{?,
╨овй(╥ге╥цю),500-1000хк,ио╨ё,бС╟Э╟Э,2013-11-19 00:2{?,
╨овй(╥ге╥цю),150-500хк,ио╨ё-╨Г©згЬ,ио╨ё╟╡пюиЗ╩Нпео╒©ф╪╪споч╧╚к╬,2013-11-19 00:2{?,
╨овй(╥ге╥цю),50-150хк,ио╨ё,ио╨ём╪нЁ╥©╣ь╡З╬╜╪мспоч╧╚к╬,2013-11-19 00:2{?,
╨овй(╥ге╥цю),1000-5000хк,ио╨ё-пЛ╩ЦгЬ,ио╨ёрФцкхМ╪Ч╪╪йУ╧и╥щспоч╧╚к╬/рФцк╡ыелйж,2013-11-19 00:2{?,
╨овй(╥ге╥цю),500-1000хк,ио╨ё-ЦиппгЬ,ио╨ёрФцк╡ыелйжж╓х╞яп╬©споч╧╚к╬,2013-11-19 00:2{?,
╨овй(╥ге╥цю),150-500хк,ио╨ё,ио╨ё╬╘рцпео╒©ф╪╪споч╧╚к╬,2013-11-19 00:2{,
╨овй(╥ге╥цю),50-150хк,ио╨ё-ЦиппгЬ,ио╨ёрад╚╣ГвсилнЯспоч╧╚к╬,2013-11-19 00:2{,
╨овй(╥ге╥цю),иысз50хк,ио╨ё-ЦиппгЬ,ио╨ё╧г╤ДхМ╪Ч╪╪йУспоч╧╚к╬,2013-11-19 00:2{,
╨овй(╥ге╥цю),иысз50хк,ио╨ё-Ё╓дЧгЬ,╢Са╛яглЛ╣билнЯвия╞споч╧╚к╬,2013-11-19 00:2{(,
╨овй(╥ге╥цю),500-1000хк,ио╨ё-ЦиппгЬ,ио╨ёрацюльй╣р╣споч╧╚к╬,2013-11-19 00:2{,
╨овй(╥ге╥цю),иысз50хк,ио╨ё-фж╤╚пбгЬ,ио╨ёй╒ЖОмЬбГ©ф╪╪споч╧╚к╬,2013-11-19 00:2{8,
╨овй(╥ге╥цю),50-150хк,ио╨ё,ио╨ё╥╡╣оиЗнО©ф╪╪споч╧╚к╬,2013-11-19 00:2{?,
╨овй(╥ге╥цю),500-1000хк,ио╨ё-фж╤╚пбгЬ,лЛ╫Р╩ф╫Пху╧С╫ПйТ╬╜с╙споч╧╚к╬,2013-11-19 00:2{N,
╨овй(╥ге╥цю),50-150хк,ио╨ё-╠╕и╫гЬ,ио╨ёцВдб╣Гвс©ф╪╪споч╧╚к╬,2013-11-19 00:2{T,
╨овй(╥ге╥цю),500-1000хк,ио╨ё-гЮфжгЬ,ио╨ё╩Ум╗лЛобе╘╡Зф╥споч╧╚к╬,2013-11-19 00:2{b,
╨овй(╥ге╥цю),500-1000хк,ио╨ё-фж╤╚пбгЬ,©╔Ёш╡ж╢╒нОаВ╧эюМспоч╧╚к╬,2013-11-19 00:2{e,
╨овй(╥ге╥цю),иысз50хк,ио╨ё,ио╨ё╬╚гехк╡е╥ЧнЯспоч╧╚к╬,2013-11-19 00:2{{,
╨овй(╥ге╥цю),500-1000хк,ио╨ё-фж╤╚пбгЬ,ж╟т╣хка╕вйт╢ё╗ио╨ёё╘споч╧╚к╬,2013-11-19 00:2{?,
╨овй(╥ге╥цю),иысз50хк,ио╨ё,ио╨ёху╨КфСр╣╧эюМвия╞споч╧╚к╬,2013-11-19 00:2{?,
╨овй(╥ге╥цю),50-150хк,ио╨ё,ио╨ёх╚╤╕пео╒╪╪йУспоч╧╚к╬,2013-11-19 00:2{?,
╨овй(╥ге╥цю),150-500хк,ио╨ё-фж╤╚пбгЬ,Ё╓иЗхкйы╠ёоуспоч╧╚к╬,2013-11-19 00:2{?,
╨овй(╥ге╥цю),50-150хк,ио╨ё-Ё╓дЧгЬ,ио╨ёйстфмЬбГ©ф╪╪споч╧╚к╬,2013-11-19 00:2{?,
╨овй(╥ге╥цю),50-150хк,ио╨ё-фж╤╚пбгЬ,ио╨ём╗а╙╫Пхз©ф╪╪╥╒у╧споч╧╚к╬,2013-11-19 00:2{?,
╨овй(╥ге╥цю),иысз50хк,ио╨ё-╩ффжгЬ,╠╠╬╘╨╨к╪©фс╙оЗ╡ъ╩╝спочтПхн╧╚к╬ио╨ё╥ж╧╚к╬,2013-11-19 00:2{?,
╨овй(╥ге╥цю),50-150хк,ио╨ё-╬╡╟╡гЬ,ио╨ё╨╨сНнд╩╞╢╚╡╔споч╧╚к╬,2013-11-19 00:2{?,
╨овй(╥ге╥цю),иысз50хк,ио╨ё,ио╨ёс╒╢О╧З╪йхк╡еспоч╧╚к╬,2013-11-19 00:2{?,
╨овй(╥ге╥цю),500-1000хк,ио╨ё,╫╜ку╟╛ю╪╣цс╙яЬф╥споч╧╚к╬,2013-11-19 00:2{?,
╨овй(╥ге╥цю),150-500хк,ио╨ё-╠╕и╫гЬ,ио╨ёи╜яг╩УнОткйД╢ЗюМспоч╧╚к╬,2013-11-19 00:2{,
╨овй(╥ге╥цю),150-500хк,ио╨ё-╨Г©згЬ,льхП╤Шё╗ио╨ёё╘м╤вй╧эюМспоч╧╚к╬,2013-11-19 00:2{,
╨овй(╥ге╥цю),50-150хк,ио╨ё-яНфжгЬ,ио╨ё╦╢оМргфВиХ╠╦споч╧╚к╬,2013-11-19 00:2{,
╨овй(╥ге╥цю),иысз50хк,ио╨ё-фж╤╚пбгЬ,ио╨ёфК╨Йпео╒╪╪йУспоч╧╚к╬,2013-11-19 00:2{&,
╨овй(╥ге╥цю),50-150хк,ио╨ё-фумсгЬ,е╕╠Жюж╧З╪йцЁрвё╗ио╨ёё╘споч╧╚к╬,2013-11-19 00:2{-,
╨овй(╥ге╥цю),иысз50хк,ио╨ё,ио╨ё╨уФКфСр╣╧эюМвия╞споч╧╚к╬,2013-11-19 00:2{4,
╨овй(╥ге╥цю),150-500хк,ио╨ё,ио╨ё╩╙КЮ©ф╪╪споч╧╚к╬,2013-11-19 00:2{=,
╨овй(╥ге╥цю),150-500хк,ио╨ё,оццехзм╗пео╒╪╪йУспочтПхн╧╚к╬,2013-11-19 00:2{?,
╨овй(╥ге╥цю),50-150хк,ио╨ё-фумсгЬ,ио╨ёпбмЬЁлпео╒╪╪йУ╧и╥щспоч╧╚к╬,2013-11-19 00:2{E,
╨овй(╥ге╥цю),иысз50хк,ио╨ё-фумсгЬ,ио╨ё╩╙╟╨илнЯвия╞споч╧╚к╬,2013-11-19 00:2{,
╨овй(╥ге╥цю),иысз50хк,ио╨ё-Ё╓дЧгЬ,ио╨ёгС╡╫иЙягпео╒о╣мЁспоч╧╚к╬,2013-11-19 00:2{?,
╨овй(╥ге╥цю),500-1000хк,ио╨ё-╪н╤╗гЬ,ио╨ёп║ТИЁ╣╣фспоч╧╚к╬,2013-11-19 00:2{?,
╨овй(╥ге╥цю),иысз50хк,ио╨ё-фж╤╚пбгЬ,ио╨ё╣оаапео╒©ф╪╪споч╧╚к╬,2013-11-19 00:2{?,
╨овй(╥ге╥цю),иысз50хк,ио╨ё-фумсгЬ,ио╨ёЙь╠╢пео╒©ф╪╪споч╧╚к╬,2013-11-19 00:2{?,
╨овй(╥ге╥цю),иысз50хк,ио╨ё,хЩт╩ё╗ио╨ёё╘мЬбГ©ф╪╪╧╚к╬,2013-11-19 00:2╢В1╢В1H,
╨овй(╥ге╥цю),50-150хк,ио╨ё,ио╨ё╦╔с╒╨ивйя╤споч╧╚к╬,2013-11-19 00:2{?,
╨овй(╥ге╥цю),50-150хк,ио╨ё-фж╤╚пбгЬ,ио╨ё╟в╨ГхМ╪Ч©ф╪╪╧и╥щспоч╧╚к╬,2013-11-19 00:2{?,
╨овй(╥ге╥цю),50-150хк,ио╨ё-фж╤╚пбгЬ,хЭЁо╧З╪йнОаВспоч╧╚к╬иНшз╥ж╧╚к╬,2013-11-19 00:2{?,
╨овй(╥ге╥цю),50-150хк,ио╨ё,т╡песю╥А╩Ы╫П╧эюМспоч╧╚к╬ё╗ЁОё╘,2013-11-19 00:2{?,
╨овй(╥ге╥цю),150-500хк,ио╨ё-яНфжгЬ,ио╨ё╨о╨опео╒©ф╪╪╥╒у╧споч╧╚к╬,2013-11-19 00:2{?,
╨овй(╥ге╥цю),50-150хк,ио╨ё-╩ффжгЬ,ио╨ё╩щА╟мЬбГ©ф╪╪споч╧╚к╬,2013-11-19 00:2{?,
╨овй(╥ге╥цю),иысз50хк,ио╨ё-ЦиппгЬ,ио╨ёл╘н╒пео╒©ф╪╪споч╧╚к╬,"2013-11-19 00:2{	",
╨овй(╥ге╥цю),50-150хк,ио╨ё-фж╤╚пбгЬ,ио╨ё╠╕лыиЗнОр╫р╘©ф╪╪споч╧╚к╬,2013-11-19 00:2{ ,
╨овй(╥ге╥цю),1000-5000хк,ио╨ё-фж╤╚пбгЬ,╠╠╢С╥╫уЩхкйы╠ёоуспоч╧╚к╬,2013-11-19 00:2{',
╨овй(╥ге╥цю),150-500хк,ио╨ё-фж╤╚пбгЬ,нД╨╨хП╣ой╠╢ЗхМ╪Ч╪╪йУспоч╧╚к╬,2013-11-19 00:2{0,
╨овй(╥ге╥цю),50-150хк,ио╨ё-фж╤╚пбгЬ,╦╔АБмЧжгдэ╩ЗфВхк©ф╪╪ё╗ио╨ёё╘споч╧╚к╬,2013-11-19 00:2{4,
╨овй(╥ге╥цю),1000-5000хк,ио╨ё,╫╗пехкйы╠ёоуспоч╧╚к╬,2013-11-19 00:2{8,
╨овй(╥ге╥цю),иысз50хк,ио╨ё-фж╤╚пбгЬ,ио╨ёл╘╠кпео╒©ф╪╪споч╧╚к╬,2013-11-19 00:2{C,
╨овй(╥ге╥цю),50-150хк,ио╨ё-яНфжгЬ,ио╨ёпб╫Г╩╙пюнОа╙мЬ©ф╪╪споч╧╚к╬,2013-11-19 00:2{Q,
╨овй(╥ге╥цю),иысз50хк,ио╨ё,ио╨ёк╤хйпео╒╪╪йУспоч╧╚к╬,2013-11-19 00:2{Z,
╨овй(╥ге╥цю),иысз50хк,ио╨ё-яНфжгЬ,╢СмэйЩвж©ф╪╪ё╗ио╨ёё╘споч╧╚к╬,2013-11-19 00:2{],
╨овй(╥ге╥цю),50-150хк,ио╨ё-пЛ╩ЦгЬ,ио╨ё╨Хн╛пео╒╪╪йУспоч╧╚к╬,2013-11-19 00:2{e,
╨овй(╥ге╥цю),150-500хк,ио╨ё,у╧лфм╗я╤©ф╪╪ё╗ио╨ёё╘╧и╥щспоч╧╚к╬,2013-11-19 00:2{h,
╨овй(╥ге╥цю),иысз50хк,ио╨ё-фж╤╚пбгЬ,ио╨ёхз©╜мЬбГ©ф╪╪споч╧╚к╬,2013-11-19 00:2{l,
╨овй(╥ге╥цю),50-150хк,ио╨ё-фж╤╚пбгЬ,ио╨ё╫ПЁ╡й╣р╣споч╧╚к╬,2013-11-19 00:2{r,
╨овй(╥ге╥цю),150-500хк,ио╨ё-ки╫╜гЬ,ио╨ё╪╙рз╣Г╩Зспоч╧╚к╬,2013-11-19 00:2{?,
╨овй(╥ге╥цю),иысз50хк,ио╨ё,жбоК╧эюМвия╞ё╗ио╨ёё╘споч╧╚к╬,2013-11-19 00:2{?,
╨овй(╥ге╥цю),150-500хк,ио╨ё-╨Г©згЬ,хуа╒ё╗жп╧Зё╘пео╒о╣мЁспоч╧╚к╬,2013-11-19 00:2{?,
╨овй(╥ге╥цю),иысз50хк,ио╨ё,ио╨ёпеппхМ╪Чспоч╧╚к╬,2013-11-19 00:2{?,
╨овй(╥ге╥цю),500-1000хк,ио╨ё-Ё╓дЧгЬ,хум╗╧З╪йнОаВё╗жп╧Зё╘споч╧╚к╬ио╨ё╥ж╧╚к╬,2013-11-19 00:2{?,
╨овй(╥ге╥цю),иысз50хк,ио╨ё-фж╤╚пбгЬ,ио╨ё©╣пехзвйвБачспоч╧╚к╬,2013-11-19 00:2{?,
╨овй(╥ге╥цю),50-150хк,ио╨ё-фж╤╚пбгЬ,ио╨ёс╞╥╫н╒╣Гвс╧и╥щспоч╧╚к╬,2013-11-19 00:2{?,
╨овй(╥ге╥цю),500-1000хк,ио╨ё-фж╤╚пбгЬ,ио╨ёмР╩╖мЬбГ╪╪йУспоч╧╚к╬,2013-11-19 00:2{,
╨овй(╥ге╥цю),50-150хк,ио╨ё,ио╨ёеии╜е╣иЗнО©ф╪╪споч╧╚к╬,2013-11-19 00:2{',
╨овй(╥ге╥цю),5000-10000хк,ио╨ё,╩╥пЯ╣Гвс╧и╥щспоч╧╚к╬,2013-11-19 00:2{,
╨овй(╥ге╥цю),50-150хк,ио╨ё-ки╫╜гЬ,иою╫ё╗ио╨ёё╘нОаВспоч╧╚к╬,2013-11-19 00:2{<,
╨овй(╥ге╥цю),150-500хк,ио╨ё-пЛ╩ЦгЬ,ио╨ё╢ОрБцюй╘йпЁ║с╙оЗ╡ъ╩╝споч╧╚к╬,2013-11-19 00:2{D,
╨овй(╥ге╥цю),50-150хк,ио╨ё,н╛©Аё╗ио╨ёё╘пео╒©ф╪╪споч╧╚к╬,2013-11-19 00:2{K,
╨овй(╥ге╥цю),50-150хк,ио╨ё-пЛ╩ЦгЬ,Г║╪╞мЬбГ©ф╪╪споч╧╚к╬,2013-11-19 00:2{P,
╨овй(╥ге╥цю),иысз50хк,ио╨ё-пЛ╩ЦгЬ,CPGё╗╠╠╬╘ё╘©ф╪╪споч╧╚к╬,2013-11-19 00:2{v,
╨овй(╥ге╥цю),50-150хк,ио╨ё-ЦиппгЬ,╠Йв╪╪╞меё╗оЦ╦шё╘споч╧╚к╬,2013-11-19 00:2{?,
╨овй(╥ге╥цю),иысз50хк,ио╨ё-фж╤╚пбгЬ,ио╨ёпе╨ом╤вй╧эюМспоч╧╚к╬,2013-11-19 00:2{?,
╨овй(е╥цю),иысз50хк,ио╨ё-Ё╓дЧгЬ,╨╪жщс╒╥еиЗнО©ф╪╪споч╧╚к╬,2013-11-19 00:2{,
╨овй(е╥цю),иысз50хк,ио╨ё,нВ╟╡к╪©фльхМ╪Чспоч╧╚к╬,2013-11-19 00:2{,
╨овй(е╥цю),150-500хк,ио╨ё,╠╠╬╘ж╙пп╩ш©ф╫лсЩ©ф╪╪споч╧╚к╬,2013-11-19 00:2{,
╨овй(е╥цю),50-150хк,ио╨ё-пЛ╩ЦгЬ,дэн║╣ГфЬо╣мЁё╗ио╨ёё╘споч╧╚к╬,2013-11-19 00:2{#,
╨овй(е╥цю),150-500хк,ио╨ё-ки╫╜гЬ,©╗хЯфШЁ╣о╣мЁё╗ио╨ёё╘споч╧╚к╬,2013-11-19 00:2{=,
╨овй(е╥цю),500-1000хк,ио╨ё-фумсгЬ,╨Лпгцю©╜аЗ╧З╪й╪р╬са╛кЬ(╪╞ме),2013-11-19 00:2{>,
╨овй(е╥цю),50-150хк,ио╨ё-пЛ╩ЦгЬ,ио╨ё╩╙рыйЩбК©ф╪╪споч╧╚к╬,2013-11-19 00:2{],
╨овй(е╥цю),500-1000хк,ио╨ё,╣бгз╩╙сю╩А╪фй╕йбнЯкЫё╗льйБфум╗╨о╩Оё╘,2013-11-19 00:2{^,
╨овй(е╥цю),50-150хк,ио╨ё-фж╤╚пбгЬ,ио╨ё╫щ╪Щпео╒©ф╪╪споч╧╚к╬,2013-11-19 00:2{y,
╨овй(е╥цю),500-1000хк,ио╨ё,жпцюа╙л╘╢С╤╪╩Ахкйы╠ёоуспоч╧╚к╬,2013-11-19 00:2{|,
╨овй(е╥цю),500-1000хк,ио╨ё-фж╤╚пбгЬ,╨ё©╣хкйы╠ёоуспоч╧╚к╬,2013-11-19 00:2{─,
╨овй(е╥цю),иысз50хк,ио╨ё,╠╠╬╘рв╥╫сехка╕вйт╢споч╧╚к╬,2013-11-19 00:2{?,
╨овй(е╥цю),50-150хк,ио╨ё,ио╨ёрБ╠╢к╧льпео╒╪╪йУспоч╧╚к╬,2013-11-19 00:2{?,
╨овй(е╥цю),500-1000хк,ио╨ё,Alcatel-Lucent RU China ╟╒╤Ш©╗льюйя╤жп╧ЗгЬ,2013-11-19 00:2{?,
╨овй(е╥цю),50-150хк,ио╨ё-пЛ╩ЦгЬ,ио╨ёбС©к╥Гнд╩╞╢╚ц╫споч╧╚к╬,2013-11-19 00:2{,
╨овй(е╥цю),150-500хк,ио╨ё,ио╨ёсейкхк╡е╥ЧнЯспоч╧╚к╬,2013-11-19 00:2{,
╨овй(е╥цю),500-1000хк,ио╨ё,╤╕гем╗пе╪╪йУспоч╧╚к╬,2013-11-19 00:2{,
╨овй(е╥цю),150-500хк,ио╨ё,╨ц╨╒вс╨цбХъДаЦйшспоч╧╚к╬,2013-11-19 00:2{;,
╨овй(е╥цю),500-1000хк,ио╨ё-фж╤╚пбгЬ,ио╨ёдилЗ╦ё╢╚╤╞жАспоч╧╚к╬,2013-11-19 00:2{\,
╨овй(е╥цю),500-1000хк,ио╨ё-╬╡╟╡гЬ,╠╠╬╘рФфукВйпЁ║вия╞споч╧╚к╬,2013-11-19 00:2{^,
╨овй(е╥цю),150-500хк,ио╨ё,жз╨о╢╢р╣м╤вй╧эюМспоч╧╚к╬,2013-11-19 00:2{f,
╨овй(е╥цю),50-150хк,ио╨ё-пЛ╩ЦгЬ,ио╨ё╨╨оХпео╒╪╪йУспоч╧╚к╬,2013-11-19 00:2{k,
╨овй(е╥цю),500-1000хк,ио╨ё,е╣яг╡ф╦╩╧эюМжппд,2013-11-19 00:2{s,
╨овй(е╥цю),иысз50хк,ио╨ё-фж╤╚пбгЬ,ио╨ёж╙фупео╒©ф╪╪споч╧╚к╬,2013-11-19 00:2{{,
╨овй(е╥цю),150-500хк,ио╨ё-фж╤╚пбгЬ,╨ё╦╩м╗╩Ы╫П╧эюМспоч╧╚к╬,2013-11-19 00:2{?,
╨овй(е╥цю),500-1000хк,ио╨ё-фж╤╚пбгЬ,ио╨ё╧З╪йжВлБюжт╟споч╧╚к╬,2013-11-19 00:2{O,
╨овй(е╥цю),150-500хк,ио╨ё-Ё╓дЧгЬ,ио╨ё╫╜и╜вт©ьфШЁ╣╣Гвсспоч╧╚к╬,2013-11-19 00:2{_,
╨овй(е╥цю),150-500хк,ио╨ё,Lightspeed Research,2013-11-19 00:2{u,
╨овй(е╥цю),иысз50хк,ио╨ё-б╛мЕгЬ,ио╨ёдАфФ╧Ц╦Фспоч╧╚к╬,2013-11-19 00:2{?,
╨овй(е╥цю),150-500хк,ио╨ё-фж╤╚пбгЬ,╠╠╬╘╟╝╫щ©ф©ф╪╪споч╧╚к╬,2013-11-19 00:2{?,
╨овй(е╥цю),500-1000хк,ио╨ё,╧шжбфШЁ╣споч╧╚к╬,2013-11-19 00:2{?,
╨овй(е╥цю),500-1000хк,ио╨ё,дЧ╡╗╤еяг╩З╣Г╪╪йУспоч╧╚к╬,2013-11-19 00:2{H,
╨овй(е╥цю),иысз50хк,ио╨ё-фумсгЬ,ио╨ё╟╛лфнд╩╞╢╚╡╔споч╧╚к╬,2013-11-19 00:2{q,
╨овй(е╥цю),иысз50хк,ио╨ё-пЛ╩ЦгЬ,ох╫Ьм╗а©ё╗ио╨ёё╘иЗнО╪╪йУспоч╧╚к╬,2013-11-19 00:2{?,
╨овй(е╥цю),50-150хк,ио╨ё-фж╤╚пбгЬ,ио╨ё©фаЛхМ╪Ч╪╪йУспоч╧╚к╬,2013-11-19 00:2{?,
╨овй(е╥цю),50-150хк,ио╨ё-ЦиппгЬ,Е╚еТаЗё╗ио╨ёё╘вт╤╞╩╞иХ╠╦споч╧╚к╬,2013-11-19 00:2{?,
цЯс╙╧╚к╬,50-150хк,ио╨ё,╨ЧдокятфмЬбГ©ф╪╪споч╧╚к╬,2013-11-19 00:2{?,
цЯс╙╧╚к╬,500-1000хк,ио╨ё-фж╤╚пбгЬ,ио╨ёхЩнй╧З╪йцЁрвспоч╧╚к╬,2013-11-19 00:2{?,
цЯс╙╧╚к╬,иысз50хк,ио╨ё-яНфжгЬ,ио╨ёюжцнфПт╢╤╞бЧ©ф╪╪споч╧╚к╬,2013-11-19 00:2{?,
цЯс╙╧╚к╬,иысз50хк,ио╨ё,фФ╪млЛ╡й©ф╪╪споч╧╚к╬,2013-11-19 00:2{?,
цЯс╙╧╚к╬,иысз50хк,ио╨ё-╨Г©згЬ,ио╨ё╫ЯЙмпео╒©ф╪╪споч╧╚к╬,2013-11-19 00:2{?,
цЯс╙╧╚к╬,иысз50хк,ио╨ё,ио╨ёк╚фумЬбГ╪╪йУ╥ЧнЯспоч╧╚к╬,2013-11-19 00:2{?,
цЯс╙╧╚к╬,50-150хк,ио╨ё-Ё╓дЧгЬ,ио╨ё╬Щ╣ьиЗл╛е╘р╣©ф╪╪споч╧╚к╬,2013-11-19 00:2{?,
цЯс╙╧╚к╬,иысз50хк,ио╨ё,ио╨ё╡╘ж╝╧Бр╫аф©ф╪╪споч╧╚к╬,2013-11-19 00:2{?,
цЯс╙╧╚к╬,50-150хк,ио╨ё-у╒╠╠гЬ,ио╨ёцкл╘пео╒©ф╪╪споч╧╚к╬,2013-11-19 00:2{?,
цЯс╙╧╚к╬,500-1000хк,ио╨ё,ио╨ёмР╢╢нёоуф╥нОаВспоч╧╚к╬,2013-11-19 00:2{?,
цЯс╙╧╚к╬,150-500хк,ио╨ё,ио╨ёгЮЁхй╣р╣споч╧╚к╬,2013-11-19 00:2{?,
цЯс╙╧╚к╬,иысз50хк,ио╨ё,ио╨ёяКя╤пео╒©ф╪╪споч╧╚к╬,2013-11-19 00:2{?,
цЯс╙╧╚к╬,иысз50хк,ио╨ё-фж╤╚пбгЬ,╬ч╥Чё╗ио╨ёё╘пео╒©ф╪╪споч╧╚к╬,2013-11-19 00:2{?,
цЯс╙╧╚к╬,150-500хк,ио╨ё-яНфжгЬ,до╬╘╨ёл╘р╫афпео╒о╣мЁспоч╧╚к╬,2013-11-19 00:2{?,
цЯс╙╧╚к╬,150-500хк,ио╨ё-╨Г©згЬ,ио╨ё╫ПЁл╧З╪й╫Пхзв╗пчя╖т╨,2013-11-19 00:2{?,
цЯс╙╧╚к╬,50-150хк,ио╨ё-пЛ╩ЦгЬ,ио╨ё╟╛и╞пео╒©ф╪╪споч╧╚к╬,2013-11-19 00:2{?,
цЯс╙╧╚к╬,500-1000хк,ио╨ё,й╒©╣╧З╪й©ь╧и╧и╥щспоч╧╚к╬,2013-11-19 00:2{?,
цЯс╙╧╚к╬,50-150хк,ио╨ё-фж╤╚пбгЬ,ио╨ё©╔ндм╤вйвия╞споч╧╚к╬,2013-11-19 00:2{?,
цЯс╙╧╚к╬,50-150хк,ио╨ё,ио╨ё╨мЁ╫пео╒╪╪йУспоч╧╚к╬,2013-11-19 00:2{?,
цЯс╙╧╚к╬,500-1000хк,ио╨ё-╨Г©згЬ,ио╨ёцюиХ╧З╪й╩Уткспоч╧╚к╬,2013-11-19 00:2{?,
цЯс╙╧╚к╬,50-150хк,ио╨ё-Ё╓дЧгЬ,╧Цжщйп╩ЦипмЬбГ©ф╪╪споч╧╚к╬,2013-11-19 00:2{?,
цЯс╙╧╚к╬,50-150хк,ио╨ё-пЛ╩ЦгЬ,ио╨ёяе©Мпео╒©ф╪╪споч╧╚к╬,2013-11-19 00:2{,
цЯс╙╧╚к╬,иысз50хк,ио╨ё,ио╨ё╨оцю╣Гвс©ф╪╪споч╧╚к╬,2013-11-19 00:2{,
цЯс╙╧╚к╬,иысз50хк,ио╨ё-╨Г©згЬ,ио╨ёгв╠╕мЬбГ©ф╪╪споч╧╚к╬,2013-11-19 00:2{,
цЯс╙╧╚к╬,50-150хк,ио╨ё-яНфжгЬ,ио╨ё╠╢хЯпео╒©ф╪╪споч╧╚к╬,2013-11-19 00:2{,
цЯс╙╧╚к╬,50-150хк,ио╨ё-фумсгЬ,ио╨ё╫╗юйпео╒©ф╪╪споч╧╚к╬,"2013-11-19 00:2{	",
цЯс╙╧╚к╬,50-150хк,ио╨ё-пЛ╩ЦгЬ,╠╠╬╘иНю╤╨ёсРпео╒©ф╪╪споч╧╚к╬,2013-11-19 00:2{,
цЯс╙╧╚к╬,1000-5000хк,ио╨ё,рзяТпем╗╧и╥щспоч╧╚к╬,2013-11-19 00:2{,
цЯс╙╧╚к╬,иысз50хк,ио╨ё-фумсгЬ,ио╨ё╟ы╧Шпео╒©ф╪╪споч╧╚к╬,2013-11-19 00:2{,
цЯс╙╧╚к╬,500-1000хк,ио╨ё,╨Куэм╤вй╧эюМё╗ио╨ёё╘споч╧╚к╬,2013-11-19 00:2{,
цЯс╙╧╚к╬,50-150хк,ио╨ё,нчнЩ╡╘яе©╜й╓©ф╪╪споч╧╚к╬,2013-11-19 00:2{,
цЯс╙╧╚к╬,50-150хк,ио╨ё,ио╨ё╢С╨╛пео╒╪╪йУспоч╧╚к╬,2013-11-19 00:2{,
цЯс╙╧╚к╬,150-500хк,ио╨ё,ио╨ёс╒╨ю╫лсЩ╫Ьпчя╖т╨,2013-11-19 00:2{,
цЯс╙╧╚к╬,150-500хк,ио╨ё,╠╠╬╘╩╙гЕт╤╪Ш©ф╪╪пео╒споч╧╚к╬,2013-11-19 00:2{,
цЯс╙╧╚к╬,50-150хк,ио╨ё-╬╡╟╡гЬ,ио╨ёрГпчХ╓ГЛ╧эюМспоч╧╚к╬,2013-11-19 00:2{ ,
цЯс╙╧╚к╬,50-150хк,ио╨ё-фумсгЬ,ио╨ё╥Гснпео╒©ф╪╪споч╧╚к╬,"2013-11-19 00:2{""",
цЯс╙╧╚к╬,150-500хк,ио╨ё,╠╠╬╘бЕ©и©и©ф╪╪споч╧╚к╬,2013-11-19 00:2{$,
цЯс╙╧╚к╬,50-150хк,ио╨ё-фж╤╚пбгЬ,ио╨ё╨лцГм╗пе╪╪йУспоч╧╚к╬,2013-11-19 00:2{&,
цЯс╙╧╚к╬,иысз50хк,ио╨ё-фж╤╚пбгЬ,ио╨ёж╦╬шмЬбГ©ф╪╪споч╧╚к╬,2013-11-19 00:2{*,
цЯс╙╧╚к╬,500-1000хк,ио╨ё-фж╤╚пбгЬ,ио╨ё╠╢╣Гй╣р╣ё╗╪╞меё╘╧и╥щспоч╧╚к╬,2013-11-19 00:2{+,
цЯс╙╧╚к╬,50-150хк,ио╨ё,ио╨ёрв╫лпео╒©ф╪╪споч╧╚к╬,2013-11-19 00:2{.,
цЯс╙╧╚к╬,50-150хк,ио╨ё,ио╨ёхЭаж©ф╪╪споч╧╚к╬,2013-11-19 00:2{/,
цЯс╙╧╚к╬,50-150хк,ио╨ё-яНфжгЬ,ио╨ёхСм╗й╣р╣м╤вйспоч╧╚к╬,2013-11-19 00:2{0,
цЯс╙╧╚к╬,50-150хк,ио╨ё,ио╨ё╦ъмЧйЩ╬щ╪╪йУспоч╧╚к╬,2013-11-19 00:2{2,
цЯс╙╧╚к╬,иысз50хк,ио╨ё-ЦиппгЬ,ио╨ёгерПвт╤╞╩╞иХ╠╦споч╧╚к╬,2013-11-19 00:2{3,
цЯс╙╧╚к╬,иысз50хк,ио╨ё-фж╤╚пбгЬ,ио╨ёуф╫Ппео╒╪╪йУспоч╧╚к╬,2013-11-19 00:2{5,
цЯс╙╧╚к╬,150-500хк,ио╨ё,нчнЩ╩╙тфйЩ╬щ╪╪йУ╥ЧнЯспоч╧╚к╬,2013-11-19 00:2{6,
цЯс╙╧╚к╬,50-150хк,ио╨ё-у╒╠╠гЬ,ио╨ё╤и©зпео╒©ф╪╪споч╧╚к╬,2013-11-19 00:2{7,
цЯс╙╧╚к╬,150-500хк,ио╨ё,╠╠╬╘рзцюхМм╗©ф╪╪споч╧╚к╬,2013-11-19 00:2{;,
цЯс╙╧╚к╬,500-1000хк,ио╨ё-ЦиппгЬ,втси╦ша©╥╥й╫KTV,2013-11-19 00:2{<,
цЯс╙╧╚к╬,500-1000хк,ио╨ё-ЦиппгЬ,ио╨ёиЙаЗ©мЁ╣споч╧╚к╬,2013-11-19 00:2{D,
цЯс╙╧╚к╬,150-500хк,ио╨ё,ио╨ёся©╣пео╒©ф╪╪споч╧╚к╬,2013-11-19 00:2{H,
цЯс╙╧╚к╬,50-150хк,ио╨ё,ио╨ёА╟НёмЬбГ©ф╪╪споч╧╚к╬,2013-11-19 00:2{I,
цЯс╙╧╚к╬,иысз50хк,ио╨ё,ио╨ёЯ╢пк╣ГфЬ©ф╪╪споч╧╚к╬,2013-11-19 00:2{J,
цЯс╙╧╚к╬,150-500хк,ио╨ё,сцсяхМ╪Ч╧и╥щспоч╧╚к╬ио╨ё╥ж╧╚к╬,2013-11-19 00:2{K,
цЯс╙╧╚к╬,150-500хк,ио╨ё,╠╠╬╘хЩн╛а╕©ь©ф╪╪споч╧╚к╬,2013-11-19 00:2{M,
цЯс╙╧╚к╬,иысз50хк,ио╨ё-яНфжгЬ,ио╨ё╟ыл╚пео╒©ф╪╪споч╧╚к╬,2013-11-19 00:2{P,
цЯс╙╧╚к╬,150-500хк,ио╨ё,ио╨ёуЩяТм╤вй╪╞меспоч╧╚к╬,2013-11-19 00:2{Q,
цЯс╙╧╚к╬,50-150хк,ио╨ё-╩ффжгЬ,ио╨ёмЬсРмЬбГ©ф╪╪споч╧╚к╬,2013-11-19 00:2{U,
цЯс╙╧╚к╬,50-150хк,ио╨ё,рЬ╩Ы╥╒у╧ё╗ио╨ёё╘м╤вй©ь╧испоч╧╚к╬,2013-11-19 00:2{W,
цЯс╙╧╚к╬,50-150хк,ио╨ё-╩ффжгЬ,ио╨ёгЮажйЁф╥споч╧╚к╬,2013-11-19 00:2{X,
цЯс╙╧╚к╬,50-150хк,ио╨ё-╪н╤╗гЬ,ио╨ё╨ё╫╬╩З╣Г╧╓Ёлспоч╧╚к╬,2013-11-19 00:2{Y,
цЯс╙╧╚к╬,150-500хк,ио╨ё-гЮфжгЬ,рБ╟Нм╤вйё╗╪╞меё╘╧и╥щспоч╧╚к╬,2013-11-19 00:2{[,
цЯс╙╧╚к╬,500-1000хк,ио╨ё,ио╨ё╣ббМнОаВ╪╪йУспоч╧╚к╬,2013-11-19 00:2{_,
цЯс╙╧╚к╬,50-150хк,ио╨ё,ио╨ёж╝╫╜иЗнО©ф╪╪╧и╥щспоч╧╚к╬,2013-11-19 00:2{c,
цЯс╙╧╚к╬,150-500хк,ио╨ё-фж╤╚пбгЬ,ио╨ёцю╪╙иЗнОр╫р╘©ф╪╪споч╧╚к╬,2013-11-19 00:2{d,
цЯс╙╧╚к╬,150-500хк,ио╨ё,кужщбС©╗хМ╪Чспоч╧╚к╬,2013-11-19 00:2{f,
цЯс╙╧╚к╬,50-150хк,ио╨ё,ио╨ё╟ёажуэхМ╪Чо╣мЁспоч╧╚к╬,2013-11-19 00:2{g,
цЯс╙╧╚к╬,1000-5000хк,ио╨ё-╬╡╟╡гЬ,м╛╡ъ╥©╡Звия╞╧и╥щспоч╧╚к╬,2013-11-19 00:2{h,
цЯс╙╧╚к╬,50-150хк,ио╨ё,╨╪жщвотбаай╣р╣споч╧╚к╬,2013-11-19 00:2{i,
цЯс╙╧╚к╬,50-150хк,ио╨ё,до╬╘╨╜Х╨пео╒©ф╪╪споч╧╚к╬,2013-11-19 00:2{k,
цЯс╙╧╚к╬,иысз50хк,ио╨ё-пЛ╩ЦгЬ,жпмБфСхка╕вйт╢╥ЧнЯё╗ио╨ёё╘споч╧╚к╬,2013-11-19 00:2{l,
цЯс╙╧╚к╬,500-1000хк,ио╨ё,пб╥ОоИ©ь╧и╪╞меспочтПхн╧╚к╬,2013-11-19 00:2{m,
цЯс╙╧╚к╬,50-150хк,ио╨ё-пЛ╩ЦгЬ,ио╨ё©Ш╣ДтфхМ╪Чспоч╧╚к╬,2013-11-19 00:2{q,
цЯс╙╧╚к╬,50-150хк,ио╨ё-пЛ╩ЦгЬ,ио╨ё©МрМм╗пе©ф╪╪споч╧╚к╬,2013-11-19 00:2{r,
цЯс╙╧╚к╬,50-150хк,ио╨ё,ио╨ёдэ╣Гпео╒╪╪йУспоч╧╚к╬,2013-11-19 00:2{t,
цЯс╙╧╚к╬,150-500хк,ио╨ё-фумсгЬ,ио╨ё╬╝жптбпео╒©ф╪╪споч╧╚к╬,2013-11-19 00:2{u,
цЯс╙╧╚к╬,иысз50хк,ио╨ё-Ё╓дЧгЬ,ио╨ё©╜рЦ©ф╪╪╥╒у╧споч╧╚к╬,2013-11-19 00:2{v,
цЯс╙╧╚к╬,50-150хк,ио╨ё-Ё╓дЧгЬ,ио╨ёЁпл╚пео╒©ф╪╪споч╧╚к╬,2013-11-19 00:2{x,
цЯс╙╧╚к╬,иысз50хк,ио╨ё-╠╕и╫гЬ,ио╨ё╡см╗нд╩╞╢╚╡╔споч╧╚к╬,2013-11-19 00:2{z,
цЯс╙╧╚к╬,1000-5000хк,ио╨ё-фж╤╚пбгЬ,лЛф╫фШЁ╣╠ёоу╧и╥щспоч╧╚к╬,2013-11-19 00:2{,
цЯс╙╧╚к╬,500-1000хк,ио╨ё,╧З╩╙хкйы╠ёоу╧и╥щспоч╧╚к╬,2013-11-19 00:2{?,
цЯс╙╧╚к╬,иысз50хк,ио╨ё-Ё╓дЧгЬ,ио╨ёг©жгхк╡е╥ЧнЯспоч╧╚к╬,2013-11-19 00:2{?,
цЯс╙╧╚к╬,150-500хк,ио╨ё,╨ёльвия╞(╠╠╬╘)споч╧╚к╬,2013-11-19 00:2{?,
цЯс╙╧╚к╬,иысз50хк,ио╨ё-пЛ╩ЦгЬ,ио╨ёпгж╔╫╬узяТо╣мЁиХ╠╦споч╧╚к╬,2013-11-19 00:2{?,
цЯс╙╧╚к╬,иысз50хк,ио╨ё,ио╨ёсехЯхк╡евйт╢╥ЧнЯспоч╧╚к╬,2013-11-19 00:2{?,
цЯс╙╧╚к╬,50-150хк,ио╨ё-ки╫╜гЬ,в©рЦё╗ио╨ёё╘мЬбГ╪╪йУспоч╧╚к╬,2013-11-19 00:2{?,
цЯс╙╧╚к╬,50-150хк,ио╨ё-╬╡╟╡гЬ,ио╨ё╪н╤╗╪╟й╠сЙп║╤Н╢Ш©Н╧и╥щспоч╧╚к╬,2013-11-19 00:2{?,
цЯс╙╧╚к╬,иысз50хк,ио╨ё-╠╕и╫гЬ,ио╨ё╬╝мммЬбГ©ф╪╪споч╧╚к╬,2013-11-19 00:2{?,
цЯс╙╧╚к╬,50-150хк,ио╨ё-╩ффжгЬ,ио╨ёаТт╢нд╩╞╢╚╡╔споч╧╚к╬,2013-11-19 00:2{?,
цЯс╙╧╚к╬,150-500хк,ио╨ё-ЦиппгЬ,ио╨ё╟╡мЧй©жгдэ©ф╪╪споч╧╚к╬,2013-11-19 00:2{?,
цЯс╙╧╚к╬,иысз50хк,ио╨ё-фумсгЬ,ио╨ёел╢ОмЬбГ©ф╪╪споч╧╚к╬,2013-11-19 00:2{?,
цЯс╙╧╚к╬,150-500хк,ио╨ё-фж╤╚пбгЬ,ио╨ёе╣к╧гЕиЗнО©ф╪╪споч╧╚к╬,2013-11-19 00:2{?,
цЯс╙╧╚к╬,50-150хк,ио╨ё-фж╤╚пбгЬ,ио╨ё╬чтЖпео╒©ф╪╪споч╧╚к╬,2013-11-19 00:2{?,
цЯс╙╧╚к╬,50-150хк,ио╨ё-фумсгЬ,ио╨ёжп╡╘в╗пчя╖т╨,2013-11-19 00:2{?,
цЯс╙╧╚к╬,иысз50хк,ио╨ё-Ё╓дЧгЬ,ио╨ёйссянд╩╞╢╚╡╔споч╧╚к╬,2013-11-19 00:2{?,
цЯс╙╧╚к╬,иысз50хк,ио╨ё,ио╨ё╪╚╢╢╣Гвс©ф╪╪споч╧╚к╬,2013-11-19 00:2{?,
цЯс╙╧╚к╬,иысз50хк,ио╨ё-фж╤╚пбгЬ,ио╨ёБЫ╟ыпео╒©ф╪╪споч╧╚к╬,2013-11-19 00:2{?,
цЯс╙╧╚к╬,иысз50хк,ио╨ё-фумсгЬ,ио╨ё╬чпкйЩбК©ф╪╪споч╧╚к╬,2013-11-19 00:2{?,
цЯс╙╧╚к╬,50-150хк,ио╨ё,ио╨ёлЛн╢мЬбГ©ф╪╪споч╧╚к╬,2013-11-19 00:2{?,
цЯс╙╧╚к╬,иысз50хк,ио╨ё-╬╡╟╡гЬ,ио╨ё╬Уеднд╩╞╢╚╡╔споч╧╚к╬,2013-11-19 00:2{?,
цЯс╙╧╚к╬,иысз50хк,ио╨ё-фж╤╚пбгЬ,ио╨ёцхЁ╪пео╒╪╪йУспоч╧╚к╬,2013-11-19 00:2{?,
цЯс╙╧╚к╬,50-150хк,ио╨ё-Ё╓дЧгЬ,ио╨ёб╥╨Цпео╒©ф╪╪споч╧╚к╬,2013-11-19 00:2{?,
цЯс╙╧╚к╬,иысз50хк,ио╨ё-яНфжгЬ,ио╨ёя╞©╣йЩвж©ф╪╪споч╧╚к╬,2013-11-19 00:2{?,
цЯс╙╧╚к╬,иысз50хк,ио╨ё-пЛ╩ЦгЬ,ио╨ё╥ГмЬмЬбГ©ф╪╪споч╧╚к╬,2013-11-19 00:2{?,
цЯс╙╧╚к╬,150-500хк,ио╨ё,ио╨ё╟бкЁ╥Чйнспоч╧╚к╬,2013-11-19 00:2{?,
цЯс╙╧╚к╬,иысз50хк,ио╨ё-фж╤╚пбгЬ,ио╨ё╟к╩дпео╒╪╪йУспоч╧╚к╬,2013-11-19 00:2{?,
цЯс╙╧╚к╬,500-1000хк,ио╨ё-фж╤╚пбгЬ,ио╨ё╨ёбМфШЁ╣яп╥╒споч╧╚к╬,2013-11-19 00:2{?,
цЯс╙╧╚к╬,150-500хк,ио╨ё-яНфжгЬ,ио╨ё╤ВюжфъмЬбГ©ф╪╪споч╧╚к╬,2013-11-19 00:2{?,
цЯс╙╧╚к╬,50-150хк,ио╨ё-пЛ╩ЦгЬ,╧Цжщт╙ЙвхМ╪Чспоч╧╚к╬,2013-11-19 00:2{?,
цЯс╙╧╚к╬,иысз50хк,ио╨ё-фумсгЬ,ио╨ёипб╥й╣р╣╥╒у╧споч╧╚к╬,2013-11-19 00:2{?,
цЯс╙╧╚к╬,иысз50хк,ио╨ё-фж╤╚пбгЬ,дом╗╨ХПюпео╒╪╪йУспоч╧╚к╬,2013-11-19 00:2{?,
цЯс╙╧╚к╬,50-150хк,ио╨ё-ЦиппгЬ,ио╨ё╢Сд╝╣Гвс©ф╪╪споч╧╚к╬,2013-11-19 00:2{?,
цЯс╙╧╚к╬,иысз50хк,ио╨ё-╬╡╟╡гЬ,ио╨ё╢╗хПхМ╪Ч©ф╪╪споч╧╚к╬,2013-11-19 00:2{?,
цЯс╙╧╚к╬,50-150хк,ио╨ё-у╒╠╠гЬ,ио╨ёте©кнд╩╞╢╚╡╔╧и╥щспоч╧╚к╬,2013-11-19 00:2{?,
цЯс╙╧╚к╬,50-150хк,ио╨ё-яНфжгЬ,ио╨ёЁштфпео╒©ф╪╪споч╧╚к╬,2013-11-19 00:2{?,
цЯс╙╧╚к╬,50-150хк,ио╨ё-пЛ╩ЦгЬ,ио╨ёжпр╒м╗пе©ф╪╪споч╧╚к╬,2013-11-19 00:2{?,
цЯс╙╧╚к╬,50-150хк,ио╨ё-пЛ╩ЦгЬ,ио╨ёлью╤пео╒©ф╪╪споч╧╚к╬--жп╧ЗфСр╣тзоъ,2013-11-19 00:2{?,
цЯс╙╧╚к╬,иысз50хк,ио╨ё-пЛ╩ЦгЬ,ио╨ёвзяТмЬбГ©ф╪╪споч╧╚к╬,2013-11-19 00:2{?,
цЯс╙╧╚к╬,10000хкртио,ио╨ё-фумсгЬ,ио╨ё╨Цчхм╤вй╧эюМспоч╧╚к╬,2013-11-19 00:2{?,
цЯс╙╧╚к╬,иысз50хк,ио╨ё,ио╨ёНё╡╝хка╕вйт╢╧эюМспоч╧╚к╬,2013-11-19 00:2{?,
цЯс╙╧╚к╬,50-150хк,ио╨ё-фж╤╚пбгЬ,ио╨ё╥╫к╤р╫т╨м╤вй╧эюМспоч╧╚к╬,2013-11-19 00:2{?,
цЯс╙╧╚к╬,иысз50хк,ио╨ё-фж╤╚пбгЬ,ио╨ё╟╝╤║р╫╪ямЬбГ©ф╪╪споч╧╚к╬,2013-11-19 00:2{?,
цЯс╙╧╚к╬,50-150хк,ио╨ё-Ё╓дЧгЬ,ио╨ёилжз©ф╪╪споч╧╚к╬,2013-11-19 00:2{?,
цЯс╙╧╚к╬,иысз50хк,ио╨ё-фж╤╚пбгЬ,ио╨ё╩штцмЬбГ©ф╪╪споч╧╚к╬,2013-11-19 00:2{?,
цЯс╙╧╚к╬,иысз50хк,ио╨ё-пЛ╩ЦгЬ,ио╨ё╩тж╙пео╒╪╪йУспоч╧╚к╬,2013-11-19 00:2{?,
цЯс╙╧╚к╬,50-150хк,ио╨ё-пЛ╩ЦгЬ,ио╨ё╟крз╟кр╫р╘пео╒споч╧╚к╬,2013-11-19 00:2{?,
цЯс╙╧╚к╬,50-150хк,ио╨ё-Ё╓дЧгЬ,ио╨ё╪╓╢╢м╤вй╧эюМспоч╧╚к╬,2013-11-19 00:2{?,
цЯс╙╧╚к╬,50-150хк,ио╨ё-╬╡╟╡гЬ,ио╨ёрцу╧╧╚╧ь╡ъ╩╝споч╧╚к╬,2013-11-19 00:2{?,
цЯс╙╧╚к╬,иысз50хк,ио╨ё-пЛ╩ЦгЬ,кужщжзпеиЗнО╪╪йУспоч╧╚к╬,2013-11-19 00:2{?,
цЯс╙╧╚к╬,50-150хк,ио╨ё,ио╨ёлзЁлр╫я╖©ф╪╪пео╒споч╧╚к╬,2013-11-19 00:2{?,
цЯс╙╧╚к╬,иысз50хк,ио╨ё-╨Г©згЬ,ио╨ёснхммЬбГ©ф╪╪споч╧╚к╬,2013-11-19 00:2{?,
цЯс╙╧╚к╬,иысз50хк,ио╨ё,╠╠╬╘╣╬╡щпэ©ф╪╪споч╧╚к╬,2013-11-19 00:2{?,
цЯс╙╧╚к╬,иысз50хк,ио╨ё,ио╨ё╣ьпепео╒╪╪йУспоч╧╚к╬,2013-11-19 00:2{?,
цЯс╙╧╚к╬,иысз50хк,ио╨ё,иНшзягя╤фСр╣╧эюМ╧кнйспоч╧╚к╬,2013-11-19 00:2{?,
цЯс╙╧╚к╬,150-500хк,ио╨ё-яНфжгЬ,ио╨ёцю╟бр╫т╨м╤вй╧эюМспоч╧╚к╬,2013-11-19 00:2{?,
цЯс╙╧╚к╬,иысз50хк,ио╨ё-ЦиппгЬ,ио╨ёй╓хупео╒©ф╪╪споч╧╚к╬,2013-11-19 00:2{?,
цЯс╙╧╚к╬,50-150хк,ио╨ё-фумсгЬ,яКйЩнд╩╞(ио╨ё)╧и╥щспоч╧╚к╬,2013-11-19 00:2{?,
цЯс╙╧╚к╬,иысз50хк,ио╨ё-Ё╓дЧгЬ,е╦хМ╪фкЦ╩Зо╣мЁцЁрвё╗ио╨ёё╘споч╧╚к╬,2013-11-19 00:2{?,
цЯс╙╧╚к╬,иысз50хк,ио╨ё-╨Г©згЬ,ио╨ётфц╫мЬбГ©ф╪╪споч╧╚к╬,2013-11-19 00:2{,
цЯс╙╧╚к╬,иысз50хк,ио╨ё-фумсгЬ,ио╨ё╤╕иЗ╣ГвсилнЯспоч╧╚к╬,2013-11-19 00:2{,
цЯс╙╧╚к╬,иысз50хк,ио╨ё-╬╡╟╡гЬ,ио╨ёюй╣юнд╩╞╢╚╡╔споч╧╚к╬,2013-11-19 00:2{,
цЯс╙╧╚к╬,50-150хк,ио╨ё,╠╠╬╘╦гль╪япео╒╟╡х╚╪╪йУ╧и╥щспоч╧╚к╬ио╨ё╥ж╧╚к╬,2013-11-19 00:2{,
цЯс╙╧╚к╬,иысз50хк,ио╨ё-фж╤╚пбгЬ,╩Т╤В╨ёд╥ё╗╠╠╬╘ё╘╣ГвсилнЯспоч╧╚к╬,2013-11-19 00:2{,
цЯс╙╧╚к╬,иысз50хк,ио╨ё-фж╤╚пбгЬ,ио╨ё╡╘ор╡фнЯ╧кнйспоч╧╚к╬,2013-11-19 00:2{,
цЯс╙╧╚к╬,50-150хк,ио╨ё,╠╠╬╘я╦юШ╢╢Ёи©ф╪╪споч╧╚к╬,2013-11-19 00:2{,
цЯс╙╧╚к╬,50-150хк,ио╨ё,рв╟м╟м╫Пхзпео╒╥ЧнЯё╗ио╨ёё╘споч╧╚к╬,2013-11-19 00:2{,
цЯс╙╧╚к╬,150-500хк,ио╨ё,нчнЩЁ╛уЩхМ╪Ч©ф╪╪споч╧╚к╬,2013-11-19 00:2{,
цЯс╙╧╚к╬,иысз50хк,ио╨ё-ЦиппгЬ,ио╨ётцнепео╒╪╪йУспоч╧╚к╬,2013-11-19 00:2{,
цЯс╙╧╚к╬,иысз50хк,ио╨ё-фж╤╚пбгЬ,ио╨ё╨Лр╪мЬбГ╪╪йУспоч╧╚к╬,2013-11-19 00:2{,
цЯс╙╧╚к╬,150-500хк,ио╨ё-фумсгЬ,ио╨ёуфс╞мЬбГ╪╪йУспоч╧╚к╬,2013-11-19 00:2{,
цЯс╙╧╚к╬,50-150хк,ио╨ё-у╒╠╠гЬ,ио╨ёбЖ╢╢мЬбГ©ф╪╪споч╧╚к╬,2013-11-19 00:2{,
цЯс╙╧╚к╬,500-1000хк,ио╨ё,сфтубцснмЬ,2013-11-19 00:2{,
цЯс╙╧╚к╬,иысз50хк,ио╨ё-ЦиппгЬ,╢Ос╝пео╒╪╪йУё╗ио╨ёё╘споч╧╚к╬,2013-11-19 00:2{ ,
цЯс╙╧╚к╬,иысз50хк,ио╨ё-пЛ╩ЦгЬ,ио╨ётф╪Д╟К╣╪лЕ©ф╪╪споч╧╚к╬,2013-11-19 00:2{!,
цЯс╙╧╚к╬,50-150хк,ио╨ё-фж╤╚пбгЬ,ио╨ё╦Ёткпео╒╪╪йУспоч╧╚к╬,"2013-11-19 00:2{""",
цЯс╙╧╚к╬,500-1000хк,ио╨ё,иНшзлЛт╢╣о©фпео╒╪╪йУ╧и╥щспоч╧╚к╬,2013-11-19 00:2{#,
цЯс╙╧╚к╬,500-1000хк,ио╨ё-ЦиппгЬ,╨╪жщ╠х╤Ш╣ю╥Р©ф╪╪споч╧╚к╬,2013-11-19 00:2{',
цЯс╙╧╚к╬,50-150хк,ио╨ё-Ё╓дЧгЬ,ио╨ё╣ЦрщмЬбГ©ф╪╪споч╧╚к╬,2013-11-19 00:2{(,
цЯс╙╧╚к╬,иысз50хк,ио╨ё-у╒╠╠гЬ,ио╨ё╬еткм╗сцхМ╪Чспоч╧╚к╬,2013-11-19 00:2{),
цЯс╙╧╚к╬,50-150хк,ио╨ё,иНшзйплЛхМ©ф╪╪©╙╥╒споч╧╚к╬,2013-11-19 00:2{*,
цЯс╙╧╚к╬,иысз50хк,ио╨ё-фж╤╚пбгЬ,ио╨ё╩ЦцВпео╒╪╪йУспоч╧╚к╬,2013-11-19 00:2{+,
цЯс╙╧╚к╬,50-150хк,ио╨ё,уЦ╫╜╠Ы╥Е©ф╪╪споч╧╚к╬,2013-11-19 00:2{.,
цЯс╙╧╚к╬,иысз50хк,ио╨ё-ЦиппгЬ,ио╨ё╟╡дхп╩нд╩╞╢╚╡╔споч╧╚к╬,2013-11-19 00:2{/,
цЯс╙╧╚к╬,500-1000хк,ио╨ё-фж╤╚пбгЬ,ио╨ёБЩс╒мЬбГ©ф╪╪споч╧╚к╬,2013-11-19 00:2{2,
цЯс╙╧╚к╬,50-150хк,ио╨ё-фж╤╚пбгЬ,ио╨ёлЛхнфСр╣╧эюМспоч╧╚к╬,2013-11-19 00:2{3,
цЯс╙╧╚к╬,иысз50хк,ио╨ё-фумсгЬ,ио╨ёнж╩╜╠╗,2013-11-19 00:2{5,
цЯс╙╧╚к╬,иысз50хк,ио╨ё-ЦиппгЬ,ио╨ё╣Дснм╗я╤╪╪йУспоч╧╚к╬,2013-11-19 00:2{7,
цЯс╙╧╚к╬,150-500хк,ио╨ё-яНфжгЬ,AMT GROUPё╗ио╨ёфСт╢©ф╪╪╧и╥щспоч╧╚к╬ё╘,2013-11-19 00:2{:,
цЯс╙╧╚к╬,иысз50хк,ио╨ё-фж╤╚пбгЬ,ио╨ёЁ╘ЙихМ╪Ч©╙╥╒споч╧╚к╬,2013-11-19 00:2{<,
цЯс╙╧╚к╬,50-150хк,ио╨ё-фж╤╚пбгЬ,ио╨ёеТт╫╬╙╨Гпео╒╪╪йУ╥╒у╧споч╧╚к╬,2013-11-19 00:2{>,
цЯс╙╧╚к╬,иысз50хк,ио╨ё-фж╤╚пбгЬ,ио╨ёЁ╛╨ЦхМ╪Ч╪╪йУспоч╧╚к╬,2013-11-19 00:2{@,
цЯс╙╧╚к╬,иысз50хк,ио╨ё-╩ффжгЬ,ио╨ё╣шрг©ф╪╪споч╧╚к╬,2013-11-19 00:2{A,
цЯс╙╧╚к╬,иысз50хк,ио╨ё-фж╤╚пбгЬ,ио╨ён╣я╤иЗ╩Н╣ГвсилнЯспоч╧╚к╬,2013-11-19 00:2{B,
цЯс╙╧╚к╬,150-500хк,ио╨ё-фж╤╚пбгЬ,ио╨ёхПс╙╩Зп╣жфтЛспоч╧╚к╬,2013-11-19 00:2{C,
цЯс╙╧╚к╬,иысз50хк,ио╨ё-фумсгЬ,ио╨ё╩╙яэ╥дж╞©ф╪╪споч╧╚к╬,2013-11-19 00:2{F,
цЯс╙╧╚к╬,50-150хк,ио╨ё-фж╤╚пбгЬ,ио╨ёхзфФм╤вй╧эюМспоч╧╚к╬,2013-11-19 00:2{G,
цЯс╙╧╚к╬,иысз50хк,ио╨ё,ио╨ёранЁпео╒╪╪йУспоч╧╚к╬,2013-11-19 00:2{H,
цЯс╙╧╚к╬,150-500хк,ио╨ё,╨╪жщмЬпбрц╨м©ф╪╪споч╧╚к╬,2013-11-19 00:2{J,
цЯс╙╧╚к╬,иысз50хк,ио╨ё-╬╡╟╡гЬ,рщм╞╫лсЩпео╒вия╞ё╗ио╨ёё╘споч╧╚к╬,2013-11-19 00:2{K,
цЯс╙╧╚к╬,50-150хк,ио╨ё-фж╤╚пбгЬ,╟╡╩уаЗвЕмЬбГ©ф╪╪споч╧╚к╬,2013-11-19 00:2{L,
цЯс╙╧╚к╬,иысз50хк,ио╨ё,ио╨ёжзцк╪фкЦ╩З╪╪йУспоч╧╚к╬,2013-11-19 00:2{M,
цЯс╙╧╚к╬,50-150хк,ио╨ё-╠╕и╫гЬ,ио╨ё╟ы╩╙нОаВспоч╧╚к╬,2013-11-19 00:2{P,
цЯс╙╧╚к╬,150-500хк,ио╨ё-ки╫╜гЬ,ио╨ёуЩл╘╣Гт╢о╣мЁспоч╧╚к╬,2013-11-19 00:2{R,
цЯс╙╧╚к╬,50-150хк,ио╨ё,╨╪жщг╟╥╫пео╒╪╪йУспоч╧╚к╬,2013-11-19 00:2{S,
цЯс╙╧╚к╬,50-150хк,ио╨ё,ио╨ё╥╨Жн╡фнЯвия╞споч╧╚к╬,2013-11-19 00:2{T,
цЯс╙╧╚к╬,50-150хк,ио╨ё-фумсгЬ,ио╨ёоХснмЬбГ©ф╪╪споч╧╚к╬,2013-11-19 00:2{V,
цЯс╙╧╚к╬,500-1000хк,ио╨ё-ЦиппгЬ,ио╨ёмРоСнд╩╞еДкмспоч╧╚к╬,2013-11-19 00:2{W,
цЯс╙╧╚к╬,иысз50хк,ио╨ё-ЦиппгЬ,ио╨ён╛╬╗йсмЁ╧╓р╣вт╤╞╩╞споч╧╚к╬,2013-11-19 00:2{Y,
цЯс╙╧╚к╬,50-150хк,ио╨ё,ио╨ёй╕╦╣мУ╪р╬ссцф╥╥ЧнЯспоч╧╚к╬,2013-11-19 00:2{Z,
цЯс╙╧╚к╬,иысз50хк,ио╨ё-фж╤╚пбгЬ,ио╨ём╛Ё╘пео╒╪╪йУспоч╧╚к╬,2013-11-19 00:2{[,
цЯс╙╧╚к╬,50-150хк,ио╨ё-╬╡╟╡гЬ,ио╨ё╫╗╧╕к╪сРпео╒©ф╪╪споч╧╚к╬,2013-11-19 00:2{_,
цЯс╙╧╚к╬,500-1000хк,ио╨ё-Ё╓дЧгЬ,уЦ╫╜ф╝юы╥Чйнспоч╧╚к╬,2013-11-19 00:2{a,
цЯс╙╧╚к╬,иысз50хк,ио╨ё-ЦиппгЬ,ио╨ёс╞╣юцЁрвспоч╧╚к╬,2013-11-19 00:2{c,
цЯс╙╧╚к╬,иысз50хк,ио╨ё,л╚╡ж╟╛а╒ль╪╪йУхк╡е╥ЧнЯспоч╧╚к╬,2013-11-19 00:2{d,
цЯс╙╧╚к╬,иысз50хк,ио╨ё-фж╤╚пбгЬ,ио╨ёуф╦╩мЬбГ╪╪йУспоч╧╚к╬,2013-11-19 00:2{e,
цЯс╙╧╚к╬,иысз50хк,ио╨ё-пЛ╩ЦгЬ,ио╨ё©Бк╪пео╒╪╪йУспоч╧╚к╬,2013-11-19 00:2{i,
цЯс╙╧╚к╬,500-1000хк,ио╨ё,╢╨гО╨╫©у╧и╥щспоч╧╚к╬,2013-11-19 00:2{m,
цЯс╙╧╚к╬,500-1000хк,ио╨ё,╦ё╫╗пб╢Сб╫ж╖╦╤╪╪йУспоч╧╚к╬,2013-11-19 00:2{q,
цЯс╙╧╚к╬,500-1000хк,ио╨ё-фж╤╚пбгЬ,жИ╨ё╫Пи╫хМ╪Ч╧и╥щспоч╧╚к╬,2013-11-19 00:2{r,
цЯс╙╧╚к╬,иысз50хк,ио╨ё-пЛ╩ЦгЬ,ио╨ё╦Х╢ОхМ╪Чспоч╧╚к╬,2013-11-19 00:2{t,
цЯс╙╧╚к╬,50-150хк,ио╨ё-ки╫╜гЬ,ио╨ёпюе╣м╗пе╪╪йУспоч╧╚к╬,2013-11-19 00:2{w,
цЯс╙╧╚к╬,50-150хк,ио╨ё,ио╨ё╦ЩилмЬбГпео╒╪╪йУспоч╧╚к╬,2013-11-19 00:2{x,
цЯс╙╧╚к╬,иысз50хк,ио╨ё,ио╨ё╩Цт╙хка╕вйт╢вия╞споч╧╚к╬,2013-11-19 00:2{y,
цЯс╙╧╚к╬,150-500хк,ио╨ё-╨Г©згЬ,жпЁГ╪╞меспоч╧╚к╬,2013-11-19 00:2{─,
цЯс╙╧╚к╬,50-150хк,ио╨ё-фумсгЬ,╟ыхзилр╣╠ёюМспоч╧╚к╬,2013-11-19 00:2{?,
цЯс╙╧╚к╬,150-500хк,ио╨ё-фумсгЬ,ио╨ё©╗пплЛоб╧╘с╕а╢╧эюМспоч╧╚к╬,2013-11-19 00:2{?,
цЯс╙╧╚к╬,50-150хк,ио╨ё-фж╤╚пбгЬ,ио╨ёлЛд╠мЬбГ©ф╪╪споч╧╚к╬,2013-11-19 00:2{?,
цЯс╙╧╚к╬,150-500хк,ио╨ё-пЛ╩ЦгЬ,╟╛хПвия╞╪╞ме,2013-11-19 00:2{?,
цЯс╙╧╚к╬,иысз50хк,ио╨ё-яНфжгЬ,ио╨ёд╕рБмЬбГ©ф╪╪споч╧╚к╬,2013-11-19 00:2{?,
цЯс╙╧╚к╬,иысз50хк,ио╨ё-фж╤╚пбгЬ,ио╨ён╒аХпео╒©ф╪╪споч╧╚к╬,2013-11-19 00:2{?,
цЯс╙╧╚к╬,50-150хк,ио╨ё,ио╨ёхПцю╣Гдт©ф╪╪споч╧╚к╬,2013-11-19 00:2{?,
цЯс╙╧╚к╬,50-150хк,ио╨ё-фж╤╚пбгЬ,ио╨ё╫╜╢О©ф╪╪╥╒у╧споч╧╚к╬,2013-11-19 00:2{?,
цЯс╙╧╚к╬,150-500хк,ио╨ё-у╒╠╠гЬ,кужщ╡╘т╤хщлЛпео╒©ф╪╪споч╧╚к╬,2013-11-19 00:2{?,
цЯс╙╧╚к╬,50-150хк,ио╨ё-пЛ╩ЦгЬ,ио╨ёлужЛфСр╣╧эюМвия╞споч╧╚к╬,2013-11-19 00:2{?,
цЯс╙╧╚к╬,иысз50хк,ио╨ё-фж╤╚пбгЬ,ио╨ёр╩ГЛфСр╣╧эюМспоч╧╚к╬,2013-11-19 00:2{?,
цЯс╙╧╚к╬,иысз50хк,ио╨ё-ЦиппгЬ,ио╨ёйХн╒мЬбГ╪╪йУспоч╧╚к╬,2013-11-19 00:2{?,
цЯс╙╧╚к╬,500-1000хк,ио╨ё-фж╤╚пбгЬ,хЩр╩жь╩Зспоч╧╚к╬,2013-11-19 00:2{?,
цЯс╙╧╚к╬,150-500хк,ио╨ё,╨Цт╢оИё╗╪╞меё╘споч╧╚к╬,2013-11-19 00:2{?,
цЯс╙╧╚к╬,50-150хк,ио╨ё-фж╤╚пбгЬ,ио╨ёфЛ╪фжгдэ©ф╪╪споч╧╚к╬,2013-11-19 00:2{?,
цЯс╙╧╚к╬,иысз50хк,ио╨ё-╪н╤╗гЬ,ио╨ё╫Пя╞пео╒╪╪йУспоч╧╚к╬,2013-11-19 00:2{?,
цЯс╙╧╚к╬,иысз50хк,ио╨ё-фж╤╚пбгЬ,ио╨ёпгж╝кЫтзпео╒©ф╪╪споч╧╚к╬,2013-11-19 00:2{?,
цЯс╙╧╚к╬,50-150хк,ио╨ё-пЛ╩ЦгЬ,ио╨ё╨╜аХмЬбГ©ф╪╪споч╧╚к╬,2013-11-19 00:2{?,
цЯс╙╧╚к╬,иысз50хк,ио╨ё-пЛ╩ЦгЬ,ио╨ёнесНмЬбГ©ф╪╪споч╧╚к╬,2013-11-19 00:2{?,
цЯс╙╧╚к╬,500-1000хк,ио╨ё-фж╤╚пбгЬ,╡Щхы╢╚ц╫споч╧╚к╬,2013-11-19 00:2{?,
цЯс╙╧╚к╬,150-500хк,ио╨ё-фж╤╚пбгЬ,ио╨ёбУ©ф╫ПйТвйт╢споч╧╚к╬,2013-11-19 00:2{?,
цЯс╙╧╚к╬,50-150хк,ио╨ё-фж╤╚пбгЬ,ио╨ё╫эм╪хМ╪Ч╪╪йУспоч╧╚к╬,2013-11-19 00:2{?,
цЯс╙╧╚к╬,50-150хк,ио╨ё-фж╤╚пбгЬ,ио╨ёк╪╢╢╣ГфВиХ╠╦споч╧╚к╬,2013-11-19 00:2{?,
цЯс╙╧╚к╬,иысз50хк,ио╨ё-фж╤╚пбгЬ,ио╨ёсЩцГпео╒©ф╪╪споч╧╚к╬,2013-11-19 00:2{?,
цЯс╙╧╚к╬,иысз50хк,ио╨ё,ио╨ёЁ╫жгилнЯпео╒вия╞споч╧╚к╬,2013-11-19 00:2{?,
цЯс╙╧╚к╬,1000-5000хк,ио╨ё,ио╨ё╪╙оИ╨╫©у╧и╥щспоч╧╚к╬,2013-11-19 00:2{?,
цЯс╙╧╚к╬,иысз50хк,ио╨ё-пЛ╩ЦгЬ,ио╨ёпдм╗пео╒╪╪йУспоч╧╚к╬,2013-11-19 00:2{?,
цЯс╙╧╚к╬,50-150хк,ио╨ё-фж╤╚пбгЬ,ио╨ё╤╔╣ЦхМ╪Чспоч╧╚к╬,2013-11-19 00:2{?,
цЯс╙╧╚к╬,150-500хк,ио╨ё-фумсгЬ,ио╨ё╣бкяпео╒╪╪йУспоч╧╚к╬,2013-11-19 00:2{?,
цЯс╙╧╚к╬,иысз50хк,ио╨ё-ки╫╜гЬ,ио╨ёлЛпемЬбГ©ф╪╪споч╧╚к╬,2013-11-19 00:2{?,
цЯс╙╧╚к╬,50-150хк,ио╨ё,ио╨ё╬╘иЙ©ф╪╪споч╧╚к╬,2013-11-19 00:2{?,
цЯс╙╧╚к╬,150-500хк,ио╨ё,╧Ц╤╚╧З╠й©ф╪╪╧и╥щспоч╧╚к╬,2013-11-19 00:2{?,
цЯс╙╧╚к╬,иысз50хк,ио╨ё-фж╤╚пбгЬ,ио╨ёфзфзм╤вй╧эюМжппдё╗споч╨о╩Оё╘,2013-11-19 00:2{?,
цЯс╙╧╚к╬,иысз50хк,ио╨ё-у╒╠╠гЬ,нчнЩ╩АлзхМ╪Ч©ф╪╪споч╧╚к╬,2013-11-19 00:2{?,
цЯс╙╧╚к╬,50-150хк,ио╨ё-ЦиппгЬ,ио╨ётфоМ©ф╪╪споч╧╚к╬,2013-11-19 00:2{?,
цЯс╙╧╚к╬,500-1000хк,ио╨ё-пЛ╩ЦгЬ,©╜╣о╥Чйнё╗ио╨ёё╘споч╧╚к╬,2013-11-19 00:2{?,
цЯс╙╧╚к╬,50-150хк,ио╨ё-фж╤╚пбгЬ,цЯиЗм╗╩щвй╡З╧эюМспоч╧╚к╬,2013-11-19 00:2{?,
цЯс╙╧╚к╬,иысз50хк,ио╨ё-пЛ╩ЦгЬ,ио╨ё╬е╨опео╒╪╪йУспоч╧╚к╬,2013-11-19 00:2{?,
цЯс╙╧╚к╬,иысз50хк,ио╨ё-фж╤╚пбгЬ,ио╨ёхСФзпео╒╪╪йУспоч╧╚к╬,2013-11-19 00:2{?,
цЯс╙╧╚к╬,иысз50хк,ио╨ё-фумсгЬ,ио╨ёмуаЕпео╒╪╪йУспоч╧╚к╬,2013-11-19 00:2{?,
цЯс╙╧╚к╬,50-150хк,ио╨ё,╫ля╖╟Н,2013-11-19 00:2{?,
цЯс╙╧╚к╬,150-500хк,ио╨ё-фж╤╚пбгЬ,╠╠╬╘╧ЗпеаИм╗мЬбГ©ф╪╪споч╧╚к╬,2013-11-19 00:2{?,
цЯс╙╧╚к╬,иысз50хк,ио╨ё-Ё╓дЧгЬ,ио╨ёйЁеилЛ╣ьмЬбГ©ф╪╪споч╧╚к╬,2013-11-19 00:2{?,
цЯс╙╧╚к╬,500-1000хк,ио╨ё,╣б╟Нж╓х╞спочтПхн╧╚к╬,2013-11-19 00:2{?,
цЯс╙╧╚к╬,иысз50хк,ио╨ё-фж╤╚пбгЬ,ио╨ё╥ЭНёпео╒╪╪йУспоч╧╚к╬,2013-11-19 00:2{?,
цЯс╙╧╚к╬,иысз50хк,ио╨ё-╨Г©згЬ,ио╨ёип╠Йф╥ефнд╩╞╢╚╡╔споч╧╚к╬,2013-11-19 00:2{?,
цЯс╙╧╚к╬,50-150хк,ио╨ё-ЦиппгЬ,иНшзйп©яЖн╢О©ф╪╪споч╧╚к╬ио╨ё╥ж╧╚к╬,2013-11-19 00:2{?,
цЯс╙╧╚к╬,1000-5000хк,ио╨ё,ио╨ёвояЮйЁф╥споч╧╚к╬,2013-11-19 00:2{?,
цЯс╙╧╚к╬,иысз50хк,ио╨ё-╠╕и╫гЬ,ио╨ён╒жзпео╒©ф╪╪споч╧╚к╬,2013-11-19 00:2{?,
цЯс╙╧╚к╬,иысз50хк,ио╨ё,йсхТ╥ипео╒©ф╪╪ё╗ио╨ёё╘споч╧╚к╬,2013-11-19 00:2{?,
цЯс╙╧╚к╬,150-500хк,ио╨ё-ЦиппгЬ,ио╨ётфйс©ф╪╪споч╧╚к╬,2013-11-19 00:2{?,
цЯс╙╧╚к╬,иысз50хк,ио╨ё,ио╨ёкыцкпео╒╪╪йУспоч╧╚к╬,2013-11-19 00:2{?,
цЯс╙╧╚к╬,50-150хк,ио╨ё-у╒╠╠гЬ,ио╨ёсе╨мнд╩╞╢╚╡╔споч╧╚к╬,2013-11-19 00:2{?,
цЯс╙╧╚к╬,50-150хк,ио╨ё-у╒╠╠гЬ,ио╨ё©╙чдпео╒╪╪йУспоч╧╚к╬,2013-11-19 00:2{?,
цЯс╙╧╚к╬,500-1000хк,ио╨ё,ио╨ёюжбСмЬбГ©ф╪╪споч╧╚к╬,2013-11-19 00:2{?,
цЯс╙╧╚к╬,50-150хк,ио╨ё-фж╤╚пбгЬ,╠╢©м╪╪йУё╗ио╨ёё╘споч╧╚к╬,2013-11-19 00:2{?,
цЯс╙╧╚к╬,иысз50хк,ио╨ё-Ё╓дЧгЬ,ио╨ёркснмЬбГ╪╪йУспоч╧╚к╬,2013-11-19 00:2{?,
цЯс╙╧╚к╬,50-150хк,ио╨ё-╬╡╟╡гЬ,ио╨ён╛Лепео╒╪╪йУспоч╧╚к╬,2013-11-19 00:2{?,
цЯс╙╧╚к╬,иысз50хк,ио╨ё-фж╤╚пбгЬ,ио╨ёт╪╩щмЬбГ©ф╪╪споч╧╚к╬,2013-11-19 00:2{?,
цЯс╙╧╚к╬,иысз50хк,ио╨ё-ЦиппгЬ,ио╨ётфт╗пео╒©ф╪╪споч╧╚к╬,2013-11-19 00:2{?,
цЯс╙╧╚к╬,50-150хк,ио╨ё,╠╠╬╘е╣ягжш╡фнЯвия╞споч╧╚к╬,2013-11-19 00:2{?,
цЯс╙╧╚к╬,иысз50хк,ио╨ё-фж╤╚пбгЬ,ио╨ё╠ю╟епео╒©ф╪╪споч╧╚к╬,2013-11-19 00:2{?,
цЯс╙╧╚к╬,150-500хк,ио╨ё-пЛ╩ЦгЬ,ио╨ё╧Цц╞╢О╧Бру©ф╪╪╧и╥щспоч╧╚к╬,2013-11-19 00:2{?,
цЯс╙╧╚к╬,50-150хк,ио╨ё-яНфжгЬ,жппбйся╤м╤вй©ь╧испоч╧╚к╬,2013-11-19 00:2{?,
цЯс╙╧╚к╬,500-1000хк,ио╨ё-у╒╠╠гЬ,ио╨ё╫ПкЦелхМ╪Чспоч╧╚к╬,2013-11-19 00:2{?,
цЯс╙╧╚к╬,50-150хк,ио╨ё,кужщрФ╥╒ль©ф╪╪споч╧╚к╬,2013-11-19 00:2{?,
цЯс╙╧╚к╬,50-150хк,ио╨ё-фж╤╚пбгЬ,ио╨ё╟к╨мпео╒©ф╪╪споч╧╚к╬,2013-11-19 00:2{Ъ,
цЯс╙╧╚к╬,50-150хк,ио╨ё-фж╤╚пбгЬ,ио╨ёчд╩шм╤вй╧эюМспоч╧╚к╬,2013-11-19 00:2{,
цЯс╙╧╚к╬,иысз50хк,ио╨ё-фумсгЬ,ио╨ё╪я╠╢╫лсЩпео╒вия╞споч╧╚к╬,2013-11-19 00:2{,
цЯс╙╧╚к╬,50-150хк,ио╨ё-Ё╓дЧгЬ,ио╨ё╣ЦуЩпео╒вия╞споч╧╚к╬,2013-11-19 00:2{,
цЯс╙╧╚к╬,иысз50хк,ио╨ё-╨Г©згЬ,ио╨ё╦Яб╫╡╙жгдэ╣Гвсспоч╧╚к╬,2013-11-19 00:2{,
цЯс╙╧╚к╬,50-150хк,ио╨ё-Ё╓дЧгЬ,г╛╢Ом╤вй╥╒у╧споч╧╚к╬,2013-11-19 00:2{,
цЯс╙╧╚к╬,50-150хк,ио╨ё-ЦиппгЬ,ио╨ём╗╧Ц╧Ц╦Фспоч╧╚к╬,2013-11-19 00:2{,
цЯс╙╧╚к╬,иысз50хк,ио╨ё-пЛ╩ЦгЬ,ио╨ём╬жгпео╒©ф╪╪споч╧╚к╬,2013-11-19 00:2{,
цЯс╙╧╚к╬,иысз50хк,ио╨ё-пЛ╩ЦгЬ,ио╨ёх╦нжпео╒╪╪йУспоч╧╚к╬,2013-11-19 00:2{,
цЯс╙╧╚к╬,иысз50хк,ио╨ё-фж╤╚пбгЬ,ио╨ё?к╪пео╒©ф╪╪споч╧╚к╬,2013-11-19 00:2{,
цЯс╙╧╚к╬,50-150хк,ио╨ё-фж╤╚пбгЬ,ио╨ё╠Эю╓йЩбК©ф╪╪споч╧╚к╬,2013-11-19 00:2{,
цЯс╙╧╚к╬,иысз50хк,ио╨ё-пЛ╩ЦгЬ,ио╨ёювд╛╧Ц╦Фспоч╧╚к╬,2013-11-19 00:2{,
цЯс╙╧╚к╬,150-500хк,ио╨ё,до╬╘╠╢аЗм╗пе©ф╪╪споч╧╚к╬,2013-11-19 00:2{,
цЯс╙╧╚к╬,500-1000хк,ио╨ё,ио╨ён╒╤╞пео╒©ф╪╪споч╧╚к╬,2013-11-19 00:2{,
цЯс╙╧╚к╬,50-150хк,ио╨ё,ио╨ёе╥©║╪фкЦ╩З╪╪йУспоч╧╚к╬,2013-11-19 00:2{,
цЯс╙╧╚к╬,иысз50хк,ио╨ё-яНфжгЬ,ио╨ёи╜жзмЬбГ©ф╪╪споч╧╚к╬,2013-11-19 00:2{,
цЯс╙╧╚к╬,иысз50хк,ио╨ё-╩ффжгЬ,ио╨ё©╣хЯр╫т╨м╤вй╧эюМспоч╧╚к╬,2013-11-19 00:2{,
цЯс╙╧╚к╬,иысз50хк,ио╨ё-фж╤╚пбгЬ,ио╨ёсемЬюШм╤вй╧эюМжппдё╗споч╨о╩Оё╘,2013-11-19 00:2{,
цЯс╙╧╚к╬,50-150хк,ио╨ё-фж╤╚пбгЬ,ио╨ёлью╪ра╧Ц╦Ф╢╚ц╫споч╧╚к╬,"2013-11-19 00:2{""",
цЯс╙╧╚к╬,50-150хк,ио╨ё-пЛ╩ЦгЬ,ио╨ёк╚рцй╣р╣╥╒у╧споч╧╚к╬,2013-11-19 00:2{$,
цЯс╙╧╚к╬,150-500хк,ио╨ё-фж╤╚пбгЬ,ио╨ё╬ег╟╬е╨Сй╣р╣споч╧╚к╬,2013-11-19 00:2{*,
цЯс╙╧╚к╬,иысз50хк,ио╨ё-яНфжгЬ,ио╨ёсюн╙пео╒©ф╪╪споч╧╚к╬,2013-11-19 00:2{-,
цЯс╙╧╚к╬,150-500хк,ио╨ё-ЦиппгЬ,ио╨ён╛сс╣гилцЁспоч╧╚к╬,2013-11-19 00:2{.,
цЯс╙╧╚к╬,50-150хк,ио╨ё,ио╨ёжг╬╚╣Гвс©ф╪╪споч╧╚к╬,2013-11-19 00:2{/,
цЯс╙╧╚к╬,500-1000хк,ио╨ё-╩ффжгЬ,ио╨ё╦╢пг╦ъ©ф╪╪ё╗╪╞меё╘споч╧╚к╬,2013-11-19 00:2{1,
цЯс╙╧╚к╬,иысз50хк,ио╨ё,рдоёйЩбК©ф╪╪ё╗ио╨ёё╘споч╧╚к╬,2013-11-19 00:2{3,
цЯс╙╧╚к╬,иысз50хк,ио╨ё,╠╠╬╘╦гйюлЛ╣ь©ф╪╪споч╧╚к╬,2013-11-19 00:2{5,
цЯс╙╧╚к╬,150-500хк,ио╨ё,ио╨ён╛╨юпео╒╟╡х╚╪╪йУспоч╧╚к╬,2013-11-19 00:2{6,
цЯс╙╧╚к╬,150-500хк,ио╨ё-фумсгЬ,ио╨ёфж╫╜илнЯв╗пчя╖т╨,2013-11-19 00:2{:,
цЯс╙╧╚к╬,иысз50хк,ио╨ё-╠╕и╫гЬ,ио╨ёдцлЗпео╒©ф╪╪╥╒у╧споч╧╚к╬,2013-11-19 00:2{=,
цЯс╙╧╚к╬,иысз50хк,ио╨ё-фумсгЬ,О╝хМпбдэт╢©ф╪╪ё╗ио╨ёё╘споч╧╚к╬,2013-11-19 00:2{>,
цЯс╙╧╚к╬,иысз50хк,ио╨ё-яНфжгЬ,ио╨ён╛Ёл╪фкЦ╩Зпео╒╪╪йУспоч╧╚к╬,2013-11-19 00:2{?,
цЯс╙╧╚к╬,иысз50хк,ио╨ё-фж╤╚пбгЬ,рщснпео╒©ф╪╪ё╗ио╨ёё╘споч╧╚к╬,2013-11-19 00:2{A,
цЯс╙╧╚к╬,500-1000хк,ио╨ё-╪н╤╗гЬ,х╓снё╗╠╠╬╘ё╘©ф╪╪споч╧╚к╬ио╨ё╥ж╧╚к╬,2013-11-19 00:2{B,
цЯс╙╧╚к╬,50-150хк,ио╨ё-фж╤╚пбгЬ,ио╨ёгЁю╪╣Гвсспоч╧╚к╬,2013-11-19 00:2{D,
цЯс╙╧╚к╬,50-150хк,ио╨ё-фж╤╚пбгЬ,ио╨ёуЩ╤╠╢ОилцЁспоч╧╚к╬,2013-11-19 00:2{E,
цЯс╙╧╚к╬,500-1000хк,ио╨ё,ио╨ё╟╡к╤пео╒╪╪йУ╧и╥щспоч╧╚к╬,2013-11-19 00:2{F,
цЯс╙╧╚к╬,50-150хк,ио╨ё-Ё╓дЧгЬ,ио╨ён╒снмЬбГ©ф╪╪споч╧╚к╬,2013-11-19 00:2{H,
цЯс╙╧╚к╬,50-150хк,ио╨ё,жьгЛцвЁФ©ф╪╪споч╧╚к╬,2013-11-19 00:2{K,
цЯс╙╧╚к╬,50-150хк,ио╨ё-фж╤╚пбгЬ,ио╨ё╩╙уфм╗пе╪╪йУспоч╧╚к╬,2013-11-19 00:2{L,
цЯс╙╧╚к╬,50-150хк,ио╨ё-╩ффжгЬ,ио╨ёб╫╢Опео╒╥╒у╧споч╧╚к╬,2013-11-19 00:2{M,
цЯс╙╧╚к╬,150-500хк,ио╨ё,ио╨ёю╤гехМ╪Чспоч╧╚к╬,2013-11-19 00:2{N,
цЯс╙╧╚к╬,иысз50хк,ио╨ё-╪н╤╗гЬ,ио╨ёрщЁ╣╣ГвсилнЯспоч╧╚к╬,2013-11-19 00:2{P,
цЯс╙╧╚к╬,иысз50хк,ио╨ё-яНфжгЬ,ио╨ё╦╢╦гпео╒©ф╪╪споч╧╚к╬,2013-11-19 00:2{R,
цЯс╙╧╚к╬,500-1000хк,ио╨ё-гЮфжгЬ,╣о╥А╪╞меспоч╧╚к╬,2013-11-19 00:2{S,
цЯс╙╧╚к╬,150-500хк,ио╨ё,ио╨ёрЩеэпео╒©ф╪╪споч╧╚к╬,2013-11-19 00:2{U,
цЯс╙╧╚к╬,иысз50хк,ио╨ё-╠╕и╫гЬ,ио╨ётСй╓╣ГвсилнЯспоч╧╚к╬,2013-11-19 00:2{W,
цЯс╙╧╚к╬,50-150хк,ио╨ё-фж╤╚пбгЬ,жпхз╩Цпефз╩Успоч╧╚к╬,2013-11-19 00:2{[,
цЯс╙╧╚к╬,иысз50хк,ио╨ё-яНфжгЬ,ио╨ёфТ╟бм╤вйвия╞споч╧╚к╬,2013-11-19 00:2{^,
цЯс╙╧╚к╬,50-150хк,ио╨ё-ЦиппгЬ,ио╨ё╢Г╡щмЬбГ©ф╪╪споч╧╚к╬,2013-11-19 00:2{`,
цЯс╙╧╚к╬,50-150хк,ио╨ё,фТхзфу╩щё╗╠╠╬╘ё╘©ф╪╪споч╧╚к╬,2013-11-19 00:2{a,
цЯс╙╧╚к╬,иысз50хк,ио╨ё-Ё╓дЧгЬ,ио╨ёлОте╧эюМвия╞споч╧╚к╬,2013-11-19 00:2{b,
цЯс╙╧╚к╬,иысз50хк,ио╨ё-╠╕и╫гЬ,ио╨ё╫эхзхМ╪Ч╪╪йУспоч╧╚к╬,2013-11-19 00:2{c,
цЯс╙╧╚к╬,иысз50хк,ио╨ё-у╒╠╠гЬ,ио╨ё╨фр╚мЬбГ©ф╪╪споч╧╚к╬,2013-11-19 00:2{d,
цЯс╙╧╚к╬,150-500хк,ио╨ё-Ё╓дЧгЬ,хП╫ПВК ё╗жп╧Зё╘мЬбГ╪╪йУ╥ЧнЯспоч╧╚к╬,2013-11-19 00:2{f,
цЯс╙╧╚к╬,иысз50хк,ио╨ё-ки╫╜гЬ,ио╨ёипюЁ╦╔р╫аф©ф╪╪споч╧╚к╬,2013-11-19 00:2{g,
цЯс╙╧╚к╬,50-150хк,ио╨ё-╩ффжгЬ,ио╨ё╧Зц╞йЩвж╪╪йУспоч╧╚к╬,2013-11-19 00:2{i,
цЯс╙╧╚к╬,иысз50хк,ио╨ё-ЦиппгЬ,ио╨ёЁ╞н╙╣Гвс©ф╪╪споч╧╚к╬,2013-11-19 00:2{j,
цЯс╙╧╚к╬,иысз50хк,ио╨ё-Ё╓дЧгЬ,ио╨ёсф╩НмЬбГ©ф╪╪споч╧╚к╬,2013-11-19 00:2{m,
цЯс╙╧╚к╬,иысз50хк,ио╨ё-фж╤╚пбгЬ,ио╨ёрфсН©ф╪╪споч╧╚к╬,2013-11-19 00:2{n,
цЯс╙╧╚к╬,иысз50хк,ио╨ё-фумсгЬ,ио╨ёснйВпео╒©ф╪╪споч╧╚к╬,2013-11-19 00:2{q,
цЯс╙╧╚к╬,150-500хк,ио╨ё,ио╨ё╤╚╥╫м╗л╘хМ╪Ч©ф╪╪споч╧╚к╬,2013-11-19 00:2{t,
цЯс╙╧╚к╬,иысз50хк,ио╨ё,ио╨ён╛╪йпео╒╪╪йУспоч╧╚к╬,2013-11-19 00:2{v,
цЯс╙╧╚к╬,50-150хк,ио╨ё-Ё╓дЧгЬ,ио╨ёЙ╩мЧпео╒╪╪йУспоч╧╚к╬,2013-11-19 00:2{y,
цЯс╙╧╚к╬,иысз50хк,ио╨ё-ЦиппгЬ,ио╨ёиНцТр╫аф©ф╪╪споч╧╚к╬,2013-11-19 00:2{{,
цЯс╙╧╚к╬,50-150хк,ио╨ё-╬╡╟╡гЬ,ио╨ё╣ч╟╡хМ╪Ч╪╪йУспоч╧╚к╬,2013-11-19 00:2{},
цЯс╙╧╚к╬,50-150хк,ио╨ё-у╒╠╠гЬ,ио╨ё╟Н╡╝ож╢Зе╘р╣╪╪йУспоч╧╚к╬,2013-11-19 00:2{─,
цЯс╙╧╚к╬,иысз50хк,ио╨ё-╠╕и╫гЬ,ио╨ёгА╨Н╧╓р╣╡Зф╥иХ╪фспоч╧╚к╬,2013-11-19 00:2{?,
цЯс╙╧╚к╬,иысз50хк,ио╨ё-яНфжгЬ,ио╨ёВх©мпео╒©ф╪╪споч╧╚к╬,2013-11-19 00:2{?,
цЯс╙╧╚к╬,иысз50хк,ио╨ё-у╒╠╠гЬ,ио╨ёаВюШк╣пео╒╪╪йУспоч╧╚к╬,2013-11-19 00:2{?,
цЯс╙╧╚к╬,иысз50хк,ио╨ё-фж╤╚пбгЬ,н╛аьм╗ё╗ио╨ёё╘м╗пе╪╪йУспоч╧╚к╬,2013-11-19 00:2{?,
цЯс╙╧╚к╬,иысз50хк,ио╨ё-╪н╤╗гЬ,ио╨ёснв©мЬбГ©ф╪╪споч╧╚к╬,2013-11-19 00:2{?,
цЯс╙╧╚к╬,иысз50хк,ио╨ё-пЛ╩ЦгЬ,ио╨ёт╢йЩпео╒╪╪йУспоч╧╚к╬,2013-11-19 00:2{?,
цЯс╙╧╚к╬,иысз50хк,ио╨ё,ио╨ётдн╛пео╒©ф╪╪споч╧╚к╬,2013-11-19 00:2{?,
цЯс╙╧╚к╬,50-150хк,ио╨ё,ио╨ёмР╢О-ж╔╩╙хМ╪Чспоч╧╚к╬,2013-11-19 00:2{?,
цЯс╙╧╚к╬,иысз50хк,ио╨ё-фумсгЬ,ио╨ё╟ь╤╗пео╒©ф╪╪споч╧╚к╬,2013-11-19 00:2{?,
цЯс╙╧╚к╬,иысз50хк,ио╨ё-╩ффжгЬ,ио╨ёбС╧ЦмЬбГ©ф╪╪споч╧╚к╬,2013-11-19 00:2{?,
цЯс╙╧╚к╬,иысз50хк,ио╨ё-ЦиппгЬ,ио╨ё╤╕╥╫╣Гвс©ф╪╪споч╧╚к╬,2013-11-19 00:2{?,
цЯс╙╧╚к╬,иысз50хк,ио╨ё,ио╨ёю╢рЙ╣ГвсилнЯспоч╧╚к╬,2013-11-19 00:2{?,
цЯс╙╧╚к╬,иысз50хк,ио╨ё-пЛ╩ЦгЬ,ио╨ё╢╢хзпео╒©ф╪╪споч╧╚к╬,2013-11-19 00:2{?,
цЯс╙╧╚к╬,1000-5000хк,ио╨ё,CCDIо╓╣ь╧З╪й,2013-11-19 00:2{?,
цЯс╙╧╚к╬,50-150хк,ио╨ё-фж╤╚пбгЬ,ио╨ё╤║╡╘жь╧╓╩Зп╣споч╧╚к╬,2013-11-19 00:2{?,
цЯс╙╧╚к╬,10000хкртио,ио╨ё,ф╫╟╡пбгЧ╣ю,2013-11-19 00:2{?,
цЯс╙╧╚к╬,150-500хк,ио╨ё,ио╨ё╬╝ио╩╙оХфШЁ╣аЦ╡©╪Чспоч╧╚к╬,2013-11-19 00:2{?,
цЯс╙╧╚к╬,иысз50хк,ио╨ё,Ё╓иЁаряФдЯмЬбГ©ф╪╪споч╧╚к╬,2013-11-19 00:2{?,
цЯс╙╧╚к╬,иысз50хк,ио╨ё-╩ффжгЬ,ио╨ёбЕ©и©иуШ╨оиХ╪фспоч╧╚к╬,2013-11-19 00:2{?,
цЯс╙╧╚к╬,500-1000хк,ио╨ё-фж╤╚пбгЬ,╠хяг╣о╬╚цэжфтЛспоч╧╚к╬,2013-11-19 00:2{?,
цЯс╙╧╚к╬,50-150хк,ио╨ё-фж╤╚пбгЬ,ио╨ёцвхй©ф╪╪споч╧╚к╬,2013-11-19 00:2{?,
цЯс╙╧╚к╬,1000-5000хк,ио╨ё,╠╠╬╘йю╪м╩╔а╙©М╢ЬйЩ╬щжппдспоч╧╚к╬,2013-11-19 00:2{?,
цЯс╙╧╚к╬,иысз50хк,ио╨ё-фж╤╚пбгЬ,ио╨ё╩шжг╪фкЦ╩З╪╪йУспоч╧╚к╬,2013-11-19 00:2{?,
цЯс╙╧╚к╬,50-150хк,ио╨ё,ио╨ё©╔╨ой╣р╣╪╞меспоч╧╚к╬,2013-11-19 00:2{?,
цЯс╙╧╚к╬,50-150хк,ио╨ё-фж╤╚пбгЬ,ио╨ён╟Фзм╗пе©ф╪╪споч╧╚к╬,2013-11-19 00:2{?,
цЯс╙╧╚к╬,150-500хк,ио╨ё,╠╠╬╘у©лзйю╪м©ф╪╪споч╧╚к╬,2013-11-19 00:2{?,
цЯс╙╧╚к╬,иысз50хк,ио╨ё-╠╕и╫гЬ,ио╨ёюжйЯпео╒╪╪йУспоч╧╚к╬,2013-11-19 00:2{?,
цЯс╙╧╚к╬,иысз50хк,ио╨ё-яНфжгЬ,лф╥╩ё╗ио╨ёё╘╧Ц╦Фспоч╧╚к╬,2013-11-19 00:2{?,
цЯс╙╧╚к╬,150-500хк,ио╨ё-╠╕и╫гЬ,ио╨ёеаЁ╠╧д╥Г╩ЗжфтЛспоч╧╚к╬,2013-11-19 00:2{?,
цЯс╙╧╚к╬,50-150хк,ио╨ё,ио╨ё©фл╚╪фкЦ╩Зо╣мЁ╪╞Ёиспоч╧╚к╬,2013-11-19 00:2{?,
цЯс╙╧╚к╬,50-150хк,ио╨ё-ЦиппгЬ,ио╨ё╬╟яРяР╥Чйнспоч╧╚к╬,2013-11-19 00:2{?,
цЯс╙╧╚к╬,иысз50хк,ио╨ё-╨Г©згЬ,ио╨ёсН╨Хпео╒©ф╪╪╧и╥щспоч╧╚к╬,2013-11-19 00:2{?,
цЯс╙╧╚к╬,иысз50хк,ио╨ё-ЦиппгЬ,ио╨ёюв©кяе╧З╪йцЁрвспоч╧╚к╬,2013-11-19 00:2{?,
цЯс╙╧╚к╬,50-150хк,ио╨ё,ио╨ё╟╡Ё╘мЬбГ©ф╪╪споч╧╚к╬,2013-11-19 00:2{?,
цЯс╙╧╚к╬,иысз50хк,ио╨ё-╩ффжгЬ,ио╨ёе╥бьф╓╦Оспоч╧╚к╬,2013-11-19 00:2{?,
цЯс╙╧╚к╬,50-150хк,ио╨ё-пЛ╩ЦгЬ,ио╨ёЁ©оКпео╒╪╪йУспоч╧╚к╬,2013-11-19 00:2{?,
цЯс╙╧╚к╬,иысз50хк,ио╨ё-ки╫╜гЬ,ио╨ёмьлнпео╒©ф╪╪споч╧╚к╬,2013-11-19 00:2{?,
цЯс╙╧╚к╬,50-150хк,ио╨ё-фумсгЬ,ио╨ё╩╙дЧлЕсЩсцф╥споч╧╚к╬,2013-11-19 00:2{?,
цЯс╙╧╚к╬,иысз50хк,ио╨ё-фумсгЬ,╨╪жщ╤╔х╓©ф╪╪споч╧╚к╬,2013-11-19 00:2{?,
цЯс╙╧╚к╬,иысз50хк,ио╨ё-фумсгЬ,пейс╧Ц╦Фё╗ио╨ёё╘споч╧╚к╬,2013-11-19 00:2{?,
цЯс╙╧╚к╬,50-150хк,ио╨ё-фж╤╚пбгЬ,ио╨ёцВ╡╗м╗пе╪╪йУ╧и╥щспоч╧╚к╬,2013-11-19 00:2{?,
цЯс╙╧╚к╬,иысз50хк,ио╨ё-Ё╓дЧгЬ,ио╨ёй╗ропео╒╪╪йУспоч╧╚к╬,2013-11-19 00:2{?,
цЯс╙╧╚к╬,иысз50хк,ио╨ё-ки╫╜гЬ,ио╨ё╢С╣бпео╒╥ЧнЯспоч╧╚к╬,2013-11-19 00:2{?,
цЯс╙╧╚к╬,иысз50хк,ио╨ё-фж╤╚пбгЬ,ио╨ёл╘уИм╤вй╧эюМспоч╧╚к╬,2013-11-19 00:2{?,
цЯс╙╧╚к╬,50-150хк,ио╨ё-фумсгЬ,ио╨ёпдрБ╢П╣Гвс©ф╪╪споч╧╚к╬,2013-11-19 00:2{?,
цЯс╙╧╚к╬,50-150хк,ио╨ё-пЛ╩ЦгЬ,ио╨ёрвЕ╚╣Гвс©ф╪╪споч╧╚к╬,2013-11-19 00:2{?,
цЯс╙╧╚к╬,иысз50хк,ио╨ё-пЛ╩ЦгЬ,ио╨ёхЩи╚цвмЬбГ©ф╪╪споч╧╚к╬,2013-11-19 00:2{?,
цЯс╙╧╚к╬,иысз50хк,ио╨ё-пЛ╩ЦгЬ,ио╨ём╛цЛпео╒©ф╪╪споч╧╚к╬,2013-11-19 00:2{?,
цЯс╙╧╚к╬,иысз50хк,ио╨ё-╠╕и╫гЬ,ио╨ёсб╫Пэ╡пео╒©ф╪╪споч╧╚к╬,2013-11-19 00:2{?,
цЯс╙╧╚к╬,иысз50хк,ио╨ё-╠╕и╫гЬ,хысспео╒©ф╪╪ё╗ио╨ёё╘споч╧╚к╬,2013-11-19 00:2{?,
цЯс╙╧╚к╬,иысз50хк,ио╨ё-у╒╠╠гЬ,ио╨ё╢╔льпео╒©ф╪╪споч╧╚к╬,2013-11-19 00:2{?,
цЯс╙╧╚к╬,иысз50хк,ио╨ё-фж╤╚пбгЬ,ио╨ё╨╨╬╖пео╒©ф╪╪споч╧╚к╬,2013-11-19 00:2{?,
цЯс╙╧╚к╬,500-1000хк,ио╨ё,ио╨ёхП╢х╫║©╣лЕ╪Л╧эюМ╧и╥щспоч╧╚к╬,2013-11-19 00:2{?,
цЯс╙╧╚к╬,иысз50хк,ио╨ё,ио╨ёндс©нд╩╞©ф╪╪споч╧╚к╬,2013-11-19 00:2{?,
цЯс╙╧╚к╬,150-500хк,ио╨ё-ЦиппгЬ,уЦ╫╜пбоХм╗я╤╣ГвсиХ╠╦споч╧╚к╬ио╨ё╥ж╧╚к╬,2013-11-19 00:2{?,
цЯс╙╧╚к╬,иысз50хк,ио╨ё-фумсгЬ,ио╨ёх╚╤хмЬбГ©ф╪╪споч╧╚к╬,2013-11-19 00:2{?,
цЯс╙╧╚к╬,иысз50хк,ио╨ё-фумсгЬ,ио╨ёжгаАнд╩╞╢╚╡╔споч╧╚к╬,2013-11-19 00:2{?,
цЯс╙╧╚к╬,иысз50хк,ио╨ё-яНфжгЬ,ио╨ёйЩцюмЬбГ©ф╪╪споч╧╚к╬,2013-11-19 00:2{?,
цЯс╙╧╚к╬,иысз50хк,ио╨ё-ЦиппгЬ,ио╨ё╩ффж╢╛сцргфВспоч╧╚к╬,2013-11-19 00:2{?,
цЯс╙╧╚к╬,иысз50хк,ио╨ё-яНфжгЬ,ио╨ё©╙╦╔пео╒©ф╪╪споч╧╚к╬,2013-11-19 00:2{?,
цЯс╙╧╚к╬,50-150хк,ио╨ё-фж╤╚пбгЬ,ио╨ёю©Ёпвт╤╞╩╞о╣мЁспоч╧╚к╬,2013-11-19 00:2{?,
цЯс╙╧╚к╬,1000-5000хк,ио╨ё-ки╫╜гЬ,ио╨ё╠ёб║фШЁ╣©ф╪╪╧и╥щспоч╧╚к╬,2013-11-19 00:2{?,
цЯс╙╧╚к╬,иысз50хк,ио╨ё,ио╨ёеакВ╧╓р╣иХ╪фспоч╧╚к╬,2013-11-19 00:2{?,
цЯс╙╧╚к╬,50-150хк,ио╨ё-фж╤╚пбгЬ,пб╩Цм╗м╤вйвия╞споч╧╚к╬,2013-11-19 00:2{?,
цЯс╙╧╚к╬,50-150хк,ио╨ё-пЛ╩ЦгЬ,ио╨ё╢СюжмЬбГ©ф╪╪споч╧╚к╬,2013-11-19 00:2{?,
цЯс╙╧╚к╬,500-1000хк,ио╨ё-фж╤╚пбгЬ,ио╨ёс╒бв╠╕╠╢╤Ым╞сцф╥споч╧╚к╬,2013-11-19 00:2{?,
цЯс╙╧╚к╬,иысз50хк,ио╨ё-фж╤╚пбгЬ,ио╨ёсР╦Япео╒╪╪йУспоч╧╚к╬,2013-11-19 00:2{Ъ,
цЯс╙╧╚к╬,50-150хк,ио╨ё-фумсгЬ,ио╨ёхЯрБ╨Ц╢Опео╒©ф╪╪споч╧╚к╬,2013-11-19 00:2{,
цЯс╙╧╚к╬,иысз50хк,ио╨ё-фж╤╚пбгЬ,ио╨ёкВю╢мЧпбдэт╢╪╪йУспоч╧╚к╬,2013-11-19 00:2{,
цЯс╙╧╚к╬,иысз50хк,ио╨ё-фж╤╚пбгЬ,ио╨ёНё╫Упео╒©ф╪╪споч╧╚к╬,2013-11-19 00:2{,
цЯс╙╧╚к╬,500-1000хк,ио╨ё,иНшзйпЁ╓аа©ф╪╪╧и╥щспоч╧╚к╬,2013-11-19 00:2{,
цЯс╙╧╚к╬,150-500хк,ио╨ё,жп╫Пм╤вйё╗╪╞меё╘споч╧╚к╬,2013-11-19 00:2{,
цЯс╙╧╚к╬,иысз50хк,ио╨ё-фж╤╚пбгЬ,ио╨ёЁпл╘пео╒╪╪йУспоч╧╚к╬,2013-11-19 00:2{,
цЯс╙╧╚к╬,иысз50хк,ио╨ё-фж╤╚пбгЬ,ио╨ёя╦дЯмЬбГ©ф╪╪споч╧╚к╬,2013-11-19 00:2{,
цЯс╙╧╚к╬,50-150хк,ио╨ё-╬╡╟╡гЬ,╠╠╬╘╦Я╤Ш╧Зпе©ф╪╪споч╧╚к╬,2013-11-19 00:2{,
цЯс╙╧╚к╬,иысз50хк,ио╨ё,ио╨ё╠╕╣Цпео╒╪╪йУспоч╧╚к╬,2013-11-19 00:2{,
цЯс╙╧╚к╬,500-1000хк,ио╨ё,ио╨ёхГ╣бр╫я╖©ф╪╪споч╧╚к╬,2013-11-19 00:2{,
цЯс╙╧╚к╬,иысз50хк,ио╨ё-╪н╤╗гЬ,ио╨ёйсу╧©ф╪╪споч╧╚к╬,2013-11-19 00:2{,
цЯс╙╧╚к╬,150-500хк,ио╨ё,ио╨ёхкНёфСр╣╧эюМвия╞споч╧╚к╬,2013-11-19 00:2{,
цЯс╙╧╚к╬,150-500хк,ио╨ё-фж╤╚пбгЬ,ио╨ёе╕хПвлхИф╥споч╧╚к╬,2013-11-19 00:2{,
цЯс╙╧╚к╬,50-150хк,ио╨ё,ио╨ё╤Вб╫╩З╣Г©ф╪╪споч╧╚к╬,2013-11-19 00:2{,
цЯс╙╧╚к╬,иысз50хк,ио╨ё-фумсгЬ,ио╨ёюЯрв╣ГвсилнЯспоч╧╚к╬,2013-11-19 00:2{,
цЯс╙╧╚к╬,50-150хк,ио╨ё,╠╠╬╘е╥юж╟и╪╪йУспоч╧╚к╬,2013-11-19 00:2{,
цЯс╙╧╚к╬,50-150хк,ио╨ё-фж╤╚пбгЬ,ио╨ёфК╩Цм╗я╤╪╪йУспоч╧╚к╬,2013-11-19 00:2{,
цЯс╙╧╚к╬,иысз50хк,ио╨ё-яНфжгЬ,ио╨ён╒©фм╗н╒нд╩╞╢╚ц╫споч╧╚к╬,2013-11-19 00:2{,
цЯс╙╧╚к╬,иысз50хк,ио╨ё-ЦиппгЬ,ио╨ёил╨ЙмЬбГ©ф╪╪споч╧╚к╬,2013-11-19 00:2{,
цЯс╙╧╚к╬,50-150хк,ио╨ё,ио╨ё╬╘а╙пео╒©ф╪╪споч╧╚к╬,2013-11-19 00:2{,
цЯс╙╧╚к╬,иысз50хк,ио╨ё-фумсгЬ,ио╨ёаЛк╤м╤вй╧эюМспоч╧╚к╬,2013-11-19 00:2{ ,
цЯс╙╧╚к╬,500-1000хк,ио╨ё-фумсгЬ,ио╨ё╬╘ю╢р╫т╨м╤вй╧эюМспоч╧╚к╬,2013-11-19 00:2{!,
цЯс╙╧╚к╬,50-150хк,ио╨ё-ЁГцВоь,ио╨ёг╖еёе╘р╣╩Зп╣споч╧╚к╬,"2013-11-19 00:2{""",
цЯс╙╧╚к╬,50-150хк,ио╨ё-╠╕и╫гЬ,ио╨ё╟╡╥ю╣Гвс╧и╥щспоч╧╚к╬,2013-11-19 00:2{#,
цЯс╙╧╚к╬,иысз50хк,ио╨ё-яНфжгЬ,ио╨ёрктфнОа╙©ф╪╪споч╧╚к╬,2013-11-19 00:2{$,
цЯс╙╧╚к╬,150-500хк,ио╨ё-ки╫╜гЬ,ио╨ёкыа╛╣г╪╞меспоч╧╚к╬,2013-11-19 00:2{%,
цЯс╙╧╚к╬,иысз50хк,ио╨ё-Ё╓дЧгЬ,ио╨ётфжзпео╒╪╪йУспоч╧╚к╬,2013-11-19 00:2{&,
цЯс╙╧╚к╬,150-500хк,ио╨ё-пЛ╩ЦгЬ,ио╨ё╤е╟мль╣Га╕©ф╪╪╥╒у╧споч╧╚к╬,2013-11-19 00:2{(,
цЯс╙╧╚к╬,50-150хк,ио╨ё-фж╤╚пбгЬ,ио╨ё╫Пж╦хМ╪Ч╪╪йУспоч╧╚к╬,2013-11-19 00:2{),
цЯс╙╧╚к╬,150-500хк,ио╨ё-╬╡╟╡гЬ,ио╨ёсю╪нпе╥Г╧эюМспоч╧╚к╬,2013-11-19 00:2{*,
цЯс╙╧╚к╬,иысз50хк,ио╨ё,ио╨ё╨Цл╘хка╕вйт╢споч╧╚к╬,2013-11-19 00:2{-,
цЯс╙╧╚к╬,50-150хк,ио╨ё,╠╠╬╘╟бкВ╥╨яг©ф╪╪споч╧╚к╬,2013-11-19 00:2{.,
цЯс╙╧╚к╬,500-1000хк,ио╨ё-Ё╓дЧгЬ,ио╨ёжг╦╩фСр╣╥╒у╧ё╗╪╞меё╘споч╧╚к╬,2013-11-19 00:2{2,
цЯс╙╧╚к╬,150-500хк,ио╨ё-фж╤╚пбгЬ,тфс©╣Гвсё╗ио╨ёё╘споч╧╚к╬,2013-11-19 00:2{3,
цЯс╙╧╚к╬,иысз50хк,ио╨ё-ЦиппгЬ,ио╨ёЯ╢╨╫пео╒©ф╪╪споч╧╚к╬,2013-11-19 00:2{4,
цЯс╙╧╚к╬,50-150хк,ио╨ё-фж╤╚пбгЬ,ио╨ёрз©кл╘╣Гвс©ф╪╪споч╧╚к╬,2013-11-19 00:2{6,
цЯс╙╧╚к╬,иысз50хк,ио╨ё-Ё╓дЧгЬ,ио╨ёажт╜пео╒©ф╪╪споч╧╚к╬,2013-11-19 00:2{7,
цЯс╙╧╚к╬,иысз50хк,ио╨ё-фумсгЬ,ио╨ёп╬хМпео╒©ф╪╪споч╧╚к╬,2013-11-19 00:2{=,
цЯс╙╧╚к╬,150-500хк,ио╨ё,ио╨ёкЙ╫Пм╤вйё╗╪╞меё╘спочтПхн╧╚к╬,2013-11-19 00:2{?,
цЯс╙╧╚к╬,иысз50хк,ио╨ё-яНфжгЬ,╣ююОтфпео╒╪╪йУё╗╠╠╬╘ё╘споч╧╚к╬,2013-11-19 00:2{@,
цЯс╙╧╚к╬,иысз50хк,ио╨ё-пЛ╩ЦгЬ,ио╨ёлЕ╦жпео╒©ф╪╪споч╧╚к╬,2013-11-19 00:2{A,
цЯс╙╧╚к╬,150-500хк,ио╨ё-╪н╤╗гЬ,ио╨ёжп©С╣ГфЬ©ф╪╪споч╧╚к╬,2013-11-19 00:2{B,
цЯс╙╧╚к╬,иысз50хк,ио╨ё-у╒╠╠гЬ,ио╨ё╟щ╟ЦмЬбГ©ф╪╪споч╧╚к╬,2013-11-19 00:2{C,
цЯс╙╧╚к╬,50-150хк,ио╨ё,ио╨ё╦ъЁожгдэ©ф╪╪споч╧╚к╬,2013-11-19 00:2{E,
цЯс╙╧╚к╬,50-150хк,ио╨ё-фумсгЬ,ио╨ё╢╢╡╫йЩвж©ф╪╪споч╧╚к╬,2013-11-19 00:2{F,
цЯс╙╧╚к╬,иысз50хк,ио╨ё-яНфжгЬ,ио╨ёЦЭ╨БмЬбГ©ф╪╪споч╧╚к╬,2013-11-19 00:2{G,
цЯс╙╧╚к╬,50-150хк,ио╨ё-фж╤╚пбгЬ,ио╨ёЖ╘ю╫цЁрвилпп,2013-11-19 00:2{L,
цЯс╙╧╚к╬,50-150хк,ио╨ё,ио╨ёаЗ╡╞пео╒╪╪йУспоч╧╚к╬,2013-11-19 00:2{M,
цЯс╙╧╚к╬,иысз50хк,ио╨ё,иэпк╪╚очвсхМ╪Чспоч╧╚к╬,2013-11-19 00:2{N,
цЯс╙╧╚к╬,иысз50хк,ио╨ё-ЦиппгЬ,ио╨ёагиЙм╤вй╧эюМспоч╧╚к╬,2013-11-19 00:2{Q,
цЯс╙╧╚к╬,150-500хк,ио╨ё,╠╠╬╘мь╤Шк╪пео╒╪╪йУ╧и╥щспоч╧╚к╬ио╨ё╥ж╧╚к╬,2013-11-19 00:2{R,
цЯс╙╧╚к╬,150-500хк,ио╨ё,ио╨ёрЬ╩Ыпео╒╟╡х╚╪╪йУспоч╧╚к╬,2013-11-19 00:2{S,
цЯс╙╧╚к╬,иысз50хк,ио╨ё-фж╤╚пбгЬ,ио╨ёпЧнДпео╒©ф╪╪споч╧╚к╬,2013-11-19 00:2{T,
цЯс╙╧╚к╬,50-150хк,ио╨ё-фж╤╚пбгЬ,ио╨ёя╦аь╩З╣Г╧╓Ёлспоч╧╚к╬,2013-11-19 00:2{V,
цЯс╙╧╚к╬,иысз50хк,ио╨ё-фж╤╚пбгЬ,н╒╧Ц©ф╪╪ё╗ио╨ёё╘споч╧╚к╬,2013-11-19 00:2{X,
цЯс╙╧╚к╬,иысз50хк,ио╨ё-фумсгЬ,ио╨ёхМкь╪фкЦ╩З©ф╪╪споч╧╚к╬,2013-11-19 00:2{Y,
цЯс╙╧╚к╬,50-150хк,ио╨ё-яНфжгЬ,ио╨ёжЧ╟Н╡Б©ь©ф╪╪споч╧╚к╬,2013-11-19 00:2{],
цЯс╙╧╚к╬,500-1000хк,ио╨ё-пЛ╩ЦгЬ,ио╨ёе╦цюр╘в╠╠ё╫║сцф╥споч╧╚к╬,2013-11-19 00:2{_,
цЯс╙╧╚к╬,50-150хк,ио╨ё-фж╤╚пбгЬ,ио╨ё╨╨╟а╣Гпе©ф╪╪споч╧╚к╬,2013-11-19 00:2{`,
цЯс╙╧╚к╬,иысз50хк,ио╨ё-пЛ╩ЦгЬ,ио╨ё╪й╨юпео╒©ф╪╪споч╧╚к╬,2013-11-19 00:2{a,
цЯс╙╧╚к╬,50-150хк,ио╨ё,южж╙с╒сО,2013-11-19 00:2{d,
цЯс╙╧╚к╬,иысз50хк,ио╨ё-╨Г©згЬ,ио╨ё╤и╥╡нд╩╞╢╚╡╔споч╧╚к╬,2013-11-19 00:2{f,
цЯс╙╧╚к╬,иысз50хк,ио╨ё-фж╤╚пбгЬ,ио╨ё╣цт╙пео╒©ф╪╪споч╧╚к╬,2013-11-19 00:2{h,
цЯс╙╧╚к╬,50-150хк,ио╨ё-пЛ╩ЦгЬ,ио╨ёЕ╬хЯпео╒╪╪йУспоч╧╚к╬,2013-11-19 00:2{i,
цЯс╙╧╚к╬,иысз50хк,ио╨ё-фж╤╚пбгЬ,ио╨ёл╘Нёпео╒©ф╪╪споч╧╚к╬,2013-11-19 00:2{j,
цЯс╙╧╚к╬,50-150хк,ио╨ё-фумсгЬ,ио╨ёрДм╗╧Ц╢Опео╒╪╪йУспоч╧╚к╬,2013-11-19 00:2{o,
цЯс╙╧╚к╬,иысз50хк,ио╨ё,ио╨ёаж╢омЬбГ©ф╪╪споч╧╚к╬,2013-11-19 00:2{p,
цЯс╙╧╚к╬,иысз50хк,ио╨ё-фж╤╚пбгЬ,ио╨ёрвхПиЗнО©ф╪╪споч╧╚к╬,2013-11-19 00:2{r,
цЯс╙╧╚к╬,иысз50хк,ио╨ё-ЦиппгЬ,ио╨ёйюх╗хМ╪Ч©ф╪╪споч╧╚к╬,2013-11-19 00:2{u,
цЯс╙╧╚к╬,500-1000хк,ио╨ё-пЛ╩ЦгЬ,ио╨ёрЬ╨кмЬбГ©ф╪╪споч╧╚к╬,2013-11-19 00:2{w,
цЯс╙╧╚к╬,иысз50хк,ио╨ё-╠╕и╫гЬ,ио╨ё╠╕тай╣р╣споч╧╚к╬,2013-11-19 00:2{x,
цЯс╙╧╚к╬,иысз50хк,ио╨ё-яНфжгЬ,ио╨ёюжманд╩╞╢╚ц╫споч╧╚к╬,2013-11-19 00:2{y,
цЯс╙╧╚к╬,иысз50хк,ио╨ё-╨Г©згЬ,ио╨ёуФ╠хмЬбГ©ф╪╪споч╧╚к╬,2013-11-19 00:2{{,
цЯс╙╧╚к╬,иысз50хк,ио╨ё-фж╤╚пбгЬ,╬шЁрё╗ио╨ёё╘м╤вй©ь╧испоч╧╚к╬,2013-11-19 00:2{|,
цЯс╙╧╚к╬,50-150хк,ио╨ё-╩ффжгЬ,ио╨ёа╚тфпео╒©ф╪╪споч╧╚к╬,2013-11-19 00:2{},
цЯс╙╧╚к╬,иысз50хк,ио╨ё,╠╠╬╘сНпежгуИпео╒╪╪йУспоч╧╚к╬,2013-11-19 00:2{~,
цЯс╙╧╚к╬,150-500хк,ио╨ё-╪н╤╗гЬ,ио╨ёкя©АмЬбГ©ф╪╪споч╧╚к╬,2013-11-19 00:2{─,
цЯс╙╧╚к╬,иысз50хк,ио╨ё-фж╤╚пбгЬ,ио╨ё╟╒рлп║ЁЬмЬбГ©ф╪╪споч╧╚к╬,2013-11-19 00:2{?,
цЯс╙╧╚к╬,50-150хк,ио╨ё-фж╤╚пбгЬ,ио╨ё©фжб╣ГфЬвт╤╞╩╞споч╧╚к╬,2013-11-19 00:2{?,
цЯс╙╧╚к╬,иысз50хк,ио╨ё-фумсгЬ,ио╨ёхЯжг©ф╪╪споч╧╚к╬,2013-11-19 00:2{?,
цЯс╙╧╚к╬,иысз50хк,ио╨ё-фж╤╚пбгЬ,ио╨ё╠х╥жефнд╩╞╢╚╡╔споч╧╚к╬,2013-11-19 00:2{?,
цЯс╙╧╚к╬,50-150хк,ио╨ё-фж╤╚пбгЬ,╟╡╩у╥╡╤ШмЬбГ©ф╪╪споч╧╚к╬,2013-11-19 00:2{?,
цЯс╙╧╚к╬,50-150хк,ио╨ё-ЦиппгЬ,ио╨ёбУт╤мЬбГ╪╪йУспоч╧╚к╬,2013-11-19 00:2{?,
цЯс╙╧╚к╬,50-150хк,ио╨ё-у╒╠╠гЬ,ио╨ё╫ЬсМ©ф╪╪споч╧╚к╬,2013-11-19 00:2{?,
цЯс╙╧╚к╬,иысз50хк,ио╨ё-фумсгЬ,ио╨ёя╤рЙмЬбГ©ф╪╪споч╧╚к╬,2013-11-19 00:2{?,
цЯс╙╧╚к╬,50-150хк,ио╨ё-у╒╠╠гЬ,ио╨ёуЩох╣Гвс©ф╪╪споч╧╚к╬,2013-11-19 00:2{?,
цЯс╙╧╚к╬,иысз50хк,ио╨ё-╬╡╟╡гЬ,╡ф╦╩ф╥жй,2013-11-19 00:2{?,
цЯс╙╧╚к╬,500-1000хк,ио╨ё,ио╨ётф╤к╧Ц╦Фспоч╧╚к╬-╩╙╤╚╥ж╡©,2013-11-19 00:2{?,
цЯс╙╧╚к╬,50-150хк,ио╨ё-пЛ╩ЦгЬ,ио╨ёй╔бжпео╒©ф╪╪споч╧╚к╬,2013-11-19 00:2{?,
цЯс╙╧╚к╬,иысз50хк,ио╨ё-фж╤╚пбгЬ,ио╨ё╨ф╬Тй╣р╣споч╧╚к╬,2013-11-19 00:2{?,
цЯс╙╧╚к╬,50-150хк,ио╨ё,ио╨ё╬Тльпео╒©ф╪╪споч╧╚к╬,2013-11-19 00:2{?,
цЯс╙╧╚к╬,иысз50хк,ио╨ё-пЛ╩ЦгЬ,ио╨ё╩╙©╜пео╒╪╪йУспоч╧╚к╬,2013-11-19 00:2{?,
цЯс╙╧╚к╬,иысз50хк,ио╨ё-фж╤╚пбгЬ,ио╨ёЛебимЬбГ©ф╪╪споч╧╚к╬,2013-11-19 00:2{?,
цЯс╙╧╚к╬,150-500хк,ио╨ё-╥НомгЬ,ио╨ё╩╙╩╕й╣р╣споч╧╚к╬,2013-11-19 00:2{?,
цЯс╙╧╚к╬,50-150хк,ио╨ё-фж╤╚пбгЬ,ио╨ё╨╨фунд╩╞╢╚╡╔споч╧╚к╬,2013-11-19 00:2{?,
цЯс╙╧╚к╬,иысз50хк,ио╨ё-яНфжгЬ,ио╨ё╧Шжб╣Гвс©ф╪╪споч╧╚к╬,2013-11-19 00:2{?,
цЯс╙╧╚к╬,50-150хк,ио╨ё-у╒╠╠гЬ,ио╨ёжпД╠й╣р╣споч╧╚к╬,2013-11-19 00:2{?,
цЯс╙╧╚к╬,50-150хк,ио╨ё-ки╫╜гЬ,ио╨ёди╤ВфШЁ╣╪╪йУспоч╧╚к╬,2013-11-19 00:2{?,
цЯс╙╧╚к╬,иысз50хк,ио╨ё-фж╤╚пбгЬ,ио╨ёлфдАмЬбГ©ф╪╪споч╧╚к╬,2013-11-19 00:2{?,
цЯс╙╧╚к╬,иысз50хк,ио╨ё-пЛ╩ЦгЬ,ио╨ё╟╡Йи╧Ц╦Ф╢╚ц╫споч╧╚к╬,2013-11-19 00:2{?,
цЯс╙╧╚к╬,иысз50хк,ио╨ё,ио╨ёрааайЩбК©ф╪╪споч╧╚к╬,2013-11-19 00:2{?,
цЯс╙╧╚к╬,иысз50хк,ио╨ё-ЦиппгЬ,рф©╣жгдэ©ф╪╪ё╗ио╨ёё╘споч╧╚к╬,2013-11-19 00:2{?,
цЯс╙╧╚к╬,иысз50хк,ио╨ё,рвй©хМ╪Чё╗ио╨ёё╘споч╧╚к╬,2013-11-19 00:2{?,
цЯс╙╧╚к╬,иысз50хк,ио╨ё,ио╨ёаХ©б╪фкЦ╩Зо╣мЁспоч╧╚к╬,2013-11-19 00:2{?,
цЯс╙╧╚к╬,50-150хк,ио╨ё,ио╨ё╥Ас╗╣Гвс©ф╪╪споч╧╚к╬,2013-11-19 00:2{?,
цЯс╙╧╚к╬,50-150хк,ио╨ё-╪н╤╗гЬ,ио╨ёркйб╩З╣ГиХ╠╦споч╧╚к╬,2013-11-19 00:2{?,
цЯс╙╧╚к╬,150-500хк,ио╨ё,ио╨ёлзр╩пео╒╪╪йУспоч╧╚к╬,2013-11-19 00:2{?,
цЯс╙╧╚к╬,50-150хк,ио╨ё-╪н╤╗гЬ,ио╨ё©фсмй╞смргфВжфтЛспоч╧╚к╬,2013-11-19 00:2{?,
цЯс╙╧╚к╬,50-150хк,ио╨ё-╪н╤╗гЬ,ио╨ё╥╫иЗр╫т╨м╤вй╧эюМспоч╧╚к╬,2013-11-19 00:2{?,
цЯс╙╧╚к╬,иысз50хк,ио╨ё-пЛ╩ЦгЬ,ио╨ёюШй╘мЬбГ©ф╪╪споч╧╚к╬,2013-11-19 00:2{?,
цЯс╙╧╚к╬,иысз50хк,ио╨ё,╧ЦжщтСаЗфСр╣╧эюМ╧кнйспоч╧╚к╬,2013-11-19 00:2{?,
цЯс╙╧╚к╬,150-500хк,ио╨ё,ио╨ёфТ╧Бнд╩╞╢╚╡╔споч╧╚к╬,2013-11-19 00:2{?,
цЯс╙╧╚к╬,50-150хк,ио╨ё,ио╨ёнВЖ╟лщпео╒╪╪йУ©╙╥╒споч╧╚к╬,2013-11-19 00:2{?,
йбр╣╣╔н╩,500-1000хк,ио╨ё-Ё╓дЧгЬ,цЯ╨╫ио╨ёр╫т╨,2013-11-19 00:2{?,
йбр╣╣╔н╩,150-500хк,ио╨ё-ки╫╜гЬ,ио╨ё╫╩╢Се╘я╖т╨╫ля╖й╣яИй╣о╟Ё║,2013-11-19 00:2{?,
йбр╣╣╔н╩,500-1000хк,ио╨ё-фж╤╚пбгЬ,жп╧З©фя╖т╨иЗнОсК╩╞я╖╫╩╡Фяп╬©жппд,2013-11-19 00:2{?,
йбр╣╣╔н╩,50-150хк,ио╨ё-Ё╓дЧгЬ,ио╨ёнчоъм╗пеяп╬©жппд,2013-11-19 00:2{7,
йбр╣╣╔н╩,150-500хк,ио╨ё-пЛ╩ЦгЬ,жп╧З©фя╖т╨иЫя╖яп╬©кЫ╤╚╨ёяп╬©у╬,2013-11-19 00:2{k,
йбр╣╣╔н╩,иысз50хк,ио╨ё-фж╤╚пбгЬ,ио╨ё╢Свзе╘╡Зф╥╣ГвсилнЯспоч╧╚к╬,2013-11-19 00:2{p,
йбр╣╣╔н╩,50-150хк,ио╨ё-ЦиппгЬ,ио╨ё╫╩м╗╢Ся╖╫╩╢СцэнВ╦Ыа╙╨оя╖т╨,2013-11-19 00:2{?,
йбр╣╣╔н╩,1000-5000хк,ио╨ё,жп╧ЗцЯсц╨╫©у╩╙╤╚╣ьгЬ©ужп╫╩м╗╧эюМ╬ж,2013-11-19 00:2{?,
йбр╣╣╔н╩,50-150хк,ио╨ё-фж╤╚пбгЬ,ио╨ёиЗнОпео╒╪╪йУяп╬©жппд,2013-11-19 00:2{?,
мБфС╢З╠М╢╕,150-500хк,ио╨ё-фж╤╚пбгЬ,╥╗╧З╟╝к╧ль╤Ш╪╪йУспоч╧╚к╬ио╨ё╢З╠М╢╕,2013-11-19 00:2{?,
мБфС╢З╠М╢╕,иысз50хк,ио╨ё-Ё╓дЧгЬ,цю╧З╫А╧╧йЩ╬щспоч╧╚к╬ио╨ё╢З╠М╢╕,2013-11-19 00:2{,
мБвй(╥ге╥цю),5000-10000хк,ио╨ё-ки╫╜гЬ,у╧ткё╗ио╨ёё╘╣Гвсспоч╧╚к╬,2013-11-19 00:2{?,
мБвй(╥ге╥цю),1000-5000хк,ио╨ё-фж╤╚пбгЬ,и╜ки╪╞меё╗жп╧Зё╘,2013-11-19 00:2{?,
мБвй(╥ге╥цю),1000-5000хк,ио╨ё,NECё╗жп╧Зё╘споч╧╚к╬,2013-11-19 00:2{?,
мБвй(╥ге╥цю),500-1000хк,ио╨ё-у╒╠╠гЬ,NECху╣Гв©т╫хМ╪Ч©ф╪╪ё╗╠╠╬╘ё╘споч╧╚к╬ ио╨ё╥ж╧╚к╬,2013-11-19 00:2{?,
мБвй(╥ге╥цю),иысз50хк,ио╨ё-пЛ╩ЦгЬ,╨╡©╔╣Гвс©ф╪╪(ио╨ё)споч╧╚к╬,2013-11-19 00:2{?,
мБвй(╥ге╥цю),500-1000хк,ио╨ё,ио╨ё╟ыдт╩Ц╣Гвспео╒споч╧╚к╬,2013-11-19 00:2{,
мБвй(╥ге╥цю),1000-5000хк,ио╨ё-пЛ╩ЦгЬ,лЛ╩к╧З╪й╪╞ме©ь╧испоч╧╚к╬,2013-11-19 00:2{,
мБвй(╥ге╥цю),50-150хк,ио╨ё,╥А╢ОхМ╪Чё╗кужщё╘споч╧╚к╬,2013-11-19 00:2{,
мБвй(╥ге╥цю),150-500хк,ио╨ё-пЛ╩ЦгЬ,ио╨ё╩щ╟╡о╣мЁ©ьжфспоч╧╚к╬,2013-11-19 00:2{,
мБвй(╥ге╥цю),иысз50хк,ио╨ё-Ё╓дЧгЬ,хЭ╦╔юЁ╣Гвсё╗пю╪╪вйя╤╦╫йТвс╧╚к╬ё╘,2013-11-19 00:2{!,
мБвй(╥ге╥цю),50-150хк,ио╨ё-╨Г©згЬ,йЩт╢нд╩╞╢╚╡╔ё╗ио╨ёё╘споч╧╚к╬,2013-11-19 00:2{),
мБвй(╥ге╥цю),50-150хк,ио╨ё-фж╤╚пбгЬ,ож╢ЗхзвйвБачспоч╧╚к╬,2013-11-19 00:2{4,
мБвй(╥ге╥цю),150-500хк,ио╨ё-Ё╓дЧгЬ,ио╨ё╟╛╦Яндпео╒©ф╪╪споч╧╚к╬,2013-11-19 00:2{A,
мБвй(╥ге╥цю),50-150хк,ио╨ё-╬╡╟╡гЬ,╨лпк╣Г╩Зё╗дЧ╡╗ё╘споч╧╚к╬ио╨ё╥ж╧╚к╬,2013-11-19 00:2{C,
мБвй(╥ге╥цю),50-150хк,ио╨ё-ЦиппгЬ,╨збУйЩбК©ф╪╪ё╗ио╨ёё╘споч╧╚к╬,2013-11-19 00:2{E,
мБвй(╥ге╥цю),500-1000хк,ио╨ё-╩ффжгЬ,цвк╪цвё╗жп╧Зё╘╬╚цэ╩Зп╣цЁрвспоч╧╚к╬,2013-11-19 00:2{R,
мБвй(╥ге╥цю),1000-5000хк,ио╨ё-фж╤╚пбгЬ,хутб╧Б╥Бв╟╡Бйтё╗ио╨ёё╘споч╧╚к╬,2013-11-19 00:2{V,
мБвй(╥ге╥цю),150-500хк,ио╨ё-╥НомгЬ,ув╥Ф╩З╣ГиХ╠╦ё╗ио╨ёё╘споч╧╚к╬,2013-11-19 00:2{a,
мБвй(╥ге╥цю),50-150хк,ио╨ё-фж╤╚пбгЬ,ио╨ё╨ц╡╝хка╕вйт╢вия╞споч╧╚к╬,2013-11-19 00:2{?,
мБвй(╥ге╥цю),иысз50хк,ио╨ё,ио╨ёжпжгхуо╣хк╡евия╞╥ЧнЯспоч╧╚к╬,2013-11-19 00:2{?,
мБвй(╥ге╥цю),150-500хк,ио╨ё,╩╙хСжц╣ьё╗ио╨ёё╘споч╧╚к╬,2013-11-19 00:2{?,
мБвй(╥ге╥цю),1000-5000хк,ио╨ё-фж╤╚пбгЬ,дЧ╡╗бС╡╘н╓╤Шрф╤╞╣Г╩╟споч╧╚к╬,2013-11-19 00:2{?,
мБвй(╥ге╥цю),50-150хк,ио╨ё-пЛ╩ЦгЬ,нжгзмЬбГ©ф╪╪ё╗ио╨ёё╘споч╧╚к╬,2013-11-19 00:2{?,
мБвй(╥ге╥цю),150-500хк,ио╨ё,╧Ц╤╚хПа╙©ф╪╪споч╧╚к╬,2013-11-19 00:2{?,
мБвй(╥ге╥цю),1000-5000хк,ио╨ё,╤╚щ╦йпнж╣б╬╚цэ╩Зп╣споч╧╚к╬,2013-11-19 00:2{?,
мБвй(╥ге╥цю),150-500хк,ио╨ё-фж╤╚пбгЬ,╩╙к╤╪╞ме----ио╨ё╩╙н╛╣Гдтспоч╧╚к╬,2013-11-19 00:2{?,
мБвй(╥ге╥цю),50-150хк,ио╨ё-╩ффжгЬ,уЩперЬппспоч╧╚к╬,2013-11-19 00:2{?,
мБвй(╥ге╥цю),иысз50хк,ио╨ё-фж╤╚пбгЬ,╣щлЛк╧ё╗ио╨ёё╘хМ╪Ч╪╪йУспоч╧╚к╬,2013-11-19 00:2{?,
мБвй(╥ге╥цю),иысз50хк,ио╨ё-фж╤╚пбгЬ,╟╛яОхМ╪Чё╗ио╨ёё╘споч╧╚к╬,2013-11-19 00:2{?,
мБвй(╥ге╥цю),150-500хк,ио╨ё,╠╠╬╘а╙оКюШл╘хМ╪Чспоч╧╚к╬,2013-11-19 00:2{?,
мБвй(╥ге╥цю),иысз50хк,ио╨ё-фж╤╚пбгЬ,жпп║хз╦╗хМ╪Ч©ф╪╪ё╗ио╨ёё╘споч╧╚к╬,2013-11-19 00:2{?,
мБвй(╥ге╥цю),50-150хк,ио╨ё-Ё╓дЧгЬ,хЩпг╣Гвсё╗жп╧Зё╘яп╥╒жппд,2013-11-19 00:2{?,
мБвй(╥ге╥цю),500-1000хк,ио╨ё,╩╙гхрЬппё╗жп╧Зё╘споч╧╚к╬,2013-11-19 00:2{,
мБвй(╥ге╥цю),50-150хк,ио╨ё,т╫лОё╗ио╨ёё╘пео╒©ф╪╪споч╧╚к╬,2013-11-19 00:2{,
мБвй(╥ге╥цю),иысз50хк,ио╨ё-╬╡╟╡гЬ,мЧВКпео╒╪╪йУ©╙╥╒ё╗ио╨ёё╘споч╧╚к╬,2013-11-19 00:2{,
мБвй(╥ге╥цю),150-500хк,ио╨ё,I.Tё╗оЦ╦ш╦ъ╪╤ф╥еф╥Чйна╛оЗ╪╞меё╘,2013-11-19 00:2{,
мБвй(╥ге╥цю),150-500хк,ио╨ё,лЛ?©М╢ЬмЬбГ©ф╪╪(ио╨ё)споч╧╚к╬,2013-11-19 00:2{,
мБвй(╥ге╥цю),500-1000хк,ио╨ё-у╒╠╠гЬ,╩та╒м╤вйвия╞ё╗ио╨ёё╘споч╧╚к╬,2013-11-19 00:2{,
мБвй(╥ге╥цю),150-500хк,ио╨ё-фж╤╚пбгЬ,с╫╢╚╣Гвс©ф╪╪ё╗ио╨ёё╘споч╧╚к╬,2013-11-19 00:2{$,
мБвй(╥ге╥цю),150-500хк,ио╨ё-пЛ╩ЦгЬ,оЦ╦ш╩ЫрРспоч╧╚к╬,2013-11-19 00:2{,
мБвй(╥ге╥цю),50-150хк,ио╨ё-пЛ╩ЦгЬ,ио╨ёфоляЁгпео╒╪╪йУспоч╧╚к╬,2013-11-19 00:2{6,
мБвй(╥ге╥цю),50-150хк,ио╨ё,╟Ю©Бё╗ио╨ёё╘илнЯвия╞споч╧╚к╬,2013-11-19 00:2{n,
мБвй(╥ге╥цю),50-150хк,ио╨ё-Ё╓дЧгЬ,т╢вйпео╒©ф╪╪ё╗ио╨ёё╘споч╧╚к╬,2013-11-19 00:2{o,
мБвй(╥ге╥цю),иысз50хк,ио╨ё-╨Г©згЬ,ио╨ёрБя╖йЩвжЁЖ╟Ф©ф╪╪споч╧╚к╬,2013-11-19 00:2{?,
мБвй(╥ге╥цю),иысз50хк,ио╨ё-╩ффжгЬ,НЬх╚илнЯвия╞ё╗ио╨ёё╘споч╧╚к╬,2013-11-19 00:2{?,
мБвй(╥ге╥цю),50-150хк,ио╨ё-у╒╠╠гЬ,хЭп╬╣Гвс╪╪йУё╗ио╨ёё╘споч╧╚к╬,2013-11-19 00:2{?,
мБвй(╥ге╥цю),иысз50хк,ио╨ё-╩ффжгЬ,яей╠╨Ця╦╧З╪й╩Утк╢ЗюМё╗ио╨ёё╘споч╧╚к╬,2013-11-19 00:2{?,
мБвй(╥ге╥цю),иысз50хк,ио╨ё-пЛ╩ЦгЬ,Best Prime Group Limited.,2013-11-19 00:2{?,
мБвй(╥ге╥цю),10000хкртио,ио╨ё-ЦиппгЬ,с╒кЁ╢О©ф╪╪споч╧╚к╬,2013-11-19 00:2{?,
мБвй(╥ге╥цю),10000хкртио,ио╨ё,д©╣д╣ьс╙оЗ,2013-11-19 00:2{?,
мБвй(╥ге╥цю),500-1000хк,ио╨ё-б╛мЕгЬ,ио╨ё╩ф╫П╢Н╣╣иЗнО©ф╪╪споч╧╚к╬,2013-11-19 00:2{?,
мБвй(╥ге╥цю),иысз50хк,ио╨ё-фж╤╚пбгЬ,жп╪нхй╨м©ф╪╪ё╗╠╠╬╘ё╘споч╧╚к╬,2013-11-19 00:2{?,
мБвй(╥ге╥цю),50-150хк,ио╨ё-ЦиппгЬ,ио╨ё©╣Ёлр╫т╨╧эюМвия╞споч╧╚к╬,2013-11-19 00:2{?,
мБвй(╥ге╥цю),50-150хк,ио╨ё-Ё╓дЧгЬ,?╩╙©ф╪╪ё╗иНшзё╘споч╧╚к╬,2013-11-19 00:2{?,
мБвй(╥ге╥цю),150-500хк,ио╨ё-фумсгЬ,оёрФо╡ё╗╨╪жщё╘©ф╪╪споч╧╚к╬,2013-11-19 00:2{?,
мБвй(╥ге╥цю),500-1000хк,ио╨ё-фж╤╚пбгЬ,пгу╧рЬппё╗жп╧Зё╘споч╧╚к╬ио╨ё╥жпп,2013-11-19 00:2{,
мБвй(╥ге╥цю),50-150хк,ио╨ё-пЛ╩ЦгЬ,нЁ╢╢вйм╗ё╗ио╨ёё╘споч╧╚к╬,2013-11-19 00:2{,
мБвй(╥ге╥цю),50-150хк,ио╨ё-пЛ╩ЦгЬ,╣цОХ╣Гвс©ф╪╪ё╗ио╨ёё╘споч╧╚к╬,2013-11-19 00:2{,
мБвй(╥ге╥цю),50-150хк,ио╨ё-фж╤╚пбгЬ,цюсИпео╒╪╪йУё╗ио╨ёё╘споч╧╚к╬,2013-11-19 00:2{!,
мБвй(╥ге╥цю),150-500хк,ио╨ё,нВ╠х╟╝к╧фШЁ╣╪╪йУё╗ио╨ёё╘споч╧╚к╬,2013-11-19 00:2{;,
мБвй(╥ге╥цю),50-150хк,ио╨ё-фж╤╚пбгЬ,ио╨ёНёпг╩ЫрР╪╪йУспоч╧╚к╬,2013-11-19 00:2{@,
мБвй(╥ге╥цю),150-500хк,ио╨ё,╥АрФё╗ио╨ёё╘пео╒╪╪йУспоч╧╚к╬,2013-11-19 00:2{J,
мБвй(╥ге╥цю),500-1000хк,ио╨ё,п╞ЁлбцппмЬ╧Цжщ╥ж╧╚к╬,2013-11-19 00:2{V,
мБвй(╥ге╥цю),50-150хк,ио╨ё-фж╤╚пбгЬ,ио╨ёт╤вйпео╒╪╪йУспоч╧╚к╬,2013-11-19 00:2{\,
мБвй(╥ге╥цю),10000хкртио,ио╨ё,╧╔бтиГгЬ╡©,2013-11-19 00:2{x,
мБвй(╥ге╥цю),50-150хк,ио╨ё,с╒жгхк╡е╥ЧнЯё╗ио╨ёё╘споч╧╚к╬,2013-11-19 00:2{?,
мБвй(╥ге╥цю),150-500хк,ио╨ё-у╒╠╠гЬ,ио╨ё╨Л╤╚╧Ф╩╝╫╗жЧиХ╪фспоч╧╚к╬,2013-11-19 00:2{?,
мБвй(╥ге╥цю),150-500хк,ио╨ё-фж╤╚пбгЬ,т╙ц╬пео╒©ф╪╪ё╗ио╨ёё╘споч╧╚к╬,2013-11-19 00:2{?,
мБвй(╥ге╥цю),50-150хк,ио╨ё-ЦиппгЬ,пб©фрФо╣мЁсКвия╞ё╗ио╨ёё╘споч╧╚к╬,2013-11-19 00:2{?,
мБвй(╥ге╥цю),1000-5000хк,ио╨ё-╬╡╟╡гЬ,яОжщсючх©ф╪╪споч╧╚к╬,2013-11-19 00:2{?,
мБвй(╥ге╥цю),500-1000хк,ио╨ё-фж╤╚пбгЬ,╦Я©фн╒╣Гвсё╗ио╨ёё╘споч╧╚к╬,2013-11-19 00:2{?,
мБвй(╥ге╥цю),иысз50хк,ио╨ё,╟╝к╬а╙╥╒хМ╪Ч©ф╪╪ё╗ио╨ёё╘споч╧╚к╬,2013-11-19 00:2{?,
мБвй(╥ге╥цю),50-150хк,ио╨ё-фумсгЬ,ио╨ёрз╢ОбцппиГспоч╧╚к╬,2013-11-19 00:2{?,
мБвй(╥ге╥цю),иысз50хк,ио╨ё-фж╤╚пбгЬ,╨ёй©хМ╪Чё╗ио╨ёё╘споч╧╚к╬,2013-11-19 00:2{?,
мБвй(╥ге╥цю),50-150хк,ио╨ё-╬╡╟╡гЬ,оКдэпео╒©ф╪╪ё╗ио╨ёё╘споч╧╚к╬,2013-11-19 00:2{?,
мБвй(╥ге╥цю),иысз50хк,ио╨ё-╠╕и╫гЬ,╤В╠╡к╪ё╗ио╨ёё╘пео╒©ф╪╪споч╧╚к╬,2013-11-19 00:2{,
мБвй(╥ге╥цю),иысз50хк,ио╨ё-пЛ╩ЦгЬ,ио╨ё╩мгРхк╡ежп╫И╥ЧнЯспоч╧╚к╬,2013-11-19 00:2{,
мБвй(╥ге╥цю),500-1000хк,ио╨ё-фж╤╚пбгЬ,ио╨ё╣з╬еЁгйппео╒╪╪йУспоч╧╚к╬,2013-11-19 00:2{0,
мБвй(╥ге╥цю),500-1000хк,ио╨ё-фж╤╚пбгЬ,мЙцюйю╫Гё╗ио╨ёё╘╥ж╧╚к╬,2013-11-19 00:2{5,
мБвй(╥ге╥цю),иысз50хк,ио╨ё,╟ыа╕╥ЧхМ╪Ч╡Бйтё╗ио╨ёё╘споч╧╚к╬,2013-11-19 00:2{8,
мБвй(╥ге╥цю),150-500хк,ио╨ё,╠╕аЗ╣ь╡З©ь╧испоч╧╚к╬,2013-11-19 00:2{:,
мБвй(╥ге╥цю),150-500хк,ио╨ё,╦╩й©м╗ё╗жп╧Зё╘пео╒о╣мЁспоч╧╚к╬,2013-11-19 00:2{J,
мБвй(╥ге╥цю),500-1000хк,ио╨ё-пЛ╩ЦгЬ,ио╨ё╩т╦Г╨ёой╩П╧Ь╡мрШспоч╧╚к╬,2013-11-19 00:2{W,
мБвй(╥ге╥цю),иысз50хк,ио╨ё-Ё╓дЧгЬ,бС©╣хМ╪Ч©ф╪╪(ио╨ё)споч╧╚к╬,2013-11-19 00:2{b,
мБвй(╥ге╥цю),иысз50хк,ио╨ё-пЛ╩ЦгЬ,к╚сёхМ╪Ч©ф╪╪ё╗ио╨ёё╘споч╧╚к╬,2013-11-19 00:2{c,
мБвй(╥ге╥цю),150-500хк,ио╨ё-фж╤╚пбгЬ,ио╨ё╣шл╘╥╒у╧споч╧╚к╬,2013-11-19 00:2{?,
мБвй(е╥цю),500-1000хк,ио╨ё,╢В╤Шё╗жп╧Зё╘споч╧╚к╬,2013-11-19 00:2{?,
мБвй(е╥цю),иысз50хк,ио╨ё-фж╤╚пбгЬ,б╥рв╢ОФз╦ъгедэт╢цЁрвё╗жп╧Зё╘споч╧╚к╬,2013-11-19 00:2{?,
мБвй(е╥цю),иысз50хк,ио╨ё-фумсгЬ,цьГЙё╗ио╨ёё╘хМ╪Ч©ф╪╪споч╧╚к╬,2013-11-19 00:2{?,
мБвй(е╥цю),1000-5000хк,ио╨ё,360╟╡х╚нюй©,2013-11-19 00:2{?,
мБвй(е╥цю),500-1000хк,ио╨ё,е╥юЁяеё╗жп╧Зё╘споч╧╚к╬,2013-11-19 00:2{?,
мБвй(е╥цю),10000хкртио,ио╨ё-фумсгЬ,╦Яаж╨юл╘╬ф╣Йё╗жп╧Зё╘споч╧╚к╬,2013-11-19 00:2{?,
мБвй(е╥цю),150-500хк,ио╨ё,╤╚ж╔©╙юШ©у╣ВоЗйшё╗ио╨ёё╘споч╧╚к╬,2013-11-19 00:2{?,
мБвй(е╥цю),500-1000хк,ио╨ё-ки╫╜гЬ,©ббМё╗ио╨ёё╘╧╓Ёлспоч╧╚к╬,2013-11-19 00:2{?,
мБвй(е╥цю),150-500хк,ио╨ё-пЛ╩ЦгЬ,ю╫фП©ф╪╪ё╗ио╨ёё╘споч╧╚к╬,2013-11-19 00:2{,
мБвй(е╥цю),500-1000хк,ио╨ё-фумсгЬ,╧ЗцЯсм╬╝╩╙╦ъй╞смиХ╠╦ё╗ио╨ёё╘споч╧╚к╬,2013-11-19 00:2{,
мБвй(е╥цю),500-1000хк,ио╨ё-фж╤╚пбгЬ,╨Й╢Ом╗я╤споч╧╚к╬ё╗HTCё╘,2013-11-19 00:2{,
мБвй(е╥цю),иысз50хк,ио╨ё-фж╤╚пбгЬ,ио╨ёсниЯпео╒╪╪йУспоч╧╚к╬,2013-11-19 00:2{1,
мБвй(е╥цю),150-500хк,ио╨ё-╫Пи╫гЬ,й╔╤╚дАё╗ио╨ёё╘уКж╞╩ЗфВспоч╧╚к╬,2013-11-19 00:2{@,
мБвй(е╥цю),10000хкртио,ио╨ё,ио╨ё╩╙уЯнОаВспоч╧╚к╬,2013-11-19 00:2{j,
мБвй(е╥цю),150-500хк,ио╨ё-фумсгЬ,ио╨ёАгГГм╤вй╧эюМспоч╧╚к╬,2013-11-19 00:2{n,
мБвй(е╥цю),500-1000хк,ио╨ё-ЦиппгЬ,с╒ль╤Шягл╚яп╥╒споч╧╚к╬,2013-11-19 00:2{o,
мБвй(е╥цю),150-500хк,ио╨ё-фж╤╚пбгЬ,╟╡й╒╠ёоуспоч╧╚к╬,2013-11-19 00:2{~,
мБвй(е╥цю),150-500хк,ио╨ё-фж╤╚пбгЬ,фубЕк╧м╤вй╧эюМё╗жп╧Зё╘споч╧╚к╬,2013-11-19 00:2{?,
мБвй(е╥цю),50-150хк,ио╨ё-фж╤╚пбгЬ,мРпю╨мё╗ио╨ёё╘фСр╣╥ЧнЯспоч╧╚к╬,2013-11-19 00:2{?,
мБвй(е╥цю),150-500хк,ио╨ё,Chair Enterprise Consultants Co.,Ltd.,2013-11-19 00:2{?
мБвй(е╥цю),иысз50хк,ио╨ё-пЛ╩ЦгЬ,ио╨ё╠╕лз╣Гвс©ф╪╪споч╧╚к╬,2013-11-19 00:2{?,
мБвй(е╥цю),50-150хк,ио╨ё,ио╨ёс╒╦Яхк╡е╥ЧнЯспоч╧╚к╬,2013-11-19 00:2{?,
мБвй(е╥цю),иысз50хк,ио╨ё,нД╨╨╟ыЁьхка╕вйт╢╧кнйспоч╧╚к╬,2013-11-19 00:2{?,
мБвй(е╥цю),50-150хк,ио╨ё-фж╤╚пбгЬ,снйюрф╤╞м╗пе╪╪йУё╗ио╨ёё╘споч╧╚к╬,2013-11-19 00:2{?,
мБвй(е╥цю),иысз50хк,ио╨ё,хыюкпео╒©ф╪╪ё╗ио╨ёё╘споч╧╚к╬,2013-11-19 00:2{?,
мБвй(е╥цю),50-150хк,ио╨ё-╩ффжгЬ,ЛВмьё╗ио╨ёё╘пео╒╪╪йУспоч╧╚к╬,2013-11-19 00:2{?,
мБвй(е╥цю),500-1000хк,ио╨ё,пбк╪©ф╪╪ё╗ио╨ёё╘споч╧╚к╬,2013-11-19 00:2{?,
мБвй(е╥цю),1000-5000хк,ио╨ё,пб╣╟пео╒╪╪йУё╗жп╧Зё╘споч╧╚к╬,2013-11-19 00:2{?,
мБвй(е╥цю),500-1000хк,ио╨ё,хГпбё╗жп╧Зё╘хусц╠ё╫║ф╥споч╧╚к╬,2013-11-19 00:2{?,
мБвй(е╥цю),50-150хк,ио╨ё-б╛мЕгЬ,яе©АилнЯвия╞(ио╨ё)споч╧╚к╬,2013-11-19 00:2{?,
мБвй(е╥цю),50-150хк,ио╨ё-╩ффжгЬ,PopCap Games Shanghai ио╨ё╠╕©╙хМ╪Чспоч╧╚к╬,2013-11-19 00:2{?,
мБвй(е╥цю),50-150хк,ио╨ё,е╥ндё╗кужщё╘сОят╪╪йУ╥ЧнЯспоч╧╚к╬,2013-11-19 00:2{?,
мБвй(е╥цю),50-150хк,ио╨ё-фж╤╚пбгЬ,й╔цюиЙр╫аф©ф╪╪ё╗ио╨ёё╘споч╧╚к╬,2013-11-19 00:2{?,
мБвй(е╥цю),500-1000хк,ио╨ё,╡нйЩ╪╪йУё╗оЦ╦шё╘споч╧╚к╬,2013-11-19 00:2{?,
мБвй(е╥цю),50-150хк,ио╨ё,ио╨ё╠омЧй╓хМ╪Ч╪╪йУспоч╧╚к╬,2013-11-19 00:2{Ъ,
мБвй(е╥цю),500-1000хк,ио╨ё,нчнЩт╤╫щпео╒╪╪йУспоч╧╚к╬,2013-11-19 00:2{,
мБвй(е╥цю),10000хкртио,ио╨ё,╣╓бМй©╩╥гРнОаВё╗ио╨ёё╘споч╧╚к╬,"2013-11-19 00:2{	",
мБвй(е╥цю),500-1000хк,ио╨ё,ио╨ёдА╤Ши╜йпЁ║яп╬©споч╧╚к╬ё╗Nielsenё╘,2013-11-19 00:2{,
мБвй(е╥цю),50-150хк,ио╨ё,╫щ╦╩©╜╧З╪йнОаВё╗жп╧Зё╘споч╧╚к╬,2013-11-19 00:2{8,
мБвй(е╥цю),150-500хк,ио╨ё-╬╡╟╡гЬ,╦ЯбЕхП╧З╪йцЁрвё╗ио╨ёё╘споч╧╚к╬,2013-11-19 00:2{O,
мБвй(е╥цю),иысз50хк,ио╨ё,╬╢╢ОйЩбК©ф╪╪ё╗ио╨ёё╘споч╧╚к╬,2013-11-19 00:2{Q,
мБвй(е╥цю),50-150хк,ио╨ё-╠╕и╫гЬ,╟ъбМнОа╙мЬ,2013-11-19 00:2{U,
мБвй(е╥цю),500-1000хк,ио╨ё-пЛ╩ЦгЬ,ЛьцТм╗я╤╪╪йУё╗ио╨ёё╘споч╧╚к╬,2013-11-19 00:2{],
мБвй(е╥цю),150-500хк,ио╨ё,цв╤ыбч╧╓р╣иХ╠╦ё╗ио╨ёё╘споч╧╚к╬,2013-11-19 00:2{`,
мБвй(е╥цю),5000-10000хк,ио╨ё,м╗а╕╣Глщспоч╧╚к╬,2013-11-19 00:2{b,
мБвй(е╥цю),150-500хк,ио╨ё-б╛мЕгЬ,к╪╣охМ╪Ч©ф╪╪ё╗иНшзё╘споч╧╚к╬,2013-11-19 00:2{g,
мБвй(е╥цю),50-150хк,ио╨ё,Bizerba (Shanghai) WeighTech & Systems Co., Ltd,2013-11-19 00:2{j
мБвй(е╥цю),1000-5000хк,ио╨ё-гЮфжгЬ,бчи╜╡╝╦Яягл╚╣Гвсспоч╧╚к╬,2013-11-19 00:2{v,
мБвй(е╥цю),150-500хк,ио╨ё,ГЙ╫П╟ё╤Шд╛ргфВё╗ио╨ёё╘споч╧╚к╬Perkinelmer,2013-11-19 00:2{z,
мБвй(е╥цю),150-500хк,ио╨ё-фж╤╚пбгЬ,╣бюШ╤Ю╦╩пео╒о╣мЁё╗ио╨ёё╘споч╧╚к╬ Wincor Nixdorf Retail & Banking Systems (Shanghai) Co. Ltd.,2013-11-19 00:2{},
мБвй(е╥цю),500-1000хк,ио╨ё-ЦиппгЬ,╤ею╜н╛льё╗жп╧Зё╘╫Ю╬ъспоч╧╚к╬,2013-11-19 00:2{?,
мБвй(е╥цю),500-1000хк,ио╨ё,TeradataцюиллЛНё,2013-11-19 00:2{?,
мБвй(е╥цю),10000хкртио,ио╨ё-Ё╓дЧгЬ,╨╨м╔пг©уё╗ио╨ёё╘╬ф╣Й╧эюМспоч╧╚к╬,2013-11-19 00:2{?,
мБвй(е╥цю),500-1000хк,ио╨ё-фж╤╚пбгЬ,ио╨ёуфн╒╣Гвс╪╪йУспоч╧╚к╬,2013-11-19 00:2{?,
мБвй(е╥цю),50-150хк,ио╨ё,ио╨ёлЛвнилнЯвия╞споч╧╚к╬,2013-11-19 00:2{?,
мБвй(е╥цю),150-500хк,ио╨ё,╧ЧбЭё╗жп╧Зё╘м╤вйспоч╧╚к╬,2013-11-19 00:2{?,
мБвй(е╥цю),иысз50хк,ио╨ё-яНфжгЬ,ио╨ё©Л╢╢с╙╧их╗м╤вй╧эюМфСр╣ё╗споч╨о╩Оё╘,2013-11-19 00:2{?,
мБвй(е╥цю),иысз50хк,ио╨ё-фж╤╚пбгЬ,╠╠╬╘╨ф╦╩╨фпе╡ф╦╩╧эюМ╧кнйспоч╧╚к╬,2013-11-19 00:2{?,
мБвй(е╥цю),150-500хк,ио╨ё-╥НомгЬ,бМюу╪╪йУм╤вйё╗жп╧Зё╘споч╧╚к╬,2013-11-19 00:2{?,
мБвй(е╥цю),150-500хк,ио╨ё,уФуД╟ъбМ╪╪йУцЁрвё╗ио╨ёё╘споч╧╚к╬,2013-11-19 00:2{?,
мБвй(е╥цю),500-1000хк,ио╨ё-фж╤╚пбгЬ,╦Пю╪кьй╥©кё╗жп╧Зё╘╢╕╥╫р╘йбр╣╡©,2013-11-19 00:2{?,
мБвй(е╥цю),50-150хк,ио╨ё-пЛ╩ЦгЬ,ио╨ё╨Кйсм╗пе╪╪йУспоч╧╚к╬,2013-11-19 00:2{?,
мБвй(е╥цю),50-150хк,ио╨ё,╡╘к╪╦Я╦жлЗжп╧ЗгЬвэ╡©,2013-11-19 00:2{?,
мБвй(е╥цю),150-500хк,ио╨ё,╬шнОлзтфнОа╙мЬё╗ио╨ёё╘споч╧╚к╬,2013-11-19 00:2{?,
мБвй(е╥цю),50-150хк,ио╨ё,льк╪жгдэб╔сН©ф╪╪ё╗ио╨ёё╘споч╧╚к╬,2013-11-19 00:2{?,
мБвй(е╥цю),150-500хк,ио╨ё,й╒я╤©ф╪╪ё╗лЛ╫Рё╘споч╧╚к╬,2013-11-19 00:2{?,
мБвй(е╥цю),1000-5000хк,ио╨ё-фж╤╚пбгЬ,ио╨ё╬╤╣ЦхМ╪Ч©ф╪╪споч╧╚к╬,2013-11-19 00:2{?,
мБвй(е╥цю),50-150хк,ио╨ё-пЛ╩ЦгЬ,тфбГмЬбГ©ф╪╪ё╗ио╨ёё╘споч╧╚к╬,2013-11-19 00:2{?,
мБвй(е╥цю),иысз50хк,ио╨ё-пЛ╩ЦгЬ,ио╨ёв©бЁмЬбГ©ф╪╪споч╧╚к╬,2013-11-19 00:2{?,
мБвй(е╥цю),500-1000хк,ио╨ё,╩ТдАн╓╤Шё╗жп╧Зё╘споч╧╚к╬,2013-11-19 00:2{?,
мБвй(е╥цю),50-150хк,ио╨ё-пЛ╩ЦгЬ,пг╟м©кфСр╣╧эюМё╗жп╧Зё╘споч╧╚к╬,2013-11-19 00:2{,
мБвй(е╥цю),150-500хк,ио╨ё-╩ффжгЬ,пк╩╙©фргё╗жп╧Зё╘споч╧╚к╬,2013-11-19 00:2{,
мБвй(е╥цю),1000-5000хк,ио╨ё-пЛ╩ЦгЬ,се©Ама╤╧╪╞ме,2013-11-19 00:2{,
мБвй(е╥цю),иысз50хк,ио╨ё,ио╨ёфЕт╤хМ╪Чспоч╧╚к╬,2013-11-19 00:2{,
мБвй(е╥цю),500-1000хк,ио╨ё,╧Цжщйп╣бЯ╢фСр╣╧эюМвия╞споч╧╚к╬,2013-11-19 00:2{,
мБвй(е╥цю),150-500хк,ио╨ё-╩ффжгЬ,╤В╦╩ё╗ио╨ёё╘хМ╪Чспоч╧╚к╬,2013-11-19 00:2{,
мБвй(е╥цю),150-500хк,ио╨ё,дЁмБвй╧╚к╬,2013-11-19 00:2{,
мБвй(е╥цю),50-150хк,ио╨ё,╥я╟ёуэпео╒╪╪йУё╗╠╠╬╘ё╘споч╧╚к╬,2013-11-19 00:2{#,
мБвй(е╥цю),50-150хк,ио╨ё-пЛ╩ЦгЬ,╟╩╣бпео╒©ф╪╪ё╗ио╨ёё╘споч╧╚к╬,2013-11-19 00:2{(,
мБвй(е╥цю),50-150хк,ио╨ё-пЛ╩ЦгЬ,╟ыпумЬ,2013-11-19 00:2{,
мБвй(е╥цю),50-150хк,ио╨ё-╩ффжгЬ,ио╨ёхЭю╤пео╒©ф╪╪споч╧╚к╬,2013-11-19 00:2{2,
мБвй(е╥цю),150-500хк,ио╨ё,юШй╓╣ьжп╨ё╨╫тк(ио╨ё)споч╧╚к╬,2013-11-19 00:2{9,
мБвй(е╥цю),500-1000хк,ио╨ё-яНфжгЬ,е╥ипё╗жп╧Зё╘м╤вйспоч╧╚к╬,2013-11-19 00:2{<,
мБвй(е╥цю),50-150хк,ио╨ё,фС╟╡╢Оё╗ио╨ёё╘╧эюМо╣мЁхМ╪Чспоч╧╚к╬,2013-11-19 00:2{I,
мБвй(е╥цю),иысз50хк,ио╨ё-б╛мЕгЬ,╠╤НёхМ╪Чё╗ио╨ёё╘споч╧╚к╬,2013-11-19 00:2{o,
мБвй(е╥цю),500-1000хк,ио╨ё-Ё╓дЧгЬ,╫щфу©ф╪╪ё╗ио╨ёё╘споч╧╚к╬ Jabil Circuit (Shanghai) Ltd.,2013-11-19 00:2{w,
мБвй(е╥цю),50-150хк,ио╨ё-фж╤╚пбгЬ,нВм╪вт╤╞©ьжфё╗ио╨ёё╘споч╧╚к╬,2013-11-19 00:2{z,
мБвй(е╥цю),5000-10000хк,ио╨ё,AkzoNobel ╟╒©ккуе╣╠╢╤Ш - Functional Chemicals,2013-11-19 00:2{~,
мБвй(е╥цю),5000-10000хк,ио╨ё,с╒сРЁисОятеЮя╣ё╗ио╨ёё╘споч╧╚к╬ё╗EF с╒Фз╫лсЩё╘,2013-11-19 00:2{?,
мБвй(е╥цю),150-500хк,ио╨ё,нВ╟╡╩╙я╤©ф╪╪спочтПхн╧╚к╬,2013-11-19 00:2{?,
мБвй(е╥цю),иысз50хк,ио╨ё-фж╤╚пбгЬ,ио╨ёсПихжгпео╒©ф╪╪споч╧╚к╬,2013-11-19 00:2{?,
мБвй(е╥цю),500-1000хк,ио╨ё-Ё╓дЧгЬ,Life Technologies,2013-11-19 00:2{?,
мБвй(е╥цю),500-1000хк,ио╨ё,©б╩щё╗жп╧Зё╘р╫аффВ╡д╪╪йУспоч╧╚к╬,2013-11-19 00:2{?,
мБвй(е╥цю),500-1000хк,ио╨ё-фж╤╚пбгЬ,╟╒к╧юШ©╣жп╧З,2013-11-19 00:2{?,
мБвй(е╥цю),50-150хк,ио╨ё-фж╤╚пбгЬ,ра╠ьфШЁ╣хМ╪Чё╗ио╨ёё╘споч╧╚к╬,2013-11-19 00:2{?,
мБвй(е╥цю),500-1000хк,ио╨ё,еЮиЗжп╧З,2013-11-19 00:2{?,
мБвй(е╥цю),иысз50хк,ио╨ё-фж╤╚пбгЬ,╠ь╡╘мЬбГ©ф╪╪ё╗ио╨ёё╘споч╧╚к╬,2013-11-19 00:2{?,
мБвй(е╥цю),150-500хк,ио╨ё-Ё╓дЧгЬ,пЯ╤╞ё╗ио╨ёё╘╥Чйнспоч╧╚к╬,2013-11-19 00:2{?,
мБвй(е╥цю),50-150хк,ио╨ё,╧Ао╣пео╒©ф╪╪ё╗ио╨ёё╘споч╧╚к╬,2013-11-19 00:2{?,
мБвй(е╥цю),500-1000хк,ио╨ё,цю╧З╬╤╣Ц©ф╪╪споч╧╚к╬╢Са╛яп╥╒жппд,2013-11-19 00:2{?,
мБвй(е╥цю),500-1000хк,ио╨ё-фж╤╚пбгЬ,╧б╣╨ё╗ио╨ёё╘хМ╪Чспоч╧╚к╬,2013-11-19 00:2{?,
мБвй(е╥цю),500-1000хк,ио╨ё,с╒н╟╢О╟К╣╪лЕ©ф╪╪ё╗ио╨ёё╘споч╧╚к╬,2013-11-19 00:2{?,
мБвй(е╥цю),500-1000хк,ио╨ё,с╒╦ЯкВю╪ё╗жп╧Зё╘м╤вйспоч╧╚к╬,2013-11-19 00:2{?,
мБвй(е╥цю),50-150хк,ио╨ё-фж╤╚пбгЬ,вйй╤йП╫Пхзпео╒╥ЧнЯё╗ио╨ёё╘споч╧╚к╬,2013-11-19 00:2{?,
мБвй(е╥цю),иысз50хк,ио╨ё-фж╤╚пбгЬ,╣б╤Вё╗╠╠╬╘ё╘╧эюМвия╞споч╧╚к╬,2013-11-19 00:2{?,
мБвй(е╥цю),150-500хк,ио╨ё,╟╡©мЁопео╒╥ЧнЯё╗ио╨ёё╘споч╧╚к╬,2013-11-19 00:2{?,
мБвй(е╥цю),500-1000хк,ио╨ё,м╗сцфШЁ╣ё╗жп╧Зё╘м╤вйспоч╧╚к╬,2013-11-19 00:2{,
мБвй(е╥цю),500-1000хк,ио╨ё-╪н╤╗гЬ,нУ©ийЁф╥©ф╪╪ё╗ио╨ёё╘споч╧╚к╬,2013-11-19 00:2{,
мБвй(е╥цю),150-500хк,ио╨ё-Ё╓дЧгЬ,с╒╧З╨юбУ╧З╪йспоч╧╚к╬╧Цжщ╢З╠М╢╕,"2013-11-19 00:2{	",
мБвй(е╥цю),иысз50хк,ио╨ё-пЛ╩ЦгЬ,жг╢О╧╓Ёл╪╪йУё╗кужщё╘споч╧╚к╬ио╨ё╥ж╧╚к╬,2013-11-19 00:2{,
мБвй(е╥цю),500-1000хк,ио╨ё,╧л╡╛бжл╔ё╗жп╧Зё╘м╤вйспоч╧╚к╬,2013-11-19 00:2{,
мБвй(е╥цю),иысз50хк,ио╨ё-пЛ╩ЦгЬ,╟шб╥╣цпео╒╪╪йУё╗ио╨ёё╘споч╧╚к╬,2013-11-19 00:2{,
мБвй(е╥цю),1000-5000хк,ио╨ё,AMARISд╕эгк╪©ф╪╪вия╞ё╗ио╨ёё╘споч╧╚к╬,2013-11-19 00:2{/,
мБвй(е╥цю),иысз50хк,ио╨ё-б╛мЕгЬ,к╧╟ьилнЯвия╞ё╗ио╨ёё╘споч╧╚к╬,2013-11-19 00:2{9,
мБвй(е╥цю),500-1000хк,ио╨ё-фж╤╚пбгЬ,мп©кцЁрвё╗ио╨ёё╘споч╧╚к╬,2013-11-19 00:2{;,
мБвй(е╥цю),500-1000хк,ио╨ё,сеюШё╗ио╨ёё╘пео╒╪╪йУспоч╧╚к╬,2013-11-19 00:2{O,
мБвй(е╥цю),50-150хк,ио╨ё-ки╫╜гЬ,ио╨ёхЩ╟ё╦╔╣Гвсспоч╧╚к╬,2013-11-19 00:2{Z,
мБвй(е╥цю),иысз50хк,ио╨ё,й╓мппео╒╪╪йУё╗ио╨ёё╘споч╧╚к╬,2013-11-19 00:2{e,
мБвй(е╥цю),150-500хк,ио╨ё-фж╤╚пбгЬ,люи╜б╥м╦╫Пхзпео╒╥ЧнЯё╗жп╧Зё╘споч╧╚к╬,2013-11-19 00:2{k,
мБвй(е╥цю),150-500хк,ио╨ё,цю╧ЗрЬпп,2013-11-19 00:2{n,
мБвй(е╥цю),50-150хк,ио╨ё-у╒╠╠гЬ,бИю╠бМ╪фкЦ╩ЗхМ╪Чё╗ио╨ёё╘споч╧╚к╬,2013-11-19 00:2{s,
мБвй(е╥цю),иысз50хк,ио╨ё-фж╤╚пбгЬ,©флз©ф╪╪ё╗╠╠╬╘ё╘споч╧╚к╬ио╨ё╥ж╧╚к╬,2013-11-19 00:2{,
мБвй(е╥цю),50-150хк,ио╨ё,мЧй╒дик╧ё╗кужщё╘р╫аффВп╣споч╧╚к╬,2013-11-19 00:2{?,
мБвй(е╥цю),иысз50хк,ио╨ё-Ё╓дЧгЬ,╨Лм╔ё╗ио╨ёё╘цЁрвспоч╧╚к╬,2013-11-19 00:2{?,
мБвй(е╥цю),150-500хк,ио╨ё,Mercuri Urval,2013-11-19 00:2{?,
мБвй(е╥цю),500-1000хк,ио╨ё-Ё╓дЧгЬ,уЦ╫╜Йе╩тяТ╧Бдэт╢споч╧╚к╬,2013-11-19 00:2{?,
мБвй(е╥цю),иысз50хк,ио╨ё-╬╡╟╡гЬ,ио╨ёи╙?мЬбГ©ф╪╪споч╧╚к╬,2013-11-19 00:2{?,
н╢ж╙юЮпм,10000хкртио,ио╨ё,ио╨ё╥©нщоЗйшё╗╪╞меё╘споч╧╚к╬,2013-11-19 00:2{?,
н╢ж╙юЮпм,иысз50хк,ио╨ё-фж╤╚пбгЬ,ио╨ё╪╙╩╒м╤вй╧эюМспоч╧╚к╬,2013-11-19 00:2{?,
н╢ж╙юЮпм,150-500хк,ио╨ё-фумсгЬ,╠╠╬╘╩ш╡╘╢╢╡Бм╗пе╪╪йУспоч╧╚к╬,2013-11-19 00:2{?,
н╢ж╙юЮпм,50-150хк,ио╨ё-фумсгЬ,ио╨ё╤╚╥╫яс╩╙╫здэ╪╪йУ╥ЧнЯ╧и╥щспоч╧╚к╬,2013-11-19 00:2{?,
н╢ж╙юЮпм,50-150хк,ио╨ё-пЛ╩ЦгЬ,ио╨ё╨╨рз╪фкЦ╩З©ф╪╪споч╧╚к╬,2013-11-19 00:2{,
н╢ж╙юЮпм,50-150хк,ио╨ё-пЛ╩ЦгЬ,ио╨ё╤хцЯиЗцЭпео╒©ф╪╪споч╧╚к╬,2013-11-19 00:2{,
н╢ж╙юЮпм,иысз50хк,ио╨ё-пЛ╩ЦгЬ,ио╨ёоёснмЬбГ╪╪йУспоч╧╚к╬,2013-11-19 00:2{,
н╢ж╙юЮпм,150-500хк,ио╨ё-ки╫╜гЬ,╠Ж╣цюЬ╬╚©ф╪╪ё╗ио╨ёё╘споч╧╚к╬,2013-11-19 00:2{%,
н╢ж╙юЮпм,150-500хк,ио╨ё-╩ффжгЬ,ио╨ёпбйю╪мвйпефю╧юм╤вй╥ЧнЯспоч╧╚к╬,2013-11-19 00:2{-,
н╢ж╙юЮпм,50-150хк,ио╨ё,ио╨ёрв╬╟пео╒©ф╪╪споч╧╚к╬,2013-11-19 00:2{9,
н╢ж╙юЮпм,н╢ж╙╧Фдё,ио╨ё,ио╨ёп║е╞нд╩╞╢╢рБспоч╧╚к╬,2013-11-19 00:2{:,
н╢ж╙юЮпм,500-1000хк,ио╨ё,╩╙ф╫пео╒╪╪йУ╧и╥щспоч╧╚к╬,2013-11-19 00:2{B,
н╢ж╙юЮпм,150-500хк,ио╨ё-╠╕и╫гЬ,ио╨ёй╘дм╣бхуй╒╩Зп╣ё╗╪╞меё╘споч╧╚к╬,2013-11-19 00:2{F,
н╢ж╙юЮпм,50-150хк,ио╨ё-яНфжгЬ,ио╨ёнВхЯжь╧╓©ф╪╪споч╧╚к╬,2013-11-19 00:2{L,
н╢ж╙юЮпм,50-150хк,ио╨ё-пЛ╩ЦгЬ,ChinaAutoMarket,2013-11-19 00:2{\,
н╢ж╙юЮпм,иысз50хк,ио╨ё-яНфжгЬ,║╤╪р╬сйю╫Г║╥║╒║╤╡╪руйю╫Г║╥тсж╬иГ,2013-11-19 00:2{p,
н╢ж╙юЮпм,50-150хк,ио╨ё-фж╤╚пбгЬ,ио╨ё╪╚т╙╫Пхзпео╒вия╞╥ЧнЯ╧и╥щспоч╧╚к╬,2013-11-19 00:2{w,
н╢ж╙юЮпм,иысз50хк,ио╨ё-фж╤╚пбгЬ,ио╨ёяп╢╢хк╡е╥ЧнЯспоч╧╚к╬,2013-11-19 00:2{?,
н╢ж╙юЮпм,иысз50хк,ио╨ё-пЛ╩ЦгЬ,ио╨ёпбгехка╕вйт╢споч╧╚к╬,2013-11-19 00:2{?,
н╢ж╙юЮпм,500-1000хк,ио╨ё,ио╨ёжбгзфСр╣╧эюМвия╞споч╧╚к╬,2013-11-19 00:2{?,
н╢ж╙юЮпм,50-150хк,ио╨ё,ио╨ёбМ╤Шк╧фСр╣╧эюМвия╞споч╧╚к╬,2013-11-19 00:2{?,
н╢ж╙юЮпм,150-500хк,ио╨ё-пЛ╩ЦгЬ,ио╨ёмРжзр╫т╨споч╧╚к╬,2013-11-19 00:2{?,
н╢ж╙юЮпм,50-150хк,ио╨ё-яНфжгЬ,ио╨ёЁ╛сРнОаВ╥╒у╧споч╧╚к╬,2013-11-19 00:2{?,
н╢ж╙юЮпм,5000-10000хк,ио╨ё-фж╤╚пбгЬ,╨╪жщ╨ё©╣мЧйсйЩвж╪╪йУ╧и╥щспоч╧╚к╬,2013-11-19 00:2{?,
н╢ж╙юЮпм,150-500хк,ио╨ё-╬╡╟╡гЬ,с╞й╞фСр╣╧эюМ(ио╨ё)споч╧╚к╬,2013-11-19 00:2{?,
н╢ж╙юЮпм,50-150хк,ио╨ё-фж╤╚пбгЬ,ио╨ёйппео╒м╤вй╧и╥щспоч╧╚к╬,2013-11-19 00:2{?,
н╢ж╙юЮпм,500-1000хк,ио╨ё,аЗфЛ╪╞ме-аЗфЛ©ф╪╪ё╗ио╨ёё╘споч╧╚к╬,2013-11-19 00:2{?,
н╢ж╙юЮпм,н╢ж╙╧Фдё,ио╨ё,жп╧Зж╓х╞╣г╪г╫АкЦспочтПхн╧╚к╬ио╨ё╥ж╧╚к╬,2013-11-19 00:2{?,
н╢ж╙юЮпм,иысз50хк,ио╨ё,ио╨ёиЙ╥гпео╒╪╪йУспоч╧╚к╬,2013-11-19 00:2{?,
н╢ж╙юЮпм,иысз50хк,ио╨ё-фж╤╚пбгЬ,ио╨ётцснпео╒©ф╪╪споч╧╚к╬,2013-11-19 00:2{,
н╢ж╙юЮпм,иысз50хк,ио╨ё-фж╤╚пбгЬ,ио╨ёгз©╜пео╒©ф╪╪споч╧╚к╬,2013-11-19 00:2{,
н╢ж╙юЮпм,н╢ж╙╧Фдё,ио╨ё,╥фдАхЬ╧Б╣Гм╗я╤ё╗ио╨ёё╘споч╧╚к╬,2013-11-19 00:2{1,
н╢ж╙юЮпм,50-150хк,ио╨ё-ЦиппгЬ,ио╨ёхЭлЛм╗пе╪╪йУспоч╧╚к╬,2013-11-19 00:2{D,
н╢ж╙юЮпм,50-150хк,ио╨ё-╨Г©згЬ,ио╨ёю╫лзжгдэ©ф╪╪споч╧╚к╬,2013-11-19 00:2{N,
н╢ж╙юЮпм,1000-5000хк,ио╨ё,т╤╧БхМ╪Ч╧и╥щспоч╧╚к╬,2013-11-19 00:2{X,
н╢ж╙юЮпм,иысз50хк,ио╨ё-б╛мЕгЬ,до╬╘в©╫э╧эюМ╧кнйспоч╧╚к╬,2013-11-19 00:2{h,
н╢ж╙юЮпм,иысз50хк,ио╨ё-ЦиппгЬ,ио╨ё╬╞╩т╣Гвс©ф╪╪споч╧╚к╬,2013-11-19 00:2{l,
н╢ж╙юЮпм,150-500хк,ио╨ё,ио╨ё©фпЯмЬбГ╪╪йУспоч╧╚к╬,2013-11-19 00:2{|,
н╢ж╙юЮпм,иысз50хк,ио╨ё-фж╤╚пбгЬ,╧Ц╥╒илцЁспоч╧╚к╬,2013-11-19 00:2{?,
н╢ж╙юЮпм,50-150хк,ио╨ё-пЛ╩ЦгЬ,ио╨ё╠л╨╨мЬбГ©ф╪╪споч╧╚к╬,2013-11-19 00:2{?,
н╢ж╙юЮпм,50-150хк,ио╨ё,ио╨ё╩Ыцюнд╩╞╢╚ц╫╧и╥щспоч╧╚к╬,2013-11-19 00:2{?,
н╢ж╙юЮпм,150-500хк,ио╨ё,ио╨ё╬шй╓мР╨о╧Ц╦Фспоч╧╚к╬,2013-11-19 00:2{?,
н╢ж╙юЮпм,иысз50хк,ио╨ё,ио╨ё╡╘╤╜фСр╣╧эюМвия╞споч╧╚к╬,2013-11-19 00:2{?,
н╢ж╙юЮпм,иысз50хк,ио╨ё,до╬╘куи╨фСр╣╧эюМспоч╧╚к╬,2013-11-19 00:2{?,
н╢ж╙юЮпм,10000хкртио,ио╨ё,ио╨ёф╫╟╡фШЁ╣╣ГвсилнЯспоч╧╚к╬,2013-11-19 00:2{?,
н╢ж╙юЮпм,50-150хк,ио╨ё-╬╡╟╡гЬ,ио╨ё╨ф╥╫©ф╪╪споч╧╚к╬,2013-11-19 00:2{?,
н╢ж╙юЮпм,иысз50хк,ио╨ё-ЦиппгЬ,ио╨ёрФ╢╢пео╒©ф╪╪споч╧╚к╬,2013-11-19 00:2{?,
н╢ж╙юЮпм,500-1000хк,ио╨ё-╩ффжгЬ,нбжщрЬпп╧и╥щспоч╧╚к╬ио╨ё╥жпп,2013-11-19 00:2{?,
н╢ж╙юЮпм,50-150хк,ио╨ё,ио╨ё╤╔жЯм╗я╤╪╪йУспоч╧╚к╬,2013-11-19 00:2{,
н╢ж╙юЮпм,150-500хк,ио╨ё-гЮфжгЬ,секынОаВспоч╧╚к╬,2013-11-19 00:2{,
н╢ж╙юЮпм,500-1000хк,ио╨ё-╠╕и╫гЬ,ио╨ё╫╗еДаЗ╫╗╡деДкмспоч╧╚к╬,2013-11-19 00:2{),
н╢ж╙юЮпм,50-150хк,ио╨ё-фж╤╚пбгЬ,ио╨ё╟╛рупео╒╪╪йУспоч╧╚к╬,2013-11-19 00:2{+,
н╢ж╙юЮпм,150-500хк,ио╨ё,иос╟сю╩╙?╨ёио╧З╪йс╟Ёг,2013-11-19 00:2{G,
н╢ж╙юЮпм,50-150хк,ио╨ё,ио╨ё╣б©╗╥Чв╟©ф╪╪споч╧╚к╬,2013-11-19 00:2{s,
н╢ж╙юЮпм,н╢ж╙╧Фдё,ио╨ё,╠╕бМё╗жп╧Зё╘╥ЧнЯспоч╧╚к╬ BMW China Services Ltd.,2013-11-19 00:2{|,
н╢ж╙юЮпм,150-500хк,ио╨ё,пкж╓фз╩Успоч╧╚к╬,2013-11-19 00:2{,
н╢ж╙юЮпм,150-500хк,ио╨ё-фж╤╚пбгЬ,рзя╦ё╗жп╧Зё╘хМ╪Чспоч╧╚к╬,2013-11-19 00:2{?,
н╢ж╙юЮпм,50-150хк,ио╨ё-пЛ╩ЦгЬ,ио╨ёрфтфпео╒©ф╪╪споч╧╚к╬,2013-11-19 00:2{?,
н╢ж╙юЮпм,иысз50хк,ио╨ё,кужщ╡╗с╟р╫аф╪╪йУспоч╧╚к╬,2013-11-19 00:2{?,
н╢ж╙юЮпм,н╢ж╙╧Фдё,ио╨ё-пЛ╩ЦгЬ,ио╨ёлтцвмЬбГ©ф╪╪споч╧╚к╬,2013-11-19 00:2{?,
н╢ж╙юЮпм,н╢ж╙╧Фдё,ио╨ё-фумсгЬ,ио╨ё╪нсс╡ф╦╩бцснпео╒©ф╪╪споч╧╚к╬,2013-11-19 00:2{?,
н╢ж╙юЮпм,н╢ж╙╧Фдё,ио╨ё,жп╧З╣Гвс©ф╪╪╪╞ме╧╚к╬╣зхЩй╝╤Чяп╬©кЫ,2013-11-19 00:2{?,
н╢ж╙юЮпм,н╢ж╙╧Фдё,ио╨ё,╨ёдорв╫╗©ф╪╪╧и╥щспоч╧╚к╬,2013-11-19 00:2{?,
н╢ж╙юЮпм,н╢ж╙╧Фдё,ио╨ё,жп╧З╩щфуспоч╧╚к╬,2013-11-19 00:2{?,
н╢ж╙юЮпм,150-500хк,ио╨ё-фумсгЬ,ио╨ё╦╩©╜мЬбГпео╒╪╪йУспоч╧╚к╬,2013-11-19 00:2{?,
н╢ж╙юЮпм,50-150хк,ио╨ё-фумсгЬ,ил╟ёгЗмЬбГхМ╪Чё╗ио╨ёё╘споч╧╚к╬,2013-11-19 00:2{?,
н╢ж╙юЮпм,н╢ж╙╧Фдё,ио╨ё-у╒╠╠гЬ,ху╣Гё╗жп╧Зё╘споч╧╚к╬,2013-11-19 00:2{?,
н╢ж╙юЮпм,н╢ж╙╧Фдё,ио╨ё-пЛ╩ЦгЬ,к╪©фо╣мЁё╗жп╧Зё╘мЬбГ╪╪йУспоч╧╚к╬ио╨ёЁ╓дЧ╥ж╧╚к╬,2013-11-19 00:2{?,
н╢ж╙юЮпм,иысз50хк,ио╨ё,╧Цжщйп╟шк╧вия╞споч╧╚к╬,2013-11-19 00:2{?,
н╢ж╙юЮпм,150-500хк,ио╨ё,ио╨ёю╓╟╝иЗнО©ф╪╪споч╧╚к╬,2013-11-19 00:2{,
н╢ж╙юЮпм,н╢ж╙╧Фдё,ио╨ё,╧З╪йилр╣╩ЗфВё╗жп╧Зё╘споч╧╚к╬,2013-11-19 00:2{+,
н╢ж╙юЮпм,50-150хк,ио╨ё-Ё╓дЧгЬ,ио╨ё╩╙лцмЬбГспоч╧╚к╬,2013-11-19 00:2{>,
н╢ж╙юЮпм,иысз50хк,ио╨ё,ио╨ё╩ЦоёфСр╣╧эюМвия╞споч╧╚к╬,2013-11-19 00:2{I,
н╢ж╙юЮпм,50-150хк,ио╨ё-Ё╓дЧгЬ,ио╨ёхСа╙нОаВспоч╧╚к╬,2013-11-19 00:2{[,
н╢ж╙юЮпм,н╢ж╙╧Фдё,ио╨ё-пЛ╩ЦгЬ,ио╨ёт╔пгфСа╙юмнЯеиг╡споч╧╚к╬,2013-11-19 00:2{\,
н╢ж╙юЮпм,150-500хк,ио╨ё,ио╨ёЁ╘пгпео╒©ф╪╪споч╧╚к╬,2013-11-19 00:2{^,
н╢ж╙юЮпм,н╢ж╙╧Фдё,ио╨ё,иНшзф╫╟╡╫Пхз©ф╪╪вия╞споч╧╚к╬ио╨ё╥ж╧╚к╬,2013-11-19 00:2{t,
н╢ж╙юЮпм,1000-5000хк,ио╨ё,╥О╩кмЬ,2013-11-19 00:2{z,
н╢ж╙юЮпм,50-150хк,ио╨ё-фж╤╚пбгЬ,юХНёилнЯвия╞ё╗ио╨ёё╘споч╧╚к╬,2013-11-19 00:2{?,
н╢ж╙юЮпм,иысз50хк,ио╨ё-Ё╓дЧгЬ,ио╨ё╨╨Й©лфтлмЬбГ©ф╪╪споч╧╚к╬,2013-11-19 00:2{?,
н╢ж╙юЮпм,н╢ж╙╧Фдё,ио╨ё,иРяТ╩З╢╡ё╗╪╞меё╘спочтПхн╧╚к╬,2013-11-19 00:2{?,
н╢ж╙юЮпм,иысз50хк,ио╨ё-╬╡╟╡гЬ,ио╨ё╟╨й╒жгдэ╧╓Ёлспоч╧╚к╬,2013-11-19 00:2{?,
н╢ж╙юЮпм,50-150хк,ио╨ё-╪н╤╗гЬ,ио╨ёа╛ЁлилнЯ╥╒у╧споч╧╚к╬,2013-11-19 00:2{?,
н╢ж╙юЮпм,н╢ж╙╧Фдё,ио╨ё,╢Слфрф╤╞м╗пеиХ╠╦споч╧╚к╬,2013-11-19 00:2{?,
