type,guimo,location,name,inserttime,
мБвй(е╥цю),50-150хк,ио╨ё-╬╡╟╡гЬ,ио╨ёкясямЬбГ©ф╪╪споч╧╚к╬,"2013-11-19 00:2{	",
мБвй(╥ге╥цю),150-500хк,ио╨ё-╩ффжгЬ,ио╨ё╬цсИмЬбГ©ф╪╪споч╧╚к╬,2013-11-19 00:2{,
мБвй(╥ге╥цю),50-150хк,ио╨ё-Ё╓дЧгЬ,╠╠╬╘юШжз╣цс╕сц╪╪йУспоч╧╚к╬ио╨ё╥ж╧╚к╬,2013-11-19 00:2{,
цЯс╙╧╚к╬,150-500хк,ио╨ё-пЛ╩ЦгЬ,ио╨ёрвбчпео╒©ф╪╪споч╧╚к╬,2013-11-19 00:2{,
╨овй(╥ге╥цю),50-150хк,ио╨ё-у╒╠╠гЬ,ио╨ёув╪╙пео╒╪╪йУспоч╧╚к╬,2013-11-19 00:2{,
╧ЗфС,150-500хк,ио╨ё-ЦиппгЬ,╤╚╨╫╫Пхж©ь╧испочтПхн╧╚к╬,2013-11-19 00:2{,
╨овй(╥ге╥цю),150-500хк,ио╨ё-фж╤╚пбгЬ,ио╨ёаЗм╗жгдэ©ф╪╪споч╧╚к╬,2013-11-19 00:2{,
мБвй(е╥цю),500-1000хк,ио╨ё-Ё╓дЧгЬ,п╞Ёлбцснпео╒╪╪йУё╗ио╨ёё╘споч╧╚к╬,2013-11-19 00:2{,
н╢ж╙юЮпм,500-1000хк,ио╨ё,й╒╢Ссно╥споч╧╚к╬,2013-11-19 00:2{,
цЯс╙╧╚к╬,50-150хк,ио╨ё-фж╤╚пбгЬ,╤ехТпео╒©ф╪╪споч╧╚к╬,2013-11-19 00:2{,
цЯс╙╧╚к╬,50-150хк,ио╨ё-пЛ╩ЦгЬ,ио╨ёсяснмЬбГ╪╪йУспоч╧╚к╬,2013-11-19 00:2{,
цЯс╙╧╚к╬,иысз50хк,ио╨ё-╨Г©згЬ,ио╨ёггл╚мЬбГ╪╪йУспоч╧╚к╬,2013-11-19 00:2{,
цЯс╙╧╚к╬,150-500хк,ио╨ё,ио╨ёт╡м╗пбаЗ╣ГвсилнЯспоч╧╚к╬,2013-11-19 00:2{,
цЯс╙╧╚к╬,150-500хк,ио╨ё-ЦиппгЬ,ио╨ё╬шмФмЬбГ©ф╪╪споч╧╚к╬,2013-11-19 00:2{,
цЯс╙╧╚к╬,иысз50хк,ио╨ё-фж╤╚пбгЬ,ио╨ёуфя╤пео╒╪╪йУспоч╧╚к╬,2013-11-19 00:2{,
╨овй(╥ге╥цю),50-150хк,ио╨ё-фж╤╚пбгЬ,ио╨ёиЁжшпео╒©ф╪╪споч╧╚к╬,2013-11-19 00:2{,
╨овй(╥ге╥цю),50-150хк,ио╨ё-фж╤╚пбгЬ,ио╨ёбЕгзхМ╪Чспоч╧╚к╬,2013-11-19 00:2{,
мБвй(е╥цю),500-1000хк,ио╨ё-╬╡╟╡гЬ,с╒еЮпео╒╪╪йУё╗ио╨ёё╘споч╧╚к╬,2013-11-19 00:2{,
мБвй(е╥цю),50-150хк,ио╨ё-пЛ╩ЦгЬ,юж╤ЮйЩбК©ф╪╪ё╗ио╨ёё╘споч╧╚к╬,2013-11-19 00:2{,
мБвй(е╥цю),500-1000хк,ио╨ё,╡╘юйхМ╪Ч©╙╥╒ё╗ио╨ёё╘споч╧╚к╬,2013-11-19 00:2{,
цЯс╙╧╚к╬,150-500хк,ио╨ё-╠╕и╫гЬ,ио╨ёю╓мьмЬбГ©ф╪╪╥╒у╧споч╧╚к╬,2013-11-19 00:2{,
╨овй(е╥цю),150-500хк,ио╨ё-ки╫╜гЬ,е╡©к╧╓р╣иХ╠╦ё╗ио╨ёё╘споч╧╚к╬,2013-11-19 00:2{,
цЯс╙╧╚к╬,150-500хк,ио╨ё-Ё╓дЧгЬ,╦Ямъю╜иЗ╩НмЬ,2013-11-19 00:2{ ,
цЯс╙╧╚к╬,150-500хк,ио╨ё,ио╨ё╦Я╤ШхМ╪Ч╧и╥щспоч╧╚к╬,2013-11-19 00:2{!,
цЯс╙╧╚к╬,150-500хк,ио╨ё-яНфжгЬ,ио╨ёк╪н╟хМ╪Чспоч╧╚к╬,"2013-11-19 00:2{""",
цЯс╙╧╚к╬,50-150хк,ио╨ё-яНфжгЬ,ио╨ёй╣╣ьпео╒╪╪йУспоч╧╚к╬,2013-11-19 00:2{#,
╧ЗфС,иысз50хк,ио╨ё-Ё╓дЧгЬ,ио╨ё╤╚╥╫╩Цхзнд╩╞илнЯспоч╧╚к╬,2013-11-19 00:2{$,
цЯс╙╧╚к╬,иысз50хк,ио╨ё-ки╫╜гЬ,ио╨ёкфяу╩Ф©ф╪╪споч╧╚к╬,2013-11-19 00:2{%,
цЯс╙╧╚к╬,50-150хк,ио╨ё-фж╤╚пбгЬ,ио╨ёпбЁ©пео╒╪╞Ёио╣мЁспоч╧╚к╬,2013-11-19 00:2{&,
мБвй(е╥цю),500-1000хк,ио╨ё,к╢рв©ф╪╪╥╒у╧ё╗ио╨ёё╘споч╧╚к╬,2013-11-19 00:2{',
цЯс╙╧╚к╬,50-150хк,ио╨ё,ио╨ёЁпн╛м╗пе╪╪йУспоч╧╚к╬,2013-11-19 00:2{(,
цЯс╙╧╚к╬,иысз50хк,ио╨ё-у╒╠╠гЬ,ио╨ё?╦╥╣Гвс©ф╪╪споч╧╚к╬,2013-11-19 00:2{),
╧ЗфС,150-500хк,ио╨ё,ио╨ёнд╧Ц╩╔╤╞╣Гйсспоч╧╚к╬,2013-11-19 00:2{*,
цЯс╙╧╚к╬,50-150хк,ио╨ё-у╒╠╠гЬ,ио╨ёлЛя╜хМ╪Ч©ф╪╪споч╧╚к╬,2013-11-19 00:2{+,
╨овй(╥ге╥цю),иысз50хк,ио╨ё-фж╤╚пбгЬ,╬шЛьпео╒╪╪йУё╗ио╨ёё╘споч╧╚к╬,2013-11-19 00:2{,
цЯс╙╧╚к╬,50-150хк,ио╨ё-фж╤╚пбгЬ,ио╨ё╠╤кЧхМ╪Ч©ф╪╪споч╧╚к╬,2013-11-19 00:2{-,
цЯс╙╧╚к╬,иысз50хк,ио╨ё-фумсгЬ,ио╨ёипх╓мЬбГ©ф╪╪споч╧╚к╬,2013-11-19 00:2{.,
цЯс╙╧╚к╬,50-150хк,ио╨ё-фж╤╚пбгЬ,ио╨ё╣бе╗мЬбГпео╒╪╪йУспоч╧╚к╬,2013-11-19 00:2{/,
мБвй(е╥цю),150-500хк,ио╨ё,╩щ╩В╪фкЦ╩З╪╪йУё╗ио╨ёё╘споч╧╚к╬,2013-11-19 00:2{0,
мБвй(е╥цю),50-150хк,ио╨ё-фж╤╚пбгЬ,юв╪╪пео╒©ф╪╪ё╗ио╨ёё╘споч╧╚к╬,2013-11-19 00:2{1,
мБвй(е╥цю),50-150хк,ио╨ё-фж╤╚пбгЬ,ио╨ё╢й╨ёпео╒╪╪йУспоч╧╚к╬,2013-11-19 00:2{2,
мБвй(е╥цю),50-150хк,ио╨ё-╬╡╟╡гЬ,╣р╫эк╧фСр╣╧эюМвия╞ё╗ио╨ёё╘споч╧╚к╬,2013-11-19 00:2{3,
цЯс╙╧╚к╬,иысз50хк,ио╨ё-фж╤╚пбгЬ,ио╨ё╟б╥г╣бмЬбГ©ф╪╪споч╧╚к╬,2013-11-19 00:2{4,
мБвй(╥ге╥цю),50-150хк,ио╨ё-пЛ╩ЦгЬ,ио╨ёрз╠ёмЬбГ╪╪йУспоч╧╚к╬,2013-11-19 00:2{5,
мБвй(е╥цю),50-150хк,ио╨ё-у╒╠╠гЬ,мЧ╡╙ес╤Шё╗ио╨ёё╘пео╒©ф╪╪споч╧╚к╬,2013-11-19 00:2{6,
╨овй(╥ге╥цю),иысз50хк,ио╨ё-╠╕и╫гЬ,ио╨ё╟╛ци╟╒е╥╧╘с╕а╢╧эюМспоч╧╚к╬,2013-11-19 00:2{7,
цЯс╙╧╚к╬,500-1000хк,ио╨ё-╠╕и╫гЬ,ио╨ёрвйн╪нмЬбГ©ф╪╪споч╧╚к╬ё╗н╙н╙мЬё╘,2013-11-19 00:2{8,
цЯс╙╧╚к╬,50-150хк,ио╨ё,ио╨ёНёЁихМ╪Чспоч╧╚к╬,2013-11-19 00:2{9,
мБвй(╥ге╥цю),150-500хк,ио╨ё,хЬФз©╜пео╒о╣мЁ╪╪йУё╗╠╠╬╘ё╘споч╧╚к╬ио╨ё╥ж╧╚к╬,2013-11-19 00:2{:,
цЯс╙╧╚к╬,50-150хк,ио╨ё-фж╤╚пбгЬ,ио╨ё╟╛д╕пео╒╪╪йУспоч╧╚к╬,2013-11-19 00:2{;,
мБвй(╥ге╥цю),50-150хк,ио╨ё,╟януё╗ио╨ёё╘мЬбГ╪╪йУспоч╧╚к╬,2013-11-19 00:2{<,
цЯс╙╧╚к╬,150-500хк,ио╨ё-фж╤╚пбгЬ,╨цбР╩Ы╫ПмЬ,2013-11-19 00:2{=,
цЯс╙╧╚к╬,50-150хк,ио╨ё-ЦиппгЬ,ио╨ё╧зсбпео╒©ф╪╪споч╧╚к╬,2013-11-19 00:2{>,
цЯс╙╧╚к╬,500-1000хк,ио╨ё-фж╤╚пбгЬ,ио╨ёрЬиЗ╠╕╣Гвсж╖╦╤╥ЧнЯспоч╧╚к╬,2013-11-19 00:2{?,
╨овй(╥ге╥цю),иысз50хк,ио╨ё,ио╨ёохжбпео╒о╣мЁспоч╧╚к╬,2013-11-19 00:2{@,
цЯс╙╧╚к╬,50-150хк,ио╨ё-фж╤╚пбгЬ,ио╨ёнж╧╓╣ГвсилнЯспоч╧╚к╬,2013-11-19 00:2{A,
мБвй(╥ге╥цю),10000хкртио,ио╨ё-Ё╓дЧгЬ,п╞ЁлбцппмЬнчоъйбр╣╡©,2013-11-19 00:2{B,
цЯс╙╧╚к╬,иысз50хк,ио╨ё-яНфжгЬ,ио╨ё╩Цуппео╒╪╪йУспоч╧╚к╬,2013-11-19 00:2{C,
цЯс╙╧╚к╬,иысз50хк,ио╨ё-фж╤╚пбгЬ,ио╨ёг╖╡╗пео╒©ф╪╪споч╧╚к╬,2013-11-19 00:2{D,
цЯс╙╧╚к╬,иысз50хк,ио╨ё-яНфжгЬ,ио╨ё╤Юн╛╤хмЬбГ©ф╪╪споч╧╚к╬,2013-11-19 00:2{E,
цЯс╙╧╚к╬,150-500хк,ио╨ё-фж╤╚пбгЬ,ио╨ё╩╥снмЬбГ©ф╪╪╥╒у╧споч╧╚к╬,2013-11-19 00:2{F,
н╢ж╙юЮпм,50-150хк,ио╨ё-╨Г©згЬ,ио╨ё╧З╪й╬фр╣╫╩рвжппдспоч╧╚к╬,2013-11-19 00:2{G,
цЯс╙╧╚к╬,50-150хк,ио╨ё-пЛ╩ЦгЬ,ио╨ёрфф╥пео╒╪╪йУспоч╧╚к╬,2013-11-19 00:2{H,
╨овй(╥ге╥цю),50-150хк,ио╨ё-ЦиппгЬ,лЛлЛ╤╞лЩ,2013-11-19 00:2{I,
цЯс╙╧╚к╬,1000-5000хк,ио╨ё-пЛ╩ЦгЬ,╤╚╥╫╡ф╦╩пео╒╧и╥щспоч╧╚к╬,2013-11-19 00:2{J,
цЯс╙╧╚к╬,иысз50хк,ио╨ё-пЛ╩ЦгЬ,иНшзйп╬ш╡й©ф╪╪споч╧╚к╬ио╨ё╥ж╧╚к╬,2013-11-19 00:2{K,
цЯс╙╧╚к╬,иысз50хк,ио╨ё,ио╨ёхМаХпео╒╪╪йУспоч╧╚к╬,2013-11-19 00:2{L,
цЯс╙╧╚к╬,иысз50хк,ио╨ё-фж╤╚пбгЬ,ио╨ё©Ат╤нОа╙мЬ©ф╪╪споч╧╚к╬,2013-11-19 00:2{M,
╨овй(╥ге╥цю),1000-5000хк,ио╨ё-у╒╠╠гЬ,ио╨ё╥Ц╨схМ╪Ч©ф╪╪споч╧╚к╬,2013-11-19 00:2{N,
мБвй(е╥цю),1000-5000хк,ио╨ё-фумсгЬ,ASOS,2013-11-19 00:2{O,
мБвй(╥ге╥цю),иысз50хк,ио╨ё-╩ффжгЬ,╥╒кЁ╪фкЦ╩З╥ЧнЯё╗ио╨ёё╘споч╧╚к╬,2013-11-19 00:2{P,
цЯс╙╧╚к╬,иысз50хк,ио╨ё-ЦиппгЬ,╨╨ЛШ╧Ц╦Фё╗ио╨ёё╘споч╧╚к╬,2013-11-19 00:2{Q,
мБвй(╥ге╥цю),иысз50хк,ио╨ё-╬╡╟╡гЬ,╥и╤ЫмЬбГ©ф╪╪ё╗ио╨ёё╘споч╧╚к╬,2013-11-19 00:2{R,
╧ЗфС,50-150хк,ио╨ё-у╒╠╠гЬ,ио╨ёйпцЯпеоДпео╒╥ЧнЯспоч╧╚к╬,2013-11-19 00:2{S,
цЯс╙╧╚к╬,150-500хк,ио╨ё,йЩтфпео╒╪╪йУё╗ио╨ёё╘споч╧╚к╬,2013-11-19 00:2{T,
цЯс╙╧╚к╬,иысз50хк,ио╨ё-Ё╓дЧгЬ,ио╨ё╬ш©Апео╒╪╪йУспоч╧╚к╬,2013-11-19 00:2{U,
цЯс╙╧╚к╬,иысз50хк,ио╨ё-фж╤╚пбгЬ,ио╨ё╠║╨ипео╒©ф╪╪споч╧╚к╬,2013-11-19 00:2{V,
цЯс╙╧╚к╬,500-1000хк,ио╨ё,ио╨ё╪нрЬ╫Пхз╥ЧнЯспоч╧╚к╬,2013-11-19 00:2{W,
цЯс╙╧╚к╬,1000-5000хк,ио╨ё,и╪╣брЬ©╗м╗пео╒╥ЧнЯспоч╧╚к╬,2013-11-19 00:2{X,
цЯс╙╧╚к╬,иысз50хк,ио╨ё,ио╨ё╨Бпчпео╒©ф╪╪споч╧╚к╬,2013-11-19 00:2{Y,
цЯс╙╧╚к╬,50-150хк,ио╨ё-╬╡╟╡гЬ,╟шй╓уэпео╒©ф╪╪ё╗ио╨ёё╘споч╧╚к╬,2013-11-19 00:2{Z,
цЯс╙╧╚к╬,50-150хк,ио╨ё-фж╤╚пбгЬ,╤ктфпео╒╪╪йУё╗ио╨ёё╘споч╧╚к╬,2013-11-19 00:2{[,
цЯс╙╧╚к╬,50-150хк,ио╨ё-╨Г©згЬ,ио╨ё╡ф╩╙╠ёмЬбГ©ф╪╪споч╧╚к╬,2013-11-19 00:2{\,
цЯс╙╧╚к╬,иысз50хк,ио╨ё-╬╡╟╡гЬ,ио╨ён║ткпео╒©ф╪╪споч╧╚к╬,2013-11-19 00:2{],
н╢ж╙юЮпм,50-150хк,ио╨ё-╨Г©згЬ,ио╨ё©╣╟╝пео╒╥ЧнЯспоч╧╚к╬,2013-11-19 00:2{^,
цЯс╙╧╚к╬,иысз50хк,ио╨ё-╪н╤╗гЬ,ио╨ёеТиЫпео╒©ф╪╪споч╧╚к╬,2013-11-19 00:2{_,
мБвй(е╥цю),5000-10000хк,ио╨ё,EBSCO Information Services,2013-11-19 00:2{`,
мБвй(е╥цю),иысз50хк,ио╨ё-фж╤╚пбгЬ,╨╪жщфФ╥Епео╒╪╪йУспоч╧╚к╬,2013-11-19 00:2{a,
╨овй(╥ге╥цю),50-150хк,ио╨ё-ЦиппгЬ,ио╨ё╨Гге╧З╪йр╫афбцсн╥ЧнЯспоч╧╚к╬,2013-11-19 00:2{b,
цЯс╙╧╚к╬,150-500хк,ио╨ё-╬╡╟╡гЬ,ио╨ёмЬпей╣р╣╥╒у╧споч╧╚к╬,2013-11-19 00:2{c,
цЯс╙╧╚к╬,н╢ж╙╧Фдё,ио╨ё-у╒╠╠гЬ,ио╨ёЁЖфФпео╒©ф╪╪споч╧╚к╬,2013-11-19 00:2{d,
цЯс╙╧╚к╬,50-150хк,ио╨ё-фумсгЬ,ио╨ёсе╤х©М╢Ь©ф╪╪споч╧╚к╬,2013-11-19 00:2{e,
цЯс╙╧╚к╬,иысз50хк,ио╨ё-фж╤╚пбгЬ,ио╨ёНёж©пео╒©ф╪╪споч╧╚к╬,2013-11-19 00:2{f,
╧ЗфС,150-500хк,ио╨ё-у╒╠╠гЬ,ио╨ёт╤пп╧╘с╕а╢╧эюМспоч╧╚к╬,2013-11-19 00:2{g,
цЯс╙╧╚к╬,50-150хк,ио╨ё,ио╨ё╨Лпгцю©╜аЗ╪рф╥╩А╣ГвсилнЯспоч╧╚к╬,2013-11-19 00:2{h,
цЯс╙╧╚к╬,50-150хк,ио╨ё-ЦиппгЬ,ио╨ёиор╣пео╒©ф╪╪споч╧╚к╬,2013-11-19 00:2{i,
╨овй(╥ге╥цю),иысз50хк,ио╨ё-ЦиппгЬ,ио╨ё╬ц©фпео╒╪╪йУспоч╧╚к╬,2013-11-19 00:2{j,
цЯс╙╧╚к╬,иысз50хк,ио╨ё-фж╤╚пбгЬ,ио╨ёгФ╪эпео╒©ф╪╪споч╧╚к╬,2013-11-19 00:2{k,
мБвй(е╥цю),500-1000хк,ио╨ё,╢Сжз╣ЦфюмЬ,2013-11-19 00:2{l,
цЯс╙╧╚к╬,50-150хк,ио╨ё-╩ффжгЬ,ио╨ёрщЁхпео╒©ф╪╪споч╧╚к╬,2013-11-19 00:2{m,
цЯс╙╧╚к╬,50-150хк,ио╨ё-фж╤╚пбгЬ,ио╨ёоЧа╙пео╒╪╪йУспоч╧╚к╬,2013-11-19 00:2{n,
╧ЗфС,50-150хк,ио╨ё-пЛ╩ЦгЬ,ио╨ё╧Ц╣Г╣Гвс©ф╪╪споч╧╚к╬,2013-11-19 00:2{o,
цЯс╙╧╚к╬,иысз50хк,ио╨ё-Ё╓дЧгЬ,ио╨ёй╗╥Г©ф╪╪╥╒у╧споч╧╚к╬,2013-11-19 00:2{p,
╨овй(╥ге╥цю),иысз50хк,ио╨ё-фумсгЬ,ио╨ёюШпШ╧Ц╦Фспоч╧╚к╬,2013-11-19 00:2{q,
цЯс╙╧╚к╬,50-150хк,ио╨ё-фж╤╚пбгЬ,ио╨ёрзр╣мЬбГ©ф╪╪╥╒у╧споч╧╚к╬,2013-11-19 00:2{r,
цЯс╙╧╚к╬,иысз50хк,ио╨ё-фж╤╚пбгЬ,ио╨ёвЛ╫гпео╒╪╪йУспоч╧╚к╬,2013-11-19 00:2{s,
╧ЗфС,50-150хк,ио╨ё-у╒╠╠гЬ,ио╨ё╣ГфЬмЬбГ©ф╪╪споч╧╚к╬,2013-11-19 00:2{t,
╧ЗфС,150-500хк,ио╨ё,ио╨ёк╧╣о╤Ш╣Гвс╫╩рвйпЁ║╬╜с╙╧эюМспоч╧╚к╬,2013-11-19 00:2{u,
цЯс╙╧╚к╬,иысз50хк,ио╨ё-фумсгЬ,ио╨ё╪╙сПмЬбГ©ф╪╪споч╧╚к╬,2013-11-19 00:2{v,
мБвй(╥ге╥цю),иысз50хк,ио╨ё,ио╨ё╧х╡╘пео╒╪╪йУспоч╧╚к╬,2013-11-19 00:2{w,
мБвй(е╥цю),1000-5000хк,ио╨ё-фумсгЬ,©А╠╕пео╒╪╪йУё╗ио╨ёё╘споч╧╚к╬,2013-11-19 00:2{x,
цЯс╙╧╚к╬,150-500хк,ио╨ё,ио╨ёнжиппео╒╪╪йУспоч╧╚к╬,2013-11-19 00:2{y,
цЯс╙╧╚к╬,150-500хк,ио╨ё-фж╤╚пбгЬ,ио╨ёб╫╪рвЛ╧З╪й╫Пхзвй╡З╫╩рвйпЁ║╧и╥щспоч╧╚к╬,2013-11-19 00:2{z,
мБвй(е╥цю),500-1000хк,ио╨ё-фж╤╚пбгЬ,TCLм╗я╤©ф╪╪©ь╧испоч╧╚к╬,2013-11-19 00:2{{,
н╢ж╙юЮпм,1000-5000хк,ио╨ё-фж╤╚пбгЬ,м╗а╙ж╖╦╤мЬбГ╥ЧнЯ╧и╥щспоч╧╚к╬,2013-11-19 00:2{|,
╨овй(╥ге╥цю),500-1000хк,ио╨ё,ио╨ёуД╣╨пео╒╪╪йУспоч╧╚к╬,2013-11-19 00:2{},
цЯс╙╧╚к╬,иысз50хк,ио╨ё,южфКмЬ,2013-11-19 00:2{~,
цЯс╙╧╚к╬,50-150хк,ио╨ё-фж╤╚пбгЬ,ио╨ё©ЯаЗйЩвж©ф╪╪споч╧╚к╬,2013-11-19 00:2{,
╨овй(╥ге╥цю),1000-5000хк,ио╨ё-у╒╠╠гЬ,ио╨ё╠╕вП╣ГвсилнЯспоч╧╚к╬,2013-11-19 00:2{─,
цЯс╙╧╚к╬,1000-5000хк,ио╨ё-фумсгЬ,╬╟сР╧З╪йбцснткс╙╪╞ме,2013-11-19 00:2{?,
цЯс╙╧╚к╬,иысз50хк,ио╨ё-╬╡╟╡гЬ,╥ДЁ╞нд╩╞╢╚╡╔ё╗ио╨ёё╘споч╧╚к╬,2013-11-19 00:2{?,
цЯс╙╧╚к╬,150-500хк,ио╨ё-пЛ╩ЦгЬ,ио╨ё╪╓╤╞мЬбГ╧и╥щспоч╧╚к╬,2013-11-19 00:2{?,
цЯс╙╧╚к╬,50-150хк,ио╨ё,ио╨ё╩ПтфмЬбГ©ф╪╪споч╧╚к╬,2013-11-19 00:2{?,
цЯс╙╧╚к╬,150-500хк,ио╨ё-фж╤╚пбгЬ,ио╨ё╪щсЫм╤вй╧эюМспоч╧╚к╬,2013-11-19 00:2{?,
цЯс╙╧╚к╬,иысз50хк,ио╨ё-пЛ╩ЦгЬ,ио╨ёдЧ╤эпео╒©ф╪╪споч╧╚к╬,2013-11-19 00:2{?,
цЯс╙╧╚к╬,150-500хк,ио╨ё-пЛ╩ЦгЬ,ио╨ёнжип╪р╬сспоч╧╚к╬,2013-11-19 00:2{?,
цЯс╙╧╚к╬,иысз50хк,ио╨ё-фж╤╚пбгЬ,ио╨ёбС╦Йпео╒©ф╪╪споч╧╚к╬,2013-11-19 00:2{?,
цЯс╙╧╚к╬,150-500хк,ио╨ё-фумсгЬ,╫Ям╗╣ГвсилнЯё╗ио╨ёё╘споч╧╚к╬,2013-11-19 00:2{?,
╨овй(╥ге╥цю),иысз50хк,ио╨ё,юж╤ЮбцппмЬ,2013-11-19 00:2{?,
цЯс╙╧╚к╬,150-500хк,ио╨ё-пЛ╩ЦгЬ,йю╪млЛЁи,2013-11-19 00:2{?,
╨овй(╥ге╥цю),50-150хк,ио╨ё,╩╤мЬ©ф╪╪спочтПхн╧╚к╬,2013-11-19 00:2{?,
цЯс╙╧╚к╬,150-500хк,ио╨ё-фж╤╚пбгЬ,ио╨ё╣ГрЬпео╒╪╪йУспоч╧╚к╬,2013-11-19 00:2{?,
цЯс╙╧╚к╬,иысз50хк,ио╨ё-ЦиппгЬ,ио╨ёр╝╤Вй╣р╣споч╧╚к╬,2013-11-19 00:2{?,
цЯс╙╧╚к╬,50-150хк,ио╨ё,ио╨ё╟кяЕм╪пео╒©ф╪╪споч╧╚к╬,2013-11-19 00:2{?,
цЯс╙╧╚к╬,иысз50хк,ио╨ё-фж╤╚пбгЬ,ио╨ёйжуфпдпео╒╪╪йУспоч╧╚к╬,2013-11-19 00:2{?,
цЯс╙╧╚к╬,50-150хк,ио╨ё-фумсгЬ,ио╨ёбцйсмЬбГ©ф╪╪споч╧╚к╬,2013-11-19 00:2{?,
мБвй(╥ге╥цю),500-1000хк,ио╨ё,║╟г╟Ёлнчсг║╠51job.comё╗ио╨ёё╘,2013-11-19 00:2{?,
мБвй(╥ге╥цю),150-500хк,ио╨ё,ио╨ё╧╨ипмЬбГ©ф╪╪споч╧╚к╬,2013-11-19 00:2{?,
цЯс╙╧╚к╬,150-500хк,ио╨ё-у╒╠╠гЬ,ио╨ёвот╫мЬбГ©ф╪╪споч╧╚к╬,2013-11-19 00:2{?,
╨овй(╥ге╥цю),иысз50хк,ио╨ё-фж╤╚пбгЬ,ио╨ёги╥©пео╒©ф╪╪споч╧╚к╬,2013-11-19 00:2{?,
цЯс╙╧╚к╬,50-150хк,ио╨ё,кужщ╫ПснйЩбК©ф╪╪спочтПхн╧╚к╬,2013-11-19 00:2{?,
цЯс╙╧╚к╬,иысз50хк,ио╨ё-╨Г©згЬ,ио╨ёГм╧Шпео╒©ф╪╪споч╧╚к╬,2013-11-19 00:2{?,
мБвй(е╥цю),500-1000хк,ио╨ё,╟ы╤хтзоъмЬбГ╪╪йУё╗╠╠╬╘ё╘споч╧╚к╬,2013-11-19 00:2{?,
мБвй(е╥цю),150-500хк,ио╨ё-фж╤╚пбгЬ,╠╠╬╘╫П╣ьЖнхМ╪Ч╪╪йУспоч╧╚к╬,2013-11-19 00:2{?,
цЯс╙╧╚к╬,иысз50хк,ио╨ё-фж╤╚пбгЬ,ио╨ёиощМмЬбГ©ф╪╪споч╧╚к╬,2013-11-19 00:2{?,
╨овй(╥ге╥цю),50-150хк,ио╨ё-ЦиппгЬ,ио╨ёа╛снмЬбГ©ф╪╪споч╧╚к╬,2013-11-19 00:2{?,
н╢ж╙юЮпм,50-150хк,ио╨ё-пЛ╩ЦгЬ,╠╠╬╘жп╟дн╟к╪хМ╪Ч╪╪йУ©╙╥╒споч╧╚к╬ио╨ё╥ж╧╚к╬,2013-11-19 00:2{?,
цЯс╙╧╚к╬,500-1000хк,ио╨ё-фж╤╚пбгЬ,ио╨ё╩╔╪снд╩╞╢╚╡╔споч╧╚к╬,2013-11-19 00:2{?,
цЯс╙╧╚к╬,50-150хк,ио╨ё,ио╨ёпб╤╞пео╒╪╪йУспоч╧╚к╬,2013-11-19 00:2{?,
╨овй(╥ге╥цю),150-500хк,ио╨ё,╣ьАё╪╞ме,2013-11-19 00:2{?,
цЯс╙╧╚к╬,50-150хк,ио╨ё-у╒╠╠гЬ,ио╨ёх╨╨ё╣ГвсилнЯспоч╧╚к╬,2013-11-19 00:2{?,
цЯс╙╧╚к╬,иысз50хк,ио╨ё-пЛ╩ЦгЬ,ио╨ёв©жбпео╒╪╪йУспоч╧╚к╬,2013-11-19 00:2{?,
мБвй(е╥цю),50-150хк,ио╨ё,╬цпкпео╒╪╪йУё╗ио╨ёё╘споч╧╚к╬,2013-11-19 00:2{?,
мБвй(е╥цю),500-1000хк,ио╨ё,╠╠╬╘пбхЯ╩╔╤╞илр╣мЬбГспоч╧╚к╬ио╨ё╥ж╧╚к╬,2013-11-19 00:2{?,
╨овй(╥ге╥цю),500-1000хк,ио╨ё,╠╠╬╘ь╔р╩©мйЁф╥споч╧╚к╬,2013-11-19 00:2{?,
цЯс╙╧╚к╬,50-150хк,ио╨ё,ио╨ёбУй╞пео╒©ф╪╪споч╧╚к╬,2013-11-19 00:2{?,
цЯс╙╧╚к╬,500-1000хк,ио╨ё-╠╕и╫гЬ,ио╨ё╦жа╙╣ГвсилнЯ╧и╥щспоч╧╚к╬,2013-11-19 00:2{?,
цЯс╙╧╚к╬,иысз50хк,ио╨ё-фж╤╚пбгЬ,ио╨ёрщ╤Дпео╒©ф╪╪споч╧╚к╬,2013-11-19 00:2{?,
цЯс╙╧╚к╬,50-150хк,ио╨ё,нД╨╨хза╒©ф╪╪споч╧╚к╬,2013-11-19 00:2{?,
мБвй(╥ге╥цю),50-150хк,ио╨ё-фж╤╚пбгЬ,уФ╨юмЬбГ©ф╪╪ё╗ио╨ёё╘споч╧╚к╬,2013-11-19 00:2{?,
╥гс╞юШ╩З╧╧,иысз50хк,ио╨ё-яНфжгЬ,ио╨ё╟╝н╛бКгЮдЙ╢╢пбжппд,2013-11-19 00:2{?,
цЯс╙╧╚к╬,50-150хк,ио╨ё-фж╤╚пбгЬ,ио╨ёювлзхМ╪Ч╧и╥щспоч╧╚к╬,2013-11-19 00:2{?,
цЯс╙╧╚к╬,50-150хк,ио╨ё-фж╤╚пбгЬ,ио╨ё╡б╡бмЬбГ©ф╪╪споч╧╚к╬,2013-11-19 00:2{?,
цЯс╙╧╚к╬,150-500хк,ио╨ё-╠╕и╫гЬ,ио╨ё╥╤йо©ф╪╪м╤вй╥╒у╧╪╞меспоч╧╚к╬,2013-11-19 00:2{?,
мБвй(╥ге╥цю),иысз50хк,ио╨ё-фж╤╚пбгЬ,╤х╦Япео╒©ф╪╪ё╗ио╨ёё╘споч╧╚к╬,2013-11-19 00:2{?,
цЯс╙╧╚к╬,500-1000хк,ио╨ё-фумсгЬ,ио╨ёфК╪рмЬпео╒©ф╪╪╧и╥щспоч╧╚к╬,2013-11-19 00:2{?,
цЯс╙╧╚к╬,50-150хк,ио╨ё,ио╨ё╢╢ЁшмЬбГ©ф╪╪споч╧╚к╬,2013-11-19 00:2{?,
н╢ж╙юЮпм,50-150хк,ио╨ё-╬╡╟╡гЬ,ио╨ём╗ЁтмЬбГ╪╪йУспоч╧╚к╬,2013-11-19 00:2{?,
мБвй(╥ге╥цю),иысз50хк,ио╨ё,о║ф╥ё╗ио╨ёё╘пео╒©ф╪╪споч╧╚к╬,2013-11-19 00:2{?,
цЯс╙╧╚к╬,50-150хк,ио╨ё,ио╨ёкВхЬпео╒©ф╪╪споч╧╚к╬,2013-11-19 00:2{?,
цЯс╙╧╚к╬,500-1000хк,ио╨ё-╬╡╟╡гЬ,й╒╬╘ё╗ио╨ёё╘пео╒╪╪йУспоч╧╚к╬,2013-11-19 00:2{?,
цЯс╙╧╚к╬,50-150хк,ио╨ё,ио╨ё╪Р╢Онд╩╞╢╚╡╔споч╧╚к╬,2013-11-19 00:2{?,
цЯс╙╧╚к╬,150-500хк,ио╨ё,ио╨ёил╩АмЬмЬбГпео╒╪╪йУспоч╧╚к╬,2013-11-19 00:2{?,
мБвй(╥ге╥цю),500-1000хк,ио╨ё,дЁж╙цШмЬбГ╧╚к╬,2013-11-19 00:2{?,
цЯс╙╧╚к╬,50-150хк,ио╨ё-ЦиппгЬ,╧ЦжщнжхзмЬбГ©ф╪╪споч╧╚к╬,2013-11-19 00:2{?,
╨овй(╥ге╥цю),500-1000хк,ио╨ё,╥╫уЩ╧З╪йхМ╪Чспоч╧╚к╬,2013-11-19 00:2{?,
мБвй(е╥цю),150-500хк,ио╨ё-╬╡╟╡гЬ,ihush.comгннОгдсО,2013-11-19 00:2{?,
цЯс╙╧╚к╬,50-150хк,ио╨ё-фумсгЬ,ио╨ёсЩХК╣Гвс©ф╪╪споч╧╚к╬,2013-11-19 00:2{?,
мБвй(е╥цю),иысз50хк,ио╨ё,╧Цжщйпк╪НёхМ╪Ч©╙╥╒споч╧╚к╬ио╨ё╥ж╧╚к╬,2013-11-19 00:2{?,
цЯс╙╧╚к╬,иысз50хк,ио╨ё-╩ффжгЬ,ио╨ё©мх╓╪фкЦ╩З©ф╪╪споч╧╚к╬,2013-11-19 00:2{?,
╨овй(╥ге╥цю),50-150хк,ио╨ё-фумсгЬ,ио╨ё╨оа╙╣Гвс©ф╪╪споч╧╚к╬,2013-11-19 00:2{?,
цЯс╙╧╚к╬,иысз50хк,ио╨ё-╠╕и╫гЬ,ио╨ёМЫ╬╖╥Чйнспоч╧╚к╬,2013-11-19 00:2{?,
мБвй(╥ге╥цю),150-500хк,ио╨ё-фж╤╚пбгЬ,ио╨ёть╨ммЬбГ©ф╪╪споч╧╚к╬,2013-11-19 00:2{?,
цЯс╙╧╚к╬,50-150хк,ио╨ё-╠╕и╫гЬ,ио╨ёж©Ёо╨оа╕мЬбГ╢╚ц╫╥╒у╧споч╧╚к╬,2013-11-19 00:2{?,
╨овй(╥ге╥цю),150-500хк,ио╨ё-фумсгЬ,ио╨ёбТбРлАмЬбГ©ф╪╪споч╧╚к╬,2013-11-19 00:2{?,
цЯс╙╧╚к╬,50-150хк,ио╨ё-пЛ╩ЦгЬ,ио╨ёхЯ╬Шпео╒╪╪йУспоч╧╚к╬,2013-11-19 00:2{?,
цЯс╙╧╚к╬,50-150хк,ио╨ё-пЛ╩ЦгЬ,ио╨ёмЬб╥иЯхМ╪Ч╪╪йУспоч╧╚к╬,2013-11-19 00:2{?,
╨овй(╥ге╥цю),150-500хк,ио╨ё,юШ╣ц╡ф╦╩╧эюМ╪╞ме,2013-11-19 00:2{?,
мБвй(е╥цю),50-150хк,ио╨ё-Ё╓дЧгЬ,NeuLionжп╧З,2013-11-19 00:2{?,
н╢ж╙юЮпм,150-500хк,ио╨ё-Ё╓дЧгЬ,йЩбКм╗пео╒╡Зр╣ё╗╪╞меё╘споч╧╚к╬,2013-11-19 00:2{?,
н╢ж╙юЮпм,иысз50хк,ио╨ё-фж╤╚пбгЬ,ио╨ёжпс║йюцЁмЬбГ©ф╪╪споч╧╚к╬,2013-11-19 00:2{?,
цЯс╙╧╚к╬,50-150хк,ио╨ё-Ё╓дЧгЬ,кужщЦфхыилцЁ╥╒у╧споч╧╚к╬,2013-11-19 00:2{?,
цЯс╙╧╚к╬,150-500хк,ио╨ё,ио╨ё╟╛хзпео╒©ф╪╪споч╧╚к╬,2013-11-19 00:2{?,
цЯс╙╧╚к╬,иысз50хк,ио╨ё-пЛ╩ЦгЬ,ио╨ё╟НдАфСр╣м╤вйспоч╧╚к╬,2013-11-19 00:2{?,
цЯс╙╧╚к╬,150-500хк,ио╨ё,ио╨ёпбмЬбУ╧Ц╦Ф╢╚ц╫споч╧╚к╬,2013-11-19 00:2{?,
цЯс╙╧╚к╬,1000-5000хк,ио╨ё,ио╨ё╬чхкмЬбГ©ф╪╪споч╧╚к╬,2013-11-19 00:2{?,
╨овй(╥ге╥цю),150-500хк,ио╨ё,ио╨ё╤ЧхЩкднЕмЬбГ©ф╪╪╧и╥щспоч╧╚к╬,2013-11-19 00:2{?,
цЯс╙╧╚к╬,иысз50хк,ио╨ё-фж╤╚пбгЬ,ио╨ёсП©мпео╒©ф╪╪споч╧╚к╬,2013-11-19 00:2{?,
цЯс╙╧╚к╬,150-500хк,ио╨ё-фж╤╚пбгЬ,1╨ер╘мЬё╗1╨е╣Йр╘ф╥илЁгё╘,2013-11-19 00:2{?,
╨овй(е╥цю),50-150хк,ио╨ё-ки╫╜гЬ,╪р╫║илЁг,2013-11-19 00:2{?,
мБвй(╥ге╥цю),150-500хк,ио╨ё-пЛ╩ЦгЬ,ио╨ёлЛснхМ╪Чспоч╧╚к╬,2013-11-19 00:2{?,
цЯс╙╧╚к╬,50-150хк,ио╨ё-╩ффжгЬ,ио╨ё╡жхз╧╘с╕а╢©ф╪╪споч╧╚к╬,2013-11-19 00:2{?,
цЯс╙╧╚к╬,иысз50хк,ио╨ё-фж╤╚пбгЬ,╠╠╬╘╟ы╢╗©ЛоъмЬбГ©ф╪╪споч╧╚к╬,2013-11-19 00:2{?,
н╢ж╙юЮпм,50-150хк,ио╨ё,до╬╘пем╗©ф╪╪спочтПхн╧╚к╬,2013-11-19 00:2{?,
цЯс╙╧╚к╬,иысз50хк,ио╨ё-ЦиппгЬ,ио╨ё╨╥Х╟мЬбГ©ф╪╪споч╧╚к╬,2013-11-19 00:2{?,
цЯс╙╧╚к╬,иысз50хк,ио╨ё-пЛ╩ЦгЬ,ио╨ё╨цЛепео╒╪╪йУспоч╧╚к╬,2013-11-19 00:2{?,
мБвй(е╥цю),150-500хк,ио╨ё,╬╚к╤йю╪м©ф╪╪ё╗╠╠╬╘ё╘споч╧╚к╬,2013-11-19 00:2{?,
цЯс╙╧╚к╬,иысз50хк,ио╨ё-фж╤╚пбгЬ,ио╨ёрв©╔мЬбГ╪╪йУспоч╧╚к╬,2013-11-19 00:2{?,
╧ЗфС,500-1000хк,ио╨ё-пЛ╩ЦгЬ,ио╨ёпб╩╙╢╚ц╫╣ГвсилнЯспоч╧╚к╬,2013-11-19 00:2{?,
цЯс╙╧╚к╬,50-150хк,ио╨ё,ио╨ёжб╣ойЩбК©ф╪╪споч╧╚к╬,2013-11-19 00:2{?,
цЯс╙╧╚к╬,1000-5000хк,ио╨ё,ио╨ём╗б╥©Л╫╗упилмБ╟Э╥ЧнЯ╩З╧╧,2013-11-19 00:2{?,
цЯс╙╧╚к╬,50-150хк,ио╨ё-пЛ╩ЦгЬ,ио╨ё╨ББЫжгдэ©ф╪╪споч╧╚к╬,2013-11-19 00:2{?,
цЯс╙╧╚к╬,иысз50хк,ио╨ё-╬╡╟╡гЬ,ио╨ёмэнРмЬбГ©ф╪╪споч╧╚к╬,2013-11-19 00:2{?,
н╢ж╙юЮпм,50-150хк,ио╨ё-пЛ╩ЦгЬ,ио╨ёрзбУ╧Ц╦Ф╢╚╡╔споч╧╚к╬,2013-11-19 00:2{?,
цЯс╙╧╚к╬,иысз50хк,ио╨ё,ио╨ёеСю╢пео╒©ф╪╪споч╧╚к╬,2013-11-19 00:2{?,
мБвй(╥ге╥цю),50-150хк,ио╨ё-ЦиппгЬ,╬чф╥╣ГвсилнЯё╗ио╨ёё╘споч╧╚к╬,2013-11-19 00:2{?,
цЯс╙╧╚к╬,50-150хк,ио╨ё-пЛ╩ЦгЬ,ио╨ёюжкяпео╒©ф╪╪споч╧╚к╬,2013-11-19 00:2{?,
цЯс╙╧╚к╬,иысз50хк,ио╨ё-╨Г©згЬ,ио╨ёюжй╒пео╒о╣мЁспоч╧╚к╬,2013-11-19 00:2{?,
цЯс╙╧╚к╬,50-150хк,ио╨ё-фумсгЬ,ио╨ём╗г╛м╤вй╧и╥щспоч╧╚к╬,2013-11-19 00:2{?,
мБвй(╥ге╥цю),50-150хк,ио╨ё-фж╤╚пбгЬ,к╣╠╕лцпео╒©ф╪╪ё╗ио╨ёё╘споч╧╚к╬,2013-11-19 00:2{?,
цЯс╙╧╚к╬,150-500хк,ио╨ё,дом╗н╒╥д╣ГвсилнЯспоч╧╚к╬,2013-11-19 00:2{?,
цЯс╙╧╚к╬,50-150хк,ио╨ё,ио╨ёцютСнд╩╞╢╚ц╫споч╧╚к╬,2013-11-19 00:2{?,
цЯс╙╧╚к╬,иысз50хк,ио╨ё-пЛ╩ЦгЬ,ио╨ёе╣н╛╢Опео╒╪╪йУспоч╧╚к╬,2013-11-19 00:2{?,
н╢ж╙юЮпм,500-1000хк,ио╨ё-╪н╤╗гЬ,╣╪р╘мЬ,2013-11-19 00:2{?,
цЯс╙╧╚к╬,50-150хк,ио╨ё-пЛ╩ЦгЬ,ио╨ёцю╦Йпео╒╪╪йУспоч╧╚к╬,2013-11-19 00:2{?,
цЯс╙╧╚к╬,150-500хк,ио╨ё,ио╨ёЁ©б╥пео╒©ф╪╪споч╧╚к╬,2013-11-19 00:2{?,
цЯс╙╧╚к╬,50-150хк,ио╨ё,хЭе╣╠╢к╧ё╗╠╠╬╘ё╘йпЁ║с╙оЗвия╞споч╧╚к╬ио╨ё╥ж╧╚к╬,2013-11-19 00:2{?,
цЯс╙╧╚к╬,иысз50хк,ио╨ё-фж╤╚пбгЬ,ио╨ё╧х╬╘пео╒©ф╪╪споч╧╚к╬,2013-11-19 00:2{?,
мБвй(е╥цю),50-150хк,ио╨ё,рзл╘╨мпео╒╪╪йУё╗ио╨ёё╘споч╧╚к╬,2013-11-19 00:2{?,
цЯс╙╧╚к╬,иысз50хк,ио╨ё-у╒╠╠гЬ,ио╨ё╪йГФпео╒©ф╪╪споч╧╚к╬,2013-11-19 00:2{?,
цЯс╙╧╚к╬,50-150хк,ио╨ё-ки╫╜гЬ,фО©ммЬбГ©ф╪╪ё╗ио╨ёё╘споч╧╚к╬,2013-11-19 00:2{?,
╨овй(╥ге╥цю),50-150хк,ио╨ё,ио╨ёЁ©╡╞пео╒©ф╪╪споч╧╚к╬,2013-11-19 00:2{?,
цЯс╙╧╚к╬,иысз50хк,ио╨ё-╠╕и╫гЬ,ио╨ё╬╖жппео╒╪╪йУспоч╧╚к╬,2013-11-19 00:2{?,
цЯс╙╧╚к╬,500-1000хк,ио╨ё-ЦиппгЬ,ио╨ё╩Ц╤╚ж╫ф╥споч╧╚к╬,2013-11-19 00:2{?,
мБвй(╥ге╥цю),50-150хк,ио╨ё-фж╤╚пбгЬ,ио╨ётфро©ф╪╪споч╧╚к╬,2013-11-19 00:2{?,
╨овй(╥ге╥цю),150-500хк,ио╨ё-у╒╠╠гЬ,ио╨ёр╡бРпео╒©ф╪╪споч╧╚к╬,2013-11-19 00:2{?,
н╢ж╙юЮпм,иысз50хк,ио╨ё-фж╤╚пбгЬ,кЁ╥Гф╢ме╤с,2013-11-19 00:2{?,
н╢ж╙юЮпм,500-1000хк,ио╨ё-фумсгЬ,ю╜©╗ю╜ж╖╦╤споч╧╚к╬,2013-11-19 00:2{?,
цЯс╙╧╚к╬,иысз50хк,ио╨ё,ио╨ён╛╥Чпео╒╪╪йУспоч╧╚к╬,2013-11-19 00:2{?,
╨овй(е╥цю),500-1000хк,ио╨ё,ио╨ё╬ша╕╢╚ц╫╪╪йУспоч╧╚к╬ PPTVмЬбГ╣Гйс,2013-11-19 00:2{?,
цЯс╙╧╚к╬,иысз50хк,ио╨ё-фж╤╚пбгЬ,ио╨ёра╧╨мЬбГ©ф╪╪споч╧╚к╬,2013-11-19 00:2{?,
цЯс╙╧╚к╬,150-500хк,ио╨ё-фж╤╚пбгЬ,ио╨ё╩ьс╕пео╒╪╪йУспоч╧╚к╬,2013-11-19 00:2{?,
╨овй(╥ге╥цю),150-500хк,ио╨ё-Ё╓дЧгЬ,ио╨ёчхипмЬбГпео╒споч╧╚к╬,2013-11-19 00:2{?,
цЯс╙╧╚к╬,150-500хк,ио╨ё-яНфжгЬ,ио╨ёфТ╡╫╫лсЩпео╒вия╞споч╧╚к╬,2013-11-19 00:2{?,
цЯс╙╧╚к╬,иысз50хк,ио╨ё-у╒╠╠гЬ,ио╨ёЁнпк╤╞бЧ╡Зр╣╥╒у╧споч╧╚к╬,2013-11-19 00:2{?,
цЯс╙╧╚к╬,1000-5000хк,ио╨ё,уЦ╫╜╨кпбм╛╩╗кЁмЬбГпео╒╧и╥щспоч╧╚к╬,2013-11-19 00:2{Ъ,
цЯс╙╧╚к╬,50-150хк,ио╨ё-фж╤╚пбгЬ,ио╨ё╟╫н╛╪фкЦ╩З©ф╪╪╥╒у╧споч╧╚к╬,2013-11-19 00:2{,
мБвй(╥ге╥цю),500-1000хк,ио╨ё,р╡бР╬ф,2013-11-19 00:2{,
н╢ж╙юЮпм,1000-5000хк,ио╨ё-пЛ╩ЦгЬ,╩Ц╦╤лЛобспоч╧╚к╬,2013-11-19 00:2{,
мБвй(е╥цю),500-1000хк,ио╨ё-фж╤╚пбгЬ,╩╙╦ЯууцВ╣ф╬ъ(ио╨ё)споч╧╚к╬,2013-11-19 00:2{,
╨овй(╥ге╥цю),50-150хк,ио╨ё-фж╤╚пбгЬ,ио╨ёиЙй╒мЬбГ©ф╪╪споч╧╚к╬,2013-11-19 00:2{,
╧ЗфС,50-150хк,ио╨ё-пЛ╩ЦгЬ,ио╨ё╟дбМпео╒╪╪йУ╥ЧнЯспоч╧╚к╬,2013-11-19 00:2{,
цЯс╙╧╚к╬,50-150хк,ио╨ё,ио╨ёгФлЛпео╒╪╪йУспоч╧╚к╬,2013-11-19 00:2{,
╧ЗфС,50-150хк,ио╨ё-пЛ╩ЦгЬ,ио╨ёфШЁ╣╧╓р╣оЗйшспоч╧╚к╬-иофШ╣Гил,2013-11-19 00:2{,
╨овй(╥ге╥цю),иысз50хк,ио╨ё,ж╦ъ╝ё╗ио╨ёё╘мЬбГ╪╪йУспоч╧╚к╬,2013-11-19 00:2{,
цЯс╙╧╚к╬,50-150хк,ио╨ё-фумсгЬ,ио╨ётц╣Цпео╒©ф╪╪споч╧╚к╬,"2013-11-19 00:2{	",
╨овй(е╥цю),1000-5000хк,ио╨ё,╟╝фФруё╗www.iqiyi.comё╘,2013-11-19 00:2{,
,,,,,
мБвй(е╥цю),иысз50хк,ио╨ё-╬╡╟╡гЬ,╪ря╤╦шмЕ╩╔╤╞ц╫лЕ╪╪йУё╗ио╨ёё╘споч╧╚к╬,2013-11-19 00:2{,
╧ЗфС,1000-5000хк,ио╨ё,ио╨ёсНБЫилнЯвия╞споч╧╚к╬,2013-11-19 00:2{,
цЯс╙╧╚к╬,иысз50хк,ио╨ё-фумсгЬ,ио╨ё╨Й╡ъпео╒©ф╪╪споч╧╚к╬,2013-11-19 00:2{,
,,,,,
н╢ж╙юЮпм,50-150хк,ио╨ё-Ё╓дЧгЬ,фКжЬтф©ф╪╪ё╗ио╨ёё╘споч╧╚к╬,2013-11-19 00:2{,
цЯс╙╧╚к╬,150-500хк,ио╨ё-фж╤╚пбгЬ,ио╨ёсеюжмЬбГ©ф╪╪╧и╥щспоч╧╚к╬,2013-11-19 00:2{,
цЯс╙╧╚к╬,150-500хк,ио╨ё-╨Г©згЬ,о╡йтмЬ,2013-11-19 00:2{,
цЯс╙╧╚к╬,50-150хк,ио╨ё,ио╨ёп╬оЮ╩АфСр╣╧эюМвия╞споч╧╚к╬,2013-11-19 00:2{,
н╢ж╙юЮпм,иысз50хк,ио╨ё-фумсгЬ,ио╨ёй╧м╫мЬбГ©ф╪╪споч╧╚к╬,2013-11-19 00:2{,
мБвй(е╥цю),иысз50хк,ио╨ё-╩ффжгЬ,цюнщ╣цпео╒╪╪йУё╗ио╨ёё╘споч╧╚к╬,2013-11-19 00:2{,
╨овй(е╥цю),150-500хк,ио╨ё-Ё╓дЧгЬ,╠╠╬╘яв╩фпбпгмЬбГ©ф╪╪споч╧╚к╬,2013-11-19 00:2{,
цЯс╙╧╚к╬,150-500хк,ио╨ё-яНфжгЬ,ио╨ёспФз╪фкЦ╩ЗмЬбГспоч╧╚к╬,2013-11-19 00:2{,
н╢ж╙юЮпм,150-500хк,ио╨ё-фж╤╚пбгЬ,ио╨ёждя╤пео╒╪╪йУспоч╧╚к╬,2013-11-19 00:2{,
мБвй(╥ге╥цю),150-500хк,ио╨ё-пЛ╩ЦгЬ,╟╛ЛДпео╒╪╪йУё╗ио╨ёё╘споч╧╚к╬,2013-11-19 00:2{,
цЯс╙╧╚к╬,150-500хк,ио╨ё-у╒╠╠гЬ,ио╨ёаЗоЦ╫╗жЧв╟ДЙиХ╪фспоч╧╚к╬,2013-11-19 00:2{,
цЯс╙╧╚к╬,иысз50хк,ио╨ё-фж╤╚пбгЬ,ио╨ёюЬ╣цпео╒╪╪йУспоч╧╚к╬,2013-11-19 00:2{,
цЯс╙╧╚к╬,500-1000хк,ио╨ё-у╒╠╠гЬ,юу©╗к╧╢╚ц╫,2013-11-19 00:2{,
н╢ж╙юЮпм,иысз50хк,ио╨ё-ЦиппгЬ,ио╨ё╬╣ГВпео╒©ф╪╪споч╧╚к╬,2013-11-19 00:2{,
╨овй(╥ге╥цю),50-150хк,ио╨ё-фумсгЬ,иНшзйп╨ЦеС©ф╪╪©╙╥╒споч╧╚к╬,2013-11-19 00:2{,
цЯс╙╧╚к╬,50-150хк,ио╨ё-яНфжгЬ,ио╨ё╫щ╠╢мЬбГ©ф╪╪споч╧╚к╬,2013-11-19 00:2{,
цЯс╙╧╚к╬,50-150хк,ио╨ё,ио╨ё╩цснпео╒©ф╪╪споч╧╚к╬,2013-11-19 00:2{,
цЯс╙╧╚к╬,50-150хк,ио╨ё,ио╨ёЁ╣рвпео╒©ф╪╪споч╧╚к╬,2013-11-19 00:2{,
мБвй(╥ге╥цю),50-150хк,ио╨ё-╬╡╟╡гЬ,Гм©милцЁё╗ио╨ёё╘споч╧╚к╬,2013-11-19 00:2{ ,
мБвй(е╥цю),500-1000хк,ио╨ё,п╞ЁлбцппмЬр╣нЯгЬ,2013-11-19 00:2{!,
мБвй(е╥цю),50-150хк,ио╨ё-пЛ╩ЦгЬ,лц©ф╩╔а╙пео╒©ф╪╪ё╗ио╨ёё╘споч╧╚к╬,"2013-11-19 00:2{""",
цЯс╙╧╚к╬,150-500хк,ио╨ё-у╒╠╠гЬ,ио╨ёхМжгпео╒©ф╪╪споч╧╚к╬,2013-11-19 00:2{#,
цЯс╙╧╚к╬,иысз50хк,ио╨ё-ЦиппгЬ,ио╨ёнд╬Эпео╒╪╪йУспоч╧╚к╬,2013-11-19 00:2{$,
мБвй(╥ге╥цю),150-500хк,ио╨ё,ио╨ёвщснмЬбГ╪╪йУспоч╧╚к╬,2013-11-19 00:2{%,
цЯс╙╧╚к╬,500-1000хк,ио╨ё-пЛ╩ЦгЬ,ио╨ё╟ыйбм╗пео╒╪╪йУспоч╧╚к╬,2013-11-19 00:2{&,
цЯс╙╧╚к╬,150-500хк,ио╨ё-у╒╠╠гЬ,ио╨ёпд╤╞фСр╣╥╒у╧споч╧╚к╬,2013-11-19 00:2{',
цЯс╙╧╚к╬,иысз50хк,ио╨ё,ио╨ёкЁоХпео╒©ф╪╪споч╧╚к╬,2013-11-19 00:2{(,
╨овй(е╥цю),150-500хк,ио╨ё,ио╨ё╥╫╦╤м╗илнЯ╥ЧнЯспоч╧╚к╬,2013-11-19 00:2{),
╨овй(е╥цю),500-1000хк,ио╨ё,Ё©я╤©ф╪╪ё╗иРяТё╘споч╧╚к╬,2013-11-19 00:2{*,
╨овй(е╥цю),50-150хк,ио╨ё,╟╛н╛рь╤╞,2013-11-19 00:2{+,
цЯс╙╧╚к╬,150-500хк,ио╨ё,ио╨ё╩╔а╙мЬхМ╪Чспоч╧╚к╬,2013-11-19 00:2{,
мБвй(е╥цю),50-150хк,ио╨ё-╬╡╟╡гЬ,MFG.COM,2013-11-19 00:2{-,
цЯс╙╧╚к╬,150-500хк,ио╨ё-пЛ╩ЦгЬ,ио╨ёхщрвмЬ╣ГвсилнЯспоч╧╚к╬,2013-11-19 00:2{.,
цЯс╙╧╚к╬,иысз50хк,ио╨ё-фж╤╚пбгЬ,ио╨ёфъо╕пео╒©ф╪╪споч╧╚к╬,2013-11-19 00:2{/,
цЯс╙╧╚к╬,150-500хк,ио╨ё,кужщкЁч╠╢╢р╣м╤вйспоч╧╚к╬,2013-11-19 00:2{0,
н╢ж╙юЮпм,500-1000хк,ио╨ё,╟╒юО╟м╟м╪╞ме,2013-11-19 00:2{1,
╨овй(╥ге╥цю),150-500хк,ио╨ё,╠╠╬╘лЛ╡╘ю╢©ф╪╪споч╧╚к╬ё╗Teeplay Interactive Limited ё╘,2013-11-19 00:2{2,
н╢ж╙юЮпм,50-150хк,ио╨ё-яНфжгЬ,ио╨ё╤В╤хмЬбГ©ф╪╪споч╧╚к╬,2013-11-19 00:2{3,
цЯс╙╧╚к╬,150-500хк,ио╨ё-Ё╓дЧгЬ,ио╨ё©╔цнмЬбГ©ф╪╪споч╧╚к╬,2013-11-19 00:2{4,
мБвй(╥ге╥цю),50-150хк,ио╨ё-пЛ╩ЦгЬ,╤Юм╬мЬбГ©ф╪╪ё╗ио╨ёё╘споч╧╚к╬,2013-11-19 00:2{5,
╨овй(е╥цю),150-500хк,ио╨ё-яНфжгЬ,ио╨ё╣╫о╡ю╡пео╒╪╪йУспоч╧╚к╬,2013-11-19 00:2{6,
цЯс╙╧╚к╬,150-500хк,ио╨ё-фж╤╚пбгЬ,ио╨ёй╒╦╤м╗╣Гвсж╖╦╤╥ЧнЯспоч╧╚к╬,2013-11-19 00:2{7,
╨овй(╥ге╥цю),иысз50хк,ио╨ё-фж╤╚пбгЬ,Thr2eйЩвжс╙оЗ,2013-11-19 00:2{8,
цЯс╙╧╚к╬,50-150хк,ио╨ё-у╒╠╠гЬ,ио╨ёМЬйюцЁрвспоч╧╚к╬,2013-11-19 00:2{9,
цЯс╙╧╚к╬,500-1000хк,ио╨ё-фумсгЬ,ио╨ёс╟оЛа╕мЬбГ©ф╪╪╥╒у╧споч╧╚к╬,2013-11-19 00:2{:,
цЯс╙╧╚к╬,иысз50хк,ио╨ё-фж╤╚пбгЬ,ио╨ё╬Фн╛мЬбГ©ф╪╪споч╧╚к╬,2013-11-19 00:2{;,
цЯс╙╧╚к╬,иысз50хк,ио╨ё-╨Г©згЬ,ио╨ёд╙╣як╪пео╒©ф╪╪споч╧╚к╬,2013-11-19 00:2{<,
мБвй(╥ге╥цю),500-1000хк,ио╨ё-фж╤╚пбгЬ,ио╨ё╢╨сН╧╘с╕а╢╧эюМспоч╧╚к╬,2013-11-19 00:2{=,
цЯс╙╧╚к╬,50-150хк,ио╨ё-фумсгЬ,ио╨ёпгН╦пео╒╪╪йУспоч╧╚к╬,2013-11-19 00:2{>,
цЯс╙╧╚к╬,иысз50хк,ио╨ё-фж╤╚пбгЬ,ио╨ёкярв╧Ц╦Ф╢╚ц╫споч╧╚к╬,2013-11-19 00:2{?,
н╢ж╙юЮпм,150-500хк,ио╨ё,й╓в©мЬбГ╪╪йУспоч╧╚к╬,2013-11-19 00:2{@,
цЯс╙╧╚к╬,150-500хк,ио╨ё-фж╤╚пбгЬ,╠╠╬╘╠╕хСпкр╣©ф╪╪╥╒у╧споч╧╚к╬,2013-11-19 00:2{A,
цЯс╙╧╚к╬,50-150хк,ио╨ё,ио╨ё╩Пж╝явмЬбГ©ф╪╪споч╧╚к╬,2013-11-19 00:2{B,
╨овй(╥ге╥цю),50-150хк,ио╨ё,ио╨ёсня╤пео╒©ф╪╪споч╧╚к╬,2013-11-19 00:2{C,
цЯс╙╧╚к╬,500-1000хк,ио╨ё,иНшзйплзя╤╪фкЦ╩Зо╣мЁспоч╧╚к╬,2013-11-19 00:2{D,
н╢ж╙юЮпм,50-150хк,ио╨ё,ио╨ёрв╩Щм╗╣ГвсилнЯспоч╧╚к╬,2013-11-19 00:2{E,
н╢ж╙юЮпм,500-1000хк,ио╨ё-фж╤╚пбгЬ,1╨е╣Й,2013-11-19 00:2{F,
цЯс╙╧╚к╬,50-150хк,ио╨ё,ио╨ё╩╙Ё╫м╗╢ОнОаВспоч╧╚к╬,2013-11-19 00:2{G,
цЯс╙╧╚к╬,150-500хк,ио╨ё-╨Г©згЬ,иРяТВКаЗ©ф╪╪╧и╥щспоч╧╚к╬ио╨ё╥ж╧╚к╬,2013-11-19 00:2{H,
╧ЗфС,150-500хк,ио╨ё-у╒╠╠гЬ,ио╨ёЁп╢СмЬбГ©ф╪╪╥ЧнЯспоч╧╚к╬,2013-11-19 00:2{I,
цЯс╙╧╚к╬,50-150хк,ио╨ё-яНфжгЬ,ио╨ёп║╢пмЬбГ©ф╪╪споч╧╚к╬,2013-11-19 00:2{J,
цЯс╙╧╚к╬,иысз50хк,ио╨ё-у╒╠╠гЬ,й╤╪╞пео╒╪╪йУё╗ио╨ёё╘споч╧╚к╬,2013-11-19 00:2{K,
мБвй(е╥цю),500-1000хк,ио╨ё,кя╨Эйсф╣,2013-11-19 00:2{L,
╨овй(╥ге╥цю),150-500хк,ио╨ё-пЛ╩ЦгЬ,а╪жппео╒©ф╪╪ё╗ио╨ёё╘споч╧╚к╬,2013-11-19 00:2{M,
╨овй(╥ге╥цю),50-150хк,ио╨ё-ЦиппгЬ,ио╨ёЁ©ж╝©фпео╒╪╪йУспоч╧╚к╬,2013-11-19 00:2{N,
╨овй(е╥цю),150-500хк,ио╨ё-╨Г©згЬ,╟бажмЬбГ©ф╪╪╪╞меспоч╧╚к╬,2013-11-19 00:2{O,
цЯс╙╧╚к╬,иысз50хк,ио╨ё-фумсгЬ,ио╨ёжгнжхМ╪Чспоч╧╚к╬,2013-11-19 00:2{P,
╨овй(╥ге╥цю),150-500хк,ио╨ё-фж╤╚пбгЬ,ио╨ёГЗжгйЩбК©ф╪╪споч╧╚к╬,2013-11-19 00:2{Q,
╨овй(╥ге╥цю),50-150хк,ио╨ё-фж╤╚пбгЬ,ио╨ё╨╡Жнпео╒©ф╪╪споч╧╚к╬,2013-11-19 00:2{R,
мБвй(е╥цю),50-150хк,ио╨ё-╬╡╟╡гЬ,ио╨ёрфм╗мЬбГспоч╧╚к╬,2013-11-19 00:2{S,
цЯс╙╧╚к╬,150-500хк,ио╨ё-фж╤╚пбгЬ,ио╨ёркф╥╧З╪йцЁрвспоч╧╚к╬,2013-11-19 00:2{T,
цЯс╙╧╚к╬,50-150хк,ио╨ё-яНфжгЬ,иЯжщткм╗©ь╧испоч╧╚к╬,2013-11-19 00:2{U,
мБвй(е╥цю),1000-5000хк,ио╨ё-у╒╠╠гЬ,©к╤ЬхПпео╒╪╞ме,2013-11-19 00:2{V,
╨овй(╥ге╥цю),50-150хк,ио╨ё-пЛ╩ЦгЬ,ио╨ё╥╨йю╧Ц╦ФиХ╪фспоч╧╚к╬,2013-11-19 00:2{W,
цЯс╙╧╚к╬,50-150хк,ио╨ё,ио╨ёиЙфспео╒╪╪йУспоч╧╚к╬,2013-11-19 00:2{X,
цЯс╙╧╚к╬,50-150хк,ио╨ё-фж╤╚пбгЬ,ио╨ёила╙пе╣Гвсж╖╦╤╥ЧнЯспоч╧╚к╬,2013-11-19 00:2{Y,
╨овй(е╥цю),иысз50хк,ио╨ё-фж╤╚пбгЬ,ио╨ётСнУпео╒©ф╪╪споч╧╚к╬,2013-11-19 00:2{Z,
╨овй(╥ге╥цю),50-150хк,ио╨ё-фж╤╚пбгЬ,ио╨ёр╪╪сб╫пео╒╪╪йУспоч╧╚к╬,2013-11-19 00:2{[,
цЯс╙╧╚к╬,н╢ж╙╧Фдё,ио╨ё-фумсгЬ,ио╨ёй╒йю╫УлЛмЬбГ©ф╪╪споч╧╚к╬,2013-11-19 00:2{\,
цЯс╙╧╚к╬,500-1000хк,ио╨ё-ЦиппгЬ,╨╪жщк╧©╜мЬбГ©ф╪╪споч╧╚к╬,2013-11-19 00:2{],
цЯс╙╧╚к╬,50-150хк,ио╨ё-пЛ╩ЦгЬ,Cheetahй╔╣б╬╚хЯ,2013-11-19 00:2{^,
цЯс╙╧╚к╬,50-150хк,ио╨ё-╠╕и╫гЬ,ио╨ёж╙©м╩Цнд╩╞╢╚╡╔споч╧╚к╬,2013-11-19 00:2{_,
цЯс╙╧╚к╬,иысз50хк,ио╨ё-╪н╤╗гЬ,ио╨ё╩шаамЬбГ©ф╪╪споч╧╚к╬,2013-11-19 00:2{`,
цЯс╙╧╚к╬,50-150хк,ио╨ё-Ё╓дЧгЬ,ио╨ёрвт╬рф╤╞пео╒╪╪йУспоч╧╚к╬,2013-11-19 00:2{a,
н╢ж╙юЮпм,50-150хк,ио╨ё-у╒╠╠гЬ,╧ЦжщйплЛТАмЬбГ©ф╪╪споч╧╚к╬,2013-11-19 00:2{b,
╨овй(╥ге╥цю),150-500хк,ио╨ё-фж╤╚пбгЬ,ио╨ё╢СрЬ╣ГвсилнЯспоч╧╚к╬,2013-11-19 00:2{c,
цЯс╙╧╚к╬,150-500хк,ио╨ё,╩ЦЁ╠ж╖╦╤споч╧╚к╬,2013-11-19 00:2{d,
мБвй(е╥цю),150-500хк,ио╨ё,рз╠╢хМ╪Ч╧╓Ёлё╗ио╨ёё╘споч╧╚к╬,2013-11-19 00:2{e,
н╢ж╙юЮпм,150-500хк,ио╨ё,ио╨ё╣ша╙пео╒©ф╪╪╧и╥щспоч╧╚к╬,2013-11-19 00:2{f,
цЯс╙╧╚к╬,50-150хк,ио╨ё-пЛ╩ЦгЬ,╫ЯрНпео╒©ф╪╪ё╗ио╨ёё╘споч╧╚к╬,2013-11-19 00:2{g,
╧ЗфС,150-500хк,ио╨ё-фж╤╚пбгЬ,ио╨ё╥╫уЩйЩвжЁЖ╟Ф╪╪йУспоч╧╚к╬,2013-11-19 00:2{h,
цЯс╙╧╚к╬,500-1000хк,ио╨ё-ЦиппгЬ,снвЕмЬбГ,2013-11-19 00:2{i,
мБвй(е╥цю),500-1000хк,ио╨ё,рз╠╢╧эюМё╗ио╨ёё╘споч╧╚к╬,2013-11-19 00:2{j,
мБвй(е╥цю),150-500хк,ио╨ё-ЦиппгЬ,╨о╥╒ё╗ио╨ёё╘мЬбГ╪╪йУспоч╧╚к╬,2013-11-19 00:2{k,
цЯс╙╧╚к╬,500-1000хк,ио╨ё-пЛ╩ЦгЬ,ио╨ё╟╝фСмЬбГ©ф╪╪споч╧╚к╬,2013-11-19 00:2{l,
цЯс╙╧╚к╬,50-150хк,ио╨ё-пЛ╩ЦгЬ,╠╠╬╘рв╡Инчочпео╒╪╪йУспоч╧╚к╬,2013-11-19 00:2{m,
мБвй(е╥цю),150-500хк,ио╨ё-фж╤╚пбгЬ,рз╠╢╣ГвсилнЯ╪╪йУс╙ткё╗ио╨ёё╘споч╧╚к╬,2013-11-19 00:2{n,
цЯс╙╧╚к╬,50-150хк,ио╨ё-фж╤╚пбгЬ,ио╨ё╥ил╨мЬбГ©ф╪╪споч╧╚к╬,2013-11-19 00:2{o,
цЯс╙╧╚к╬,500-1000хк,ио╨ё-пЛ╩ЦгЬ,мЬкч©ф╪╪╧и╥щспоч╧╚к╬,2013-11-19 00:2{p,
цЯс╙╧╚к╬,иысз50хк,ио╨ё,ио╨ём╪╬шпео╒╪╪йУспоч╧╚к╬,2013-11-19 00:2{q,
мБвй(е╥цю),иысз50хк,ио╨ё,сей╤пео╒╪╪йУё╗ио╨ёё╘споч╧╚к╬,2013-11-19 00:2{r,
╨овй(е╥цю),50-150хк,ио╨ё-у╒╠╠гЬ,╬╖тч╧Ц╦Фё╗ио╨ёё╘споч╧╚к╬,2013-11-19 00:2{s,
цЯс╙╧╚к╬,150-500хк,ио╨ё-пЛ╩ЦгЬ,я╦╦╤пео╒©ф╪╪споч╧╚к╬,2013-11-19 00:2{t,
мБвй(╥ге╥цю),150-500хк,ио╨ё-╨Г©згЬ,ио╨ёсеяОпбц╫пео╒╪╪йУспоч╧╚к╬,2013-11-19 00:2{u,
╨овй(╥ге╥цю),50-150хк,ио╨ё-Ё╓дЧгЬ,ио╨ёЯ╥т╬пео╒╪╪йУспоч╧╚к╬,2013-11-19 00:2{v,
цЯс╙╧╚к╬,50-150хк,ио╨ё-ки╫╜гЬ,ио╨ё╤Ю╩шилнЯвия╞споч╧╚к╬,2013-11-19 00:2{w,
мБвй(е╥цю),иысз50хк,ио╨ё-Ё╓дЧгЬ,╡╫©╣ё╗ио╨ёё╘хМ╪Чспоч╧╚к╬,2013-11-19 00:2{x,
цЯс╙╧╚к╬,50-150хк,ио╨ё-пЛ╩ЦгЬ,ио╨ёс╚ц╗мЬбГ©ф╪╪споч╧╚к╬,2013-11-19 00:2{y,
╨овй(╥ге╥цю),50-150хк,ио╨ё,рв╟ыпео╒╪╪йУё╗ио╨ёё╘споч╧╚к╬,2013-11-19 00:2{z,
цЯс╙╧╚к╬,50-150хк,ио╨ё,ио╨ёд╚?йЩбК©ф╪╪споч╧╚к╬,2013-11-19 00:2{{,
цЯс╙╧╚к╬,иысз50хк,ио╨ё-у╒╠╠гЬ,ио╨ёрЦНёмЬбГ©ф╪╪спочтПхн╧╚к╬,2013-11-19 00:2{|,
мБвй(е╥цю),150-500хк,ио╨ё,╩╔╤╞м╗лЛм╪пео╒╪╪йУспоч╧╚к╬,2013-11-19 00:2{},
цЯс╙╧╚к╬,500-1000хк,ио╨ё-пЛ╩ЦгЬ,уЦ╫╜╪в©гЁФ╤╞бЧ╡Зф╥споч╧╚к╬ио╨ё╥ж╧╚к╬,2013-11-19 00:2{~,
цЯс╙╧╚к╬,иысз50хк,ио╨ё-╬╡╟╡гЬ,ио╨ё╦╩мЧ╨уеимЬбГ©ф╪╪споч╧╚к╬,2013-11-19 00:2{,
цЯс╙╧╚к╬,иысз50хк,ио╨ё-фж╤╚пбгЬ,ио╨ёб╥лЗпео╒╪╪йУспоч╧╚к╬,2013-11-19 00:2{─,
цЯс╙╧╚к╬,10000хкртио,ио╨ё-Ё╓дЧгЬ,ио╨ёлЗсябцппмЬ,2013-11-19 00:2{?,
мБвй(╥ге╥цю),150-500хк,ио╨ё,╠╠╬╘я╤дЯхМ╪Чспоч╧╚к╬,2013-11-19 00:2{?,
цЯс╙╧╚к╬,50-150хк,ио╨ё-фумсгЬ,ио╨ё╣ЦмЗмЬбГ©ф╪╪споч╧╚к╬,2013-11-19 00:2{?,
╨овй(╥ге╥цю),50-150хк,ио╨ё-╨Г©згЬ,ио╨ёЁ╣п╞мЬбГ©ф╪╪споч╧╚к╬,2013-11-19 00:2{?,
цЯс╙╧╚к╬,150-500хк,ио╨ё-у╒╠╠гЬ,сфф╥мЬ(51youpin.com),2013-11-19 00:2{?,
мБвй(е╥цю),50-150хк,ио╨ё-фж╤╚пбгЬ,╤ебвмЬбГ©ф╪╪ё╗ио╨ёё╘споч╧╚к╬,2013-11-19 00:2{?,
цЯс╙╧╚к╬,50-150хк,ио╨ё-пЛ╩ЦгЬ,ио╨ёв©иппео╒споч╧╚к╬,2013-11-19 00:2{?,
мБвй(е╥цю),10000хкртио,ио╨ё-Ё╓дЧгЬ,п╞ЁлбцппмЬж╖ЁжгЬ,2013-11-19 00:2{?,
цЯс╙╧╚к╬,50-150хк,ио╨ё-╩ффжгЬ,ио╨ё╟б©биЙй╣р╣споч╧╚к╬,2013-11-19 00:2{?,
╨овй(╥ге╥цю),50-150хк,ио╨ё,жз╟╡тзоъ╡ф╡З╠ёоу╧и╥щспоч╧╚к╬,2013-11-19 00:2{?,
н╢ж╙юЮпм,50-150хк,ио╨ё-фж╤╚пбгЬ,ио╨ёйЩфФм╤вй╧эюМспоч╧╚к╬,2013-11-19 00:2{?,
цЯс╙╧╚к╬,иысз50хк,ио╨ё-пЛ╩ЦгЬ,ио╨ётфа╙╪фкЦ╩Зо╣мЁспоч╧╚к╬,2013-11-19 00:2{?,
╧ЗфС,50-150хк,ио╨ё,ио╨ёпЛ╪р╩ЦилЁг╪╞ме╣ГвсилнЯспоч╧╚к╬,2013-11-19 00:2{?,
мБвй(е╥цю),150-500хк,ио╨ё,╠╠╬╘╢╢рЦйся╤©ф╪╪споч╧╚к╬,2013-11-19 00:2{?,
мБвй(е╥цю),50-150хк,ио╨ё-╬╡╟╡гЬ,╫ЯлБё╗ио╨ёё╘пео╒╪╪йУспоч╧╚к╬,2013-11-19 00:2{?,
╨овй(╥ге╥цю),50-150хк,ио╨ё-пЛ╩ЦгЬ,ио╨ёбцппуънд╩╞╢╚ц╫споч╧╚к╬,2013-11-19 00:2{?,
н╢ж╙юЮпм,50-150хк,ио╨ё-фж╤╚пбгЬ,южмэ©ф╪╪ё╗ио╨ёё╘споч╧╚к╬,2013-11-19 00:2{?,
цЯс╙╧╚к╬,150-500хк,ио╨ё-фж╤╚пбгЬ,ио╨ё╡╘пе╩╔м╗пео╒╪╪йУспоч╧╚к╬,2013-11-19 00:2{?,
мБвй(е╥цю),150-500хк,ио╨ё,хЭ╫щхМ╪Чё╗ио╨ёё╘споч╧╚к╬,2013-11-19 00:2{?,
мБвй(е╥цю),150-500хк,ио╨ё-фумсгЬ,ю╜еСмЬбГ╪╪йУё╗ио╨ёё╘споч╧╚к╬,2013-11-19 00:2{?,
цЯс╙╧╚к╬,50-150хк,ио╨ё-пЛ╩ЦгЬ,ио╨ёЕ╜а╙лЕ╦пжгдэ©ф╪╪споч╧╚к╬,2013-11-19 00:2{?,
╨овй(╥ге╥цю),150-500хк,ио╨ё-фж╤╚пбгЬ,╥╣юШмЬ,2013-11-19 00:2{?,
мБвй(╥ге╥цю),50-150хк,ио╨ё-фж╤╚пбгЬ,╣бпенчоъм╗я╤©ф╪╪ё╗ио╨ёё╘споч╧╚к╬,2013-11-19 00:2{?,
╨овй(е╥цю),50-150хк,ио╨ё-Ё╓дЧгЬ,ио╨ёила╙╣ГвсилнЯ╪╪йУ╥ЧнЯспоч╧╚к╬,2013-11-19 00:2{?,
цЯс╙╧╚к╬,50-150хк,ио╨ё-фж╤╚пбгЬ,ио╨ёа╙╡епео╒©ф╪╪споч╧╚к╬,2013-11-19 00:2{?,
цЯс╙╧╚к╬,50-150хк,ио╨ё-фж╤╚пбгЬ,51╠х╧╨мЬ,2013-11-19 00:2{?,
цЯс╙╧╚к╬,50-150хк,ио╨ё-у╒╠╠гЬ,уЦ╫╜фТйф©ф╪╪споч╧╚к╬,2013-11-19 00:2{?,
цЯс╙╧╚к╬,150-500хк,ио╨ё-Ё╓дЧгЬ,ио╨ёмР╥Анд╩╞╢╚╡╔споч╧╚к╬ё╗ж╘жКмЬё╘,2013-11-19 00:2{?,
цЯс╙╧╚к╬,иысз50хк,ио╨ё-фж╤╚пбгЬ,ио╨ёлЛрФмЬбГ╪╪йУспоч╧╚к╬,2013-11-19 00:2{?,
мБвй(╥ге╥цю),150-500хк,ио╨ё,кужщюж╠╢мЬбГ©ф╪╪споч╧╚к╬,2013-11-19 00:2{?,
цЯс╙╧╚к╬,50-150хк,ио╨ё,╨╪жщЛмювмЬбГ©ф╪╪споч╧╚к╬,2013-11-19 00:2{?,
цЯс╙╧╚к╬,150-500хк,ио╨ё,ио╨ё©ф╫Ёпео╒©ф╪╪споч╧╚к╬,2013-11-19 00:2{?,
цЯс╙╧╚к╬,50-150хк,ио╨ё-ЦиппгЬ,атиомЬбГ©ф╪╪ё╗ио╨ёё╘споч╧╚к╬,2013-11-19 00:2{?,
цЯс╙╧╚к╬,150-500хк,ио╨ё-фж╤╚пбгЬ,ио╨ё╨Юсю╣Гвс©ф╪╪╥╒у╧споч╧╚к╬,2013-11-19 00:2{?,
╨овй(╥ге╥цю),1000-5000хк,ио╨ё-пЛ╩ЦгЬ,ио╨ёжзт╢мЬбГспоч╧╚к╬,2013-11-19 00:2{?,
мБвй(╥ге╥цю),1000-5000хк,ио╨ё,I.T eZHOP,2013-11-19 00:2{?,
╨овй(╥ге╥цю),500-1000хк,ио╨ё-ки╫╜гЬ,ю╢ра╥щ╣ГвсилнЯ╧╚к╬,2013-11-19 00:2{?,
цЯс╙╧╚к╬,50-150хк,ио╨ё,╠╠╬╘╥иТ╢рФ╤╞©ф╪╪споч╧╚к╬,2013-11-19 00:2{?,
цЯс╙╧╚к╬,иысз50хк,ио╨ё-╬╡╟╡гЬ,ио╨ёяг╪сй╣р╣споч╧╚к╬,2013-11-19 00:2{?,
мБвй(е╥цю),500-1000хк,ио╨ё,╨цр╝пео╒╪╪йУё╗ио╨ёё╘споч╧╚к╬,2013-11-19 00:2{?,
цЯс╙╧╚к╬,150-500хк,ио╨ё-╩ффжгЬ,╠╠╬╘╩щлЛлЩйИ©ф╪╪споч╧╚к╬,2013-11-19 00:2{?,
цЯс╙╧╚к╬,50-150хк,ио╨ё-у╒╠╠гЬ,х╚гР╪сцкмЬ,2013-11-19 00:2{?,
╨овй(е╥цю),50-150хк,ио╨ё-╨Г©згЬ,жп╧З╫╠юЬ,2013-11-19 00:2{?,
мБвй(е╥цю),500-1000хк,ио╨ё-фумсгЬ,ио╨ёпб╨фрухМ╪Чспоч╧╚к╬,2013-11-19 00:2{?,
цЯс╙╧╚к╬,50-150хк,ио╨ё-пЛ╩ЦгЬ,ио╨ёип╬╟пео╒╪╪йУспоч╧╚к╬,2013-11-19 00:2{?,
цЯс╙╧╚к╬,иысз50хк,ио╨ё,ио╨ё╬ЩНёпео╒╪╪йУспоч╧╚к╬,2013-11-19 00:2{?,
мБвй(е╥цю),500-1000хк,ио╨ё-╩ффжгЬ,лЛ╪╚╢╚ц╫,2013-11-19 00:2{?,
цЯс╙╧╚к╬,500-1000хк,ио╨ё,ио╨ёе╥╩╒мЬбГ©ф╪╪споч╧╚к╬,2013-11-19 00:2{?,
цЯс╙╧╚к╬,иысз50хк,ио╨ё-фумсгЬ,ио╨ёжзпдмЬбГ©ф╪╪споч╧╚к╬,2013-11-19 00:2{?,
н╢ж╙юЮпм,150-500хк,ио╨ё-фж╤╚пбгЬ,ио╨ё©б╩╙хМ╪Чспоч╧╚к╬,2013-11-19 00:2{?,
цЯс╙╧╚к╬,50-150хк,ио╨ё-пЛ╩ЦгЬ,ио╨ёжзятмЬбГ©ф╪╪споч╧╚к╬,2013-11-19 00:2{?,
цЯс╙╧╚к╬,иысз50хк,ио╨ё-фж╤╚пбгЬ,ио╨ёрвювмЬбГ╢╚ц╫споч╧╚к╬,2013-11-19 00:2{?,
цЯс╙╧╚к╬,50-150хк,ио╨ё-фж╤╚пбгЬ,ио╨ёя╬я╬пео╒©ф╪╪споч╧╚к╬,2013-11-19 00:2{?,
╨овй(╥ге╥цю),иысз50хк,ио╨ё-б╛мЕгЬ,ио╨ёс╒НёФзпео╒©ф╪╪споч╧╚к╬,2013-11-19 00:2{?,
цЯс╙╧╚к╬,иысз50хк,ио╨ё-яНфжгЬ,ио╨ёюжцнфПт╢╤╞бЧ©ф╪╪споч╧╚к╬,2013-11-19 00:2{?,
цЯс╙╧╚к╬,50-150хк,ио╨ё,╨ЧдокятфмЬбГ©ф╪╪споч╧╚к╬,2013-11-19 00:2{?,
цЯс╙╧╚к╬,иысз50хк,ио╨ё-фж╤╚пбгЬ,ио╨ё╤╧азмЬбГ©ф╪╪споч╧╚к╬,2013-11-19 00:2{?,
мБвй(е╥цю),150-500хк,ио╨ё-Ё╓дЧгЬ,л╘н╙пео╒©ф╪╪ё╗ио╨ёё╘споч╧╚к╬,2013-11-19 00:2{?,
цЯс╙╧╚к╬,50-150хк,ио╨ё-╩ффжгЬ,ио╨ё╢╢южхкфСр╣╥╒у╧споч╧╚к╬,2013-11-19 00:2{?,
цЯс╙╧╚к╬,50-150хк,ио╨ё-пЛ╩ЦгЬ,ио╨ёсЦснмЬбГ©ф╪╪споч╧╚к╬,2013-11-19 00:2{?,
╨овй(е╥цю),150-500хк,ио╨ё-Ё╓дЧгЬ,╢╚яЗмЬбГ©ф╪╪ё╗AdSame.COMё╘,2013-11-19 00:2{?,
цЯс╙╧╚к╬,500-1000хк,ио╨ё-пЛ╩ЦгЬ,ио╨ёй╠╢З╧Б╩╙╫лсЩ╥╒у╧споч╧╚к╬,2013-11-19 00:2{?,
цЯс╙╧╚к╬,50-150хк,ио╨ё-фж╤╚пбгЬ,ио╨ё╦╩╫щпео╒╪╪йУспоч╧╚к╬,2013-11-19 00:2{?,
╨овй(╥ге╥цю),150-500хк,ио╨ё-ЦиппгЬ,ю╜тЗк╧мЬбГ©ф╪╪ё╗ио╨ёё╘споч╧╚к╬,2013-11-19 00:2{?,
мБвй(е╥цю),иысз50хк,ио╨ё-фумсгЬ,цьГЙё╗ио╨ёё╘хМ╪Ч©ф╪╪споч╧╚к╬,2013-11-19 00:2{?,
мБвй(е╥цю),50-150хк,ио╨ё,╣б╧Зднльд╕мЬбГ╧и╥щ╧╚к╬ио╨ё╢З╠М╢╕,2013-11-19 00:2{?,
цЯс╙╧╚к╬,50-150хк,ио╨ё,ио╨ё╢Оа╙╣Гвс©ф╪╪споч╧╚к╬,2013-11-19 00:2{?,
╨овй(╥ге╥цю),50-150хк,ио╨ё-фж╤╚пбгЬ,ио╨ётС╩╙м╤вйспоч╧╚к╬,2013-11-19 00:2{?,
мБвй(е╥цю),50-150хк,ио╨ё,оХ╟апео╒©ф╪╪ё╗ио╨ёё╘споч╧╚к╬,2013-11-19 00:2{?,
н╢ж╙юЮпм,10000хкртио,ио╨ё,кудЧтфил╪╞ме╧и╥щспоч╧╚к╬,2013-11-19 00:2{?,
цЯс╙╧╚к╬,иысз50хк,ио╨ё-Ё╓дЧгЬ,ио╨ёжВаж╫Пхзпео╒╥ЧнЯспоч╧╚к╬,2013-11-19 00:2{?,
цЯс╙╧╚к╬,иысз50хк,ио╨ё-╨Г©згЬ,ио╨ё╫ЯЙмпео╒©ф╪╪споч╧╚к╬,2013-11-19 00:2{?,
мБвй(е╥цю),1000-5000хк,ио╨ё,360╟╡х╚нюй©,2013-11-19 00:2{?,
н╢ж╙юЮпм,50-150хк,ио╨ё-фж╤╚пбгЬ,╠╕╦╤мЬбГ©ф╪╪ё╗ио╨ёё╘споч╧╚к╬,2013-11-19 00:2{?,
╨овй(╥ге╥цю),1000-5000хк,ио╨ё-яНфжгЬ,ио╨ё╤╚╥╫оё╫эилнЯспоч╧╚к╬/╤╚╥╫╧╨нО/╤╚╥╫CJ,2013-11-19 00:2{?,
цЯс╙╧╚к╬,иысз50хк,ио╨ё-фж╤╚пбгЬ,ио╨ёбЖ©мпео╒©ф╪╪споч╧╚к╬,2013-11-19 00:2{?,
цЯс╙╧╚к╬,иысз50хк,ио╨ё,ио╨ёт╙╤╞хМ╪Чспоч╧╚к╬,2013-11-19 00:2{?,
╨овй(е╥цю),50-150хк,ио╨ё-╨Г©згЬ,ио╨ёиптСпео╒╪╪йУспоч╧╚к╬,2013-11-19 00:2{?,
цЯс╙╧╚к╬,50-150хк,ио╨ё-у╒╠╠гЬ,ио╨ёцкл╘пео╒©ф╪╪споч╧╚к╬,2013-11-19 00:2{?,
цЯс╙╧╚к╬,150-500хк,ио╨ё,ио╨ёрым╗пео╒©ф╪╪╧и╥щспоч╧╚к╬,2013-11-19 00:2{?,
мБвй(╥ге╥цю),500-1000хк,ио╨ё,╩ш©фя╤р╣ё╗╠╠╬╘ё╘мЬбГ©ф╪╪споч╧╚к╬,2013-11-19 00:2{?,
мБвй(е╥цю),1000-5000хк,ио╨ё-фж╤╚пбгЬ,╧ЦжщмЬрв╩╔╤╞сИюжспоч╧╚к╬,2013-11-19 00:2{?,
мБвй(╥ге╥цю),1000-5000хк,ио╨ё-у╒╠╠гЬ,уФбцмЬ╪фкЦ╩ЗхМ╪Ч©╙╥╒ё╗ио╨ёё╘споч╧╚к╬,2013-11-19 00:2{?,
╨овй(╥ге╥цю),150-500хк,ио╨ё-╨Г©згЬ,ио╨ё╟╡пюиЗ╩Нпео╒©ф╪╪споч╧╚к╬,2013-11-19 00:2{?,
цЯс╙╧╚к╬,150-500хк,ио╨ё-фж╤╚пбгЬ,ио╨ёажм╝пео╒╪╪йУспоч╧╚к╬,2013-11-19 00:2{?,
н╢ж╙юЮпм,иысз50хк,ио╨ё-ЦиппгЬ,ио╨ёа╙нжм╗я╤©ф╪╪споч╧╚к╬,2013-11-19 00:2{?,
цЯс╙╧╚к╬,50-150хк,ио╨ё,ио╨ёя╦╟апео╒©ф╪╪споч╧╚к╬,2013-11-19 00:2{?,
цЯс╙╧╚к╬,1000-5000хк,ио╨ё,╠╠╬╘а╙аЗ╡╘м╗╣ГвсилнЯ╪╪йУспоч╧╚к╬,2013-11-19 00:2{?,
цЯс╙╧╚к╬,иысз50хк,ио╨ё-фж╤╚пбгЬ,╬ч╥Чё╗ио╨ёё╘пео╒©ф╪╪споч╧╚к╬,2013-11-19 00:2{?,
╨овй(╥ге╥цю),500-1000хк,ио╨ё,бС╟Э╟Э,2013-11-19 00:2{?,
цЯс╙╧╚к╬,150-500хк,ио╨ё-фж╤╚пбгЬ,ио╨ё╦╩ся╫Пхз╥ЧнЯспоч╧╚к╬,2013-11-19 00:2{?,
цЯс╙╧╚к╬,50-150хк,ио╨ё-яНфжгЬ,ио╨ёцВснмЬбГ╪╪йУспоч╧╚к╬,2013-11-19 00:2{?,
мБвй(е╥цю),150-500хк,ио╨ё-пЛ╩ЦгЬ,ио╨ёюИ╟йпео╒©ф╪╪споч╧╚к╬,2013-11-19 00:2{?,
цЯс╙╧╚к╬,50-150хк,ио╨ё-Ё╓дЧгЬ,╧Цжщйп╩ЦипмЬбГ©ф╪╪споч╧╚к╬,2013-11-19 00:2{?,
цЯс╙╧╚к╬,иысз50хк,ио╨ё-яНфжгЬ,ио╨ё╟аажмЬбГ©ф╪╪споч╧╚к╬,2013-11-19 00:2{?,
цЯс╙╧╚к╬,500-1000хк,ио╨ё-ки╫╜гЬ,ио╨ёюЖхкюЖв╠╩╞в╠ф╥споч╧╚к╬,2013-11-19 00:2{?,
╨овй(╥ге╥цю),50-150хк,ио╨ё-фж╤╚пбгЬ,ио╨ёцШ╢╚пео╒╪╪йУспоч╧╚к╬,2013-11-19 00:2{?,
цЯс╙╧╚к╬,50-150хк,ио╨ё-фж╤╚пбгЬ,ио╨ё©╔ндм╤вйвия╞споч╧╚к╬,2013-11-19 00:2{?,
цЯс╙╧╚к╬,50-150хк,ио╨ё-пЛ╩ЦгЬ,ио╨ёяе©Мпео╒©ф╪╪споч╧╚к╬,2013-11-19 00:2{?,
мБвй(╥ге╥цю),150-500хк,ио╨ё-фж╤╚пбгЬ,TOM╩╔а╙мЬ╪╞ме╗D╗Dио╨ёсйюжцЁрвспоч╧╚к╬,2013-11-19 00:2{?,
мБвй(е╥цю),150-500хк,ио╨ё-ЦиппгЬ,╠╠╬╘аЫ╪Д╥©©ф╪╪споч╧╚к╬ио╨ё╥ж╧╚к╬,2013-11-19 00:2{?,
цЯс╙╧╚к╬,иысз50хк,ио╨ё-у╒╠╠гЬ,ио╨ёцхснмЬбГ©ф╪╪споч╧╚к╬,2013-11-19 00:2{?,
цЯс╙╧╚к╬,иысз50хк,ио╨ё-╨Г©згЬ,ио╨ёгв╠╕мЬбГ©ф╪╪споч╧╚к╬,2013-11-19 00:2{?,
цЯс╙╧╚к╬,50-150хк,ио╨ё-яНфжгЬ,ио╨ё╠╢хЯпео╒©ф╪╪споч╧╚к╬,2013-11-19 00:2{?,
╨овй(╥ге╥цю),500-1000хк,ио╨ё,ио╨ёмЬ╢ОхМ╪Ч╧и╥щспоч╧╚к╬,2013-11-19 00:2{?,
╨овй(╥ге╥цю),иысз50хк,ио╨ё-╩ффжгЬ,ио╨ё╥игФмЬбГ©ф╪╪споч╧╚к╬,2013-11-19 00:2{?,
цЯс╙╧╚к╬,50-150хк,ио╨ё-пЛ╩ЦгЬ,ио╨ёюжцхпео╒©ф╪╪споч╧╚к╬,2013-11-19 00:2{?,
цЯс╙╧╚к╬,иысз50хк,ио╨ё,ио╨ёсЩ╢╢мЬбГ©ф╪╪споч╧╚к╬,2013-11-19 00:2{?,
цЯс╙╧╚к╬,50-150хк,ио╨ё,ио╨ё╢С╨╛пео╒╪╪йУспоч╧╚к╬,2013-11-19 00:2{?,
╨овй(╥ге╥цю),150-500хк,ио╨ё-Ё╓дЧгЬ,ио╨ё╟╡╫ща╕пео╒о╣мЁспоч╧╚к╬,2013-11-19 00:2{?,
н╢ж╙юЮпм,иысз50хк,ио╨ё-пЛ╩ЦгЬ,ио╨ёоёснмЬбГ╪╪йУспоч╧╚к╬,2013-11-19 00:2{?,
╨овй(е╥цю),500-1000хк,ио╨ё-фж╤╚пбгЬ,╨мя╤пео╒©ф╪╪споч╧╚к╬ио╨ё╥ж╧╚к╬,2013-11-19 00:2{?,
╨овй(╥ге╥цю),50-150хк,ио╨ё-ЦиппгЬ,ио╨ёрад╚╣ГвсилнЯспоч╧╚к╬,2013-11-19 00:2{?,
н╢ж╙юЮпм,50-150хк,ио╨ё-пЛ╩ЦгЬ,ио╨ё╨╨рз╪фкЦ╩З©ф╪╪споч╧╚к╬,2013-11-19 00:2{?,
н╢ж╙юЮпм,50-150хк,ио╨ё-у╒╠╠гЬ,╡╛рГё╗ио╨ёё╘нОа╙мЬспоч╧╚к╬,2013-11-19 00:2{?,
цЯс╙╧╚к╬,50-150хк,ио╨ё-пЛ╩ЦгЬ,ио╨ёлЛ╩АП╘непео╒©ф╪╪споч╧╚к╬,2013-11-19 00:2{?,
цЯс╙╧╚к╬,150-500хк,ио╨ё,иНшзйп╪╙нщмЬбГ╪╪йУспоч╧╚к╬,2013-11-19 00:2{?,
цЯс╙╧╚к╬,150-500хк,ио╨ё,жп╧З╫Пхзтзоъ-ж╓х╞ж╝пг,2013-11-19 00:2{?,
цЯс╙╧╚к╬,150-500хк,ио╨ё,ио╨ё╡╝©║хМ╪Ч©ф╪╪споч╧╚к╬,2013-11-19 00:2{?,
╨овй(╥ге╥цю),150-500хк,ио╨ё-╨Г©згЬ,╩╒фклЕсЩмЬё╗HUPU.COM),2013-11-19 00:2{?,
мБвй(е╥цю),500-1000хк,ио╨ё-╩ффжгЬ,рв╢╚ц╫ё╗AdChina Ltd.ё╘,2013-11-19 00:2{?,
н╢ж╙юЮпм,1000-5000хк,ио╨ё-пЛ╩ЦгЬ,╦ъ╣бхМ╪Чспоч╧╚к╬,2013-11-19 00:2{?,
цЯс╙╧╚к╬,50-150хк,ио╨ё-Ё╓дЧгЬ,ио╨ёмР©мрв╬фнд╩╞╢╚╡╔споч╧╚к╬,2013-11-19 00:2{?,
цЯс╙╧╚к╬,50-150хк,ио╨ё-фумсгЬ,ио╨ё╥Гснпео╒©ф╪╪споч╧╚к╬,2013-11-19 00:2{?,
цЯс╙╧╚к╬,иысз50хк,ио╨ё-Ё╓дЧгЬ,ио╨ёсО╬╣фШЁ╣пео╒╪╪йУспоч╧╚к╬,"2013-11-19 00:2""",
╧ЗфС,50-150хк,ио╨ё-пЛ╩ЦгЬ,яК╧Цж╝иЫё╗╠╠╬╘ё╘нд╩╞╢╚ц╫споч╧╚к╬,2013-11-19 00:2{?,
мБвй(╥ге╥цю),50-150хк,ио╨ё,╥А╢ОхМ╪Чё╗кужщё╘споч╧╚к╬,2013-11-19 00:2{Ъ,
мБвй(╥ге╥цю),1000-5000хк,ио╨ё-пЛ╩ЦгЬ,лЛ╩к╧З╪й╪╞ме©ь╧испоч╧╚к╬,2013-11-19 00:2{,
╧ЗфС,50-150хк,ио╨ё-у╒╠╠гЬ,ио╨ё╦╤╥ям╗пео╒╥ЧнЯспоч╧╚к╬,2013-11-19 00:2{,
цЯс╙╧╚к╬,50-150хк,ио╨ё,ио╨ёрзцкпео╒╪╪йУ©╙╥╒споч╧╚к╬,2013-11-19 00:2{,
цЯс╙╧╚к╬,50-150хк,ио╨ё-╨Г©згЬ,ио╨ёснлфмЬбГ╪╪йУспоч╧╚к╬,2013-11-19 00:2{,
цЯс╙╧╚к╬,500-1000хк,ио╨ё,до╬╘пюмЬйся╤пео╒╪╪йУспоч╧╚к╬,2013-11-19 00:2{,
цЯс╙╧╚к╬,иысз50хк,ио╨ё-фж╤╚пбгЬ,ио╨ёж╦╬шмЬбГ©ф╪╪споч╧╚к╬,2013-11-19 00:2{,
цЯс╙╧╚к╬,иысз50хк,ио╨ё-фж╤╚пбгЬ,ио╨ёуф╫Ппео╒╪╪йУспоч╧╚к╬,2013-11-19 00:2{,
цЯс╙╧╚к╬,50-150хк,ио╨ё-пЛ╩ЦгЬ,ио╨ё╡йрзпео╒╪╪йУспоч╧╚к╬,2013-11-19 00:2{,
цЯс╙╧╚к╬,150-500хк,ио╨ё,нчнЩ╩╙тфйЩ╬щ╪╪йУ╥ЧнЯспоч╧╚к╬,2013-11-19 00:2{,
цЯс╙╧╚к╬,50-150хк,ио╨ё-╬╡╟╡гЬ,ио╨ё╫эрЮльпео╒©ф╪╪споч╧╚к╬,"2013-11-19 00:2{	",
цЯс╙╧╚к╬,50-150хк,ио╨ё,ио╨ёдЦ╦ёхМ╪Чспоч╧╚к╬,2013-11-19 00:2{,
,,,,,
цЯс╙╧╚к╬,150-500хк,ио╨ё-пЛ╩ЦгЬ,р╩╪схЩ╡мё╗ио╨ёё╘╣ГвсилнЯспоч╧╚к╬,2013-11-19 00:2{,
╧ЗфС,150-500хк,ио╨ё-пЛ╩ЦгЬ,ио╨ё╩╙т╢╢Ср╘╥©а╛кЬ╬╜с╙споч╧╚к╬,2013-11-19 00:2{,
╨овй(╥ге╥цю),50-150хк,ио╨ё,╠╠╬╘с╞╡йЁ╘а╙мЬбГ©ф╪╪споч╧╚к╬,2013-11-19 00:2{,
,,,,,
цЯс╙╧╚к╬,150-500хк,ио╨ё,╠╠╬╘рзцюхМм╗©ф╪╪споч╧╚к╬,2013-11-19 00:2{,
цЯс╙╧╚к╬,1000-5000хк,ио╨ё-Ё╓дЧгЬ,иНшзйпг╝╠╕©ф╪╪╥ЧнЯспоч╧╚к╬,2013-11-19 00:2{,
╨овй(╥ге╥цю),иысз50хк,ио╨ё-фж╤╚пбгЬ,рЬа╙жг╩щпео╒╥ЧнЯё╗ио╨ёё╘споч╧╚к╬,2013-11-19 00:2{,
цЯс╙╧╚к╬,150-500хк,ио╨ё-фумсгЬ,ио╨ёлЛгФпео╒╪╪йУспоч╧╚к╬,2013-11-19 00:2{,
цЯс╙╧╚к╬,иысз50хк,ио╨ё-яНфжгЬ,ио╨ё╟ыл╚пео╒©ф╪╪споч╧╚к╬,2013-11-19 00:2{,
цЯс╙╧╚к╬,50-150хк,ио╨ё,ио╨ёА╟НёмЬбГ©ф╪╪споч╧╚к╬,2013-11-19 00:2{,
цЯс╙╧╚к╬,50-150хк,ио╨ё,ио╨ёвщ╨А╫Яху╦жлЗ╣ГвсилнЯспоч╧╚к╬,2013-11-19 00:2{,
цЯс╙╧╚к╬,150-500хк,ио╨ё,ио╨ёпдхОмЬбГ╪╪йУспоч╧╚к╬,2013-11-19 00:2{,
цЯс╙╧╚к╬,50-150хк,ио╨ё-╩ффжгЬ,ио╨ёмЬсРмЬбГ©ф╪╪споч╧╚к╬,2013-11-19 00:2{,
╧ЗфС,150-500хк,ио╨ё-фж╤╚пбгЬ,лЛрМйся╤╢╚ц╫споч╧╚к╬,2013-11-19 00:2{,
цЯс╙╧╚к╬,иысз50хк,ио╨ё-фж╤╚пбгЬ,ио╨ёхПжб╪фкЦ╩З©ф╪╪споч╧╚к╬,2013-11-19 00:2{,
н╢ж╙юЮпм,иысз50хк,ио╨ё-яНфжгЬ,ио╨ёпбру╬╜илцЁспоч╧╚к╬,2013-11-19 00:2{,
цЯс╙╧╚к╬,50-150хк,ио╨ё-пЛ╩ЦгЬ,ио╨ё╨╨╡ж╣ГвсилнЯспоч╧╚к╬,2013-11-19 00:2{,
цЯс╙╧╚к╬,150-500хк,ио╨ё,ЁёжщбР╤╚нВмЬбГ©ф╪╪споч╧╚к╬,2013-11-19 00:2{,
цЯс╙╧╚к╬,иысз50хк,ио╨ё-ЦиппгЬ,ио╨ёсЙ╧Шпео╒©ф╪╪споч╧╚к╬,2013-11-19 00:2{,
цЯс╙╧╚к╬,иысз50хк,ио╨ё-ЦиппгЬ,ио╨ё╣бцвхЬпео╒©ф╪╪споч╧╚к╬,2013-11-19 00:2{,
н╢ж╙юЮпм,1000-5000хк,ио╨ё-Ё╓дЧгЬ,хкхк╧╚к╬ё╗Renren Incё╘,2013-11-19 00:2{,
╨овй(╥ге╥цю),150-500хк,ио╨ё-фж╤╚пбгЬ,ио╨ёлз╣юпео╒╪╪йУспоч╧╚к╬,2013-11-19 00:2{,
цЯс╙╧╚к╬,иысз50хк,ио╨ё,ио╨ё╡╩ят©ф╪╪╥╒у╧споч╧╚к╬,2013-11-19 00:2{ ,
╨овй(╥ге╥цю),50-150хк,ио╨ё-╠╕и╫гЬ,ио╨ёцВдб╣Гвс©ф╪╪споч╧╚к╬,2013-11-19 00:2{!,
╨овй(╥ге╥цю),500-1000хк,ио╨ё-ЦиппгЬ,ио╨ё╟╡пк╩Ц╤╚ж╫р╣споч╧╚к╬,"2013-11-19 00:2{""",
цЯс╙╧╚к╬,150-500хк,ио╨ё-фумсгЬ,ио╨ёд╫╨ммЬбГ©ф╪╪споч╧╚к╬,2013-11-19 00:2{#,
цЯс╙╧╚к╬,50-150хк,ио╨ё-пЛ╩ЦгЬ,ио╨ё©Ш╣ДтфхМ╪Чспоч╧╚к╬,2013-11-19 00:2{$,
цЯс╙╧╚к╬,50-150хк,ио╨ё,ио╨ёр╩флпео╒©ф╪╪споч╧╚к╬,2013-11-19 00:2{%,
╧ЗфС,50-150хк,ио╨ё,╤╚╥╫╣Гвсж╖╦╤споч╧╚к╬,2013-11-19 00:2{&,
цЯс╙╧╚к╬,50-150хк,ио╨ё,ио╨ёд╕цВпео╒╪╪йУспоч╧╚к╬,2013-11-19 00:2{',
╨овй(╥ге╥цю),иысз50хк,ио╨ё,╧Ц╤╚╣ш╨КйЩ╬щ╪╪йУспоч╧╚к╬,2013-11-19 00:2{(,
цЯс╙╧╚к╬,50-150хк,ио╨ё-фж╤╚пбгЬ,ио╨ё╧ЦиЩпео╒╪╪йУспоч╧╚к╬,2013-11-19 00:2{),
цЯс╙╧╚к╬,иысз50хк,ио╨ё-╨Г©згЬ,ио╨ёед╠╢пео╒©ф╪╪споч╧╚к╬,2013-11-19 00:2{*,
цЯс╙╧╚к╬,50-150хк,ио╨ё-╠╕и╫гЬ,ио╨ёрБй╠мЬбГ©ф╪╪споч╧╚к╬,2013-11-19 00:2{+,
цЯс╙╧╚к╬,50-150хк,ио╨ё-╩ффжгЬ,ио╨ёрвяпмЬбГ©ф╪╪споч╧╚к╬,2013-11-19 00:2{,
цЯс╙╧╚к╬,иысз50хк,ио╨ё-яНфжгЬ,ио╨ёпп╥╚пео╒©ф╪╪споч╧╚к╬,2013-11-19 00:2{-,
цЯс╙╧╚к╬,иысз50хк,ио╨ё,ио╨ё╨ё╤║мЬбГ©ф╪╪споч╧╚к╬,2013-11-19 00:2{.,
╨овй(╥ге╥цю),иысз50хк,ио╨ё-Ё╓дЧгЬ,ио╨ётфб╥пео╒©ф╪╪споч╧╚к╬,2013-11-19 00:2{/,
╨овй(е╥цю),иысз50хк,ио╨ё,╠╠╬╘рв╥╫сехка╕вйт╢споч╧╚к╬,2013-11-19 00:2{0,
цЯс╙╧╚к╬,иысз50хк,ио╨ё-пЛ╩ЦгЬ,ио╨ёк╝допео╒╪╪йУспоч╧╚к╬,2013-11-19 00:2{1,
цЯс╙╧╚к╬,500-1000хк,ио╨ё,ио╨ёй╒╢СмЬбГ╥╒у╧споч╧╚к╬,2013-11-19 00:2{2,
цЯс╙╧╚к╬,иысз50хк,ио╨ё-фумсгЬ,ио╨ёел╢ОмЬбГ©ф╪╪споч╧╚к╬,2013-11-19 00:2{3,
цЯс╙╧╚к╬,иысз50хк,ио╨ё-пЛ╩ЦгЬ,тфтзпео╒о╣мЁё╗ио╨ёё╘споч╧╚к╬,2013-11-19 00:2{4,
цЯс╙╧╚к╬,50-150хк,ио╨ё,ио╨ёжпхЯви╩╙фСр╣╧эюМвия╞споч╧╚к╬,2013-11-19 00:2{5,
цЯс╙╧╚к╬,иысз50хк,ио╨ё-╠╕и╫гЬ,ио╨ё╡см╗нд╩╞╢╚╡╔споч╧╚к╬,2013-11-19 00:2{6,
цЯс╙╧╚к╬,50-150хк,ио╨ё-фж╤╚пбгЬ,ио╨ё╬чтЖпео╒©ф╪╪споч╧╚к╬,2013-11-19 00:2{7,
цЯс╙╧╚к╬,50-150хк,ио╨ё-фж╤╚пбгЬ,ио╨ёрю©╗╣ы╤Впео╒╪╪йУспоч╧╚к╬,2013-11-19 00:2{8,
цЯс╙╧╚к╬,иысз50хк,ио╨ё-╠╕и╫гЬ,ио╨ё╬╝мммЬбГ©ф╪╪споч╧╚к╬,2013-11-19 00:2{9,
цЯс╙╧╚к╬,50-150хк,ио╨ё,ио╨ёлЛн╢мЬбГ©ф╪╪споч╧╚к╬,2013-11-19 00:2{:,
цЯс╙╧╚к╬,иысз50хк,ио╨ё-фж╤╚пбгЬ,ио╨ёцхЁ╪пео╒╪╪йУспоч╧╚к╬,2013-11-19 00:2{;,
цЯс╙╧╚к╬,иысз50хк,ио╨ё-╩ффжгЬ,ио╨ёх╚╧╨вт╤╞╩╞╪╪йУспоч╧╚к╬,2013-11-19 00:2{<,
цЯс╙╧╚к╬,иысз50хк,ио╨ё-Ё╓дЧгЬ,ио╨ёйссянд╩╞╢╚╡╔споч╧╚к╬,2013-11-19 00:2{=,
мБвй(е╥цю),50-150хк,ио╨ё-╩ффжгЬ,ЛВмьё╗ио╨ёё╘пео╒╪╪йУспоч╧╚к╬,2013-11-19 00:2{>,
цЯс╙╧╚к╬,50-150хк,ио╨ё,ио╨ё╢С╩ф╥ДмЬбГпео╒╪╪йУспоч╧╚к╬,2013-11-19 00:2{?,
цЯс╙╧╚к╬,иысз50хк,ио╨ё,ио╨ё╪╚╢╢╣Гвс©ф╪╪споч╧╚к╬,2013-11-19 00:2{@,
мБвй(╥ге╥цю),500-1000хк,ио╨ё,╤║╤║мЬё╗╤║╤║се╩щё╘,2013-11-19 00:2{A,
цЯс╙╧╚к╬,иысз50хк,ио╨ё-фж╤╚пбгЬ,ио╨ёБЫ╟ыпео╒©ф╪╪споч╧╚к╬,2013-11-19 00:2{B,
цЯс╙╧╚к╬,иысз50хк,ио╨ё-фумсгЬ,ио╨ё╬чпкйЩбК©ф╪╪споч╧╚к╬,2013-11-19 00:2{C,
мБвй(╥ге╥цю),1000-5000хк,ио╨ё,н╗ф╥╩Аё╗жп╧Зё╘споч╧╚к╬,2013-11-19 00:2{D,
цЯс╙╧╚к╬,иысз50хк,ио╨ё-╬╡╟╡гЬ,ио╨ёлЛодмЬбГ©ф╪╪споч╧╚к╬,2013-11-19 00:2{E,
цЯс╙╧╚к╬,150-500хк,ио╨ё-пЛ╩ЦгЬ,и╪╣б╣ГвсилнЯ╥ЧнЯспоч╧╚к╬,2013-11-19 00:2{F,
мБвй(е╥цю),иысз50хк,ио╨ё,хыюкпео╒©ф╪╪ё╗ио╨ёё╘споч╧╚к╬,2013-11-19 00:2{G,
н╢ж╙юЮпм,50-150хк,ио╨ё,ио╨ёяК╟Н╪фкЦ╩З©ф╪╪споч╧╚к╬,2013-11-19 00:2{H,
н╢ж╙юЮпм,50-150хк,ио╨ё,ио╨ё╪р╩╞пео╒©ф╪╪споч╧╚к╬,2013-11-19 00:2{I,
цЯс╙╧╚к╬,50-150хк,ио╨ё-фж╤╚пбгЬ,ио╨ёаЗгФнд╩╞╢╚ц╫споч╧╚к╬,2013-11-19 00:2{J,
цЯс╙╧╚к╬,50-150хк,ио╨ё-фж╤╚пбгЬ,ио╨ён╒╩Цпео╒╪╪йУспоч╧╚к╬,2013-11-19 00:2{K,
цЯс╙╧╚к╬,50-150хк,ио╨ё-╠╕и╫гЬ,ио╨ёспх╓╣╨нд╩╞╢╚╡╔споч╧╚к╬,2013-11-19 00:2{L,
цЯс╙╧╚к╬,иысз50хк,ио╨ё-фумсгЬ,ио╨ёипб╥й╣р╣╥╒у╧споч╧╚к╬,2013-11-19 00:2{M,
╨овй(╥ге╥цю),иысз50хк,ио╨ё-╨Г©згЬ,ио╨ёлз╩ухМ╪Ч©ф╪╪споч╧╚к╬,2013-11-19 00:2{N,
н╢ж╙юЮпм,150-500хк,ио╨ё-Ё╓дЧгЬ,ио╨ёе╘р╣пео╒споч╧╚к╬,2013-11-19 00:2{O,
цЯс╙╧╚к╬,иысз50хк,ио╨ё-╬╡╟╡гЬ,ио╨ё╢╗хПхМ╪Ч©ф╪╪споч╧╚к╬,2013-11-19 00:2{P,
╨овй(╥ге╥цю),150-500хк,ио╨ё-фж╤╚пбгЬ,ио╨ё╨╨сНпео╒©ф╪╪споч╧╚к╬,2013-11-19 00:2{Q,
цЯс╙╧╚к╬,50-150хк,ио╨ё-фж╤╚пбгЬ,нВ╟╡╣Црвпео╒╪╪йУспоч╧╚к╬,2013-11-19 00:2{R,
╨овй(╥ге╥цю),50-150хк,ио╨ё-╩ффжгЬ,ио╨ёжгаЗфСр╣╧эюМспоч╧╚к╬,2013-11-19 00:2{S,
мБвй(е╥цю),1000-5000хк,ио╨ё,пб╣╟пео╒╪╪йУё╗жп╧Зё╘споч╧╚к╬,2013-11-19 00:2{T,
цЯс╙╧╚к╬,50-150хк,ио╨ё-пЛ╩ЦгЬ,ио╨ёлью╤пео╒©ф╪╪споч╧╚к╬--жп╧ЗфСр╣тзоъ,2013-11-19 00:2{U,
╨овй(е╥цю),иысз50хк,ио╨ё,ио╨ёюЁбЭльпео╒©ф╪╪споч╧╚к╬,2013-11-19 00:2{V,
╧ЗфС,150-500хк,ио╨ё-╬╡╟╡гЬ,пбцЯмЬ,2013-11-19 00:2{W,
╨овй(╥ге╥цю),50-150хк,ио╨ё-Ё╓дЧгЬ,ио╨ёйстфмЬбГ©ф╪╪споч╧╚к╬,2013-11-19 00:2{X,
╥гс╞юШ╩З╧╧,иысз50хк,ио╨ё-пЛ╩ЦгЬ,ио╨ё©ф╪╪жЗюо╥ЧнЯжппд,2013-11-19 00:2{Y,
цЯс╙╧╚к╬,иысз50хк,ио╨ё-╠╕и╫гЬ,ио╨ёНёцЁ╣ГвсилнЯспоч╧╚к╬,2013-11-19 00:2{Z,
цЯс╙╧╚к╬,иысз50хк,ио╨ё-фж╤╚пбгЬ,ио╨ё╟╝╤║р╫╪ямЬбГ©ф╪╪споч╧╚к╬,2013-11-19 00:2{[,
цЯс╙╧╚к╬,иысз50хк,ио╨ё-фж╤╚пбгЬ,ио╨ёю╓еСхМ╪Ч╪╪йУспоч╧╚к╬,2013-11-19 00:2{\,
мБвй(╥ге╥цю),иысз50хк,ио╨ё,ио╨ёс╒╦╢╣бхк╡е╥ЧнЯспоч╧╚к╬,2013-11-19 00:2{],
цЯс╙╧╚к╬,иысз50хк,ио╨ё-╨Г©згЬ,ио╨ёснхммЬбГ©ф╪╪споч╧╚к╬,2013-11-19 00:2{^,
цЯс╙╧╚к╬,50-150хк,ио╨ё-фж╤╚пбгЬ,ио╨ёлзт╢хМ╪Чспоч╧╚к╬,2013-11-19 00:2{_,
цЯс╙╧╚к╬,иысз50хк,ио╨ё-пЛ╩ЦгЬ,ио╨ё╩тж╙пео╒╪╪йУспоч╧╚к╬,2013-11-19 00:2{`,
цЯс╙╧╚к╬,50-150хк,ио╨ё-пЛ╩ЦгЬ,ио╨ё╟крз╟кр╫р╘пео╒споч╧╚к╬,2013-11-19 00:2{a,
цЯс╙╧╚к╬,50-150хк,ио╨ё-Ё╓дЧгЬ,ио╨ё╪╓╢╢м╤вй╧эюМспоч╧╚к╬,2013-11-19 00:2{b,
╧ЗфС,50-150хк,ио╨ё,рв╟ЮмЬ,2013-11-19 00:2{c,
цЯс╙╧╚к╬,иысз50хк,ио╨ё-фумсгЬ,ио╨ё╤╕иЗ╣ГвсилнЯспоч╧╚к╬,2013-11-19 00:2{d,
н╢ж╙юЮпм,иысз50хк,ио╨ё-╩ффжгЬ,ио╨ё╩Пакпео╒©ф╪╪споч╧╚к╬,2013-11-19 00:2{e,
цЯс╙╧╚к╬,50-150хк,ио╨ё-фумсгЬ,ио╨ё╟╡╬цмЬбГпео╒споч╧╚к╬,2013-11-19 00:2{f,
цЯс╙╧╚к╬,50-150хк,ио╨ё-фж╤╚пбгЬ,ио╨ём╞хЯмЬбГ©ф╪╪споч╧╚к╬,2013-11-19 00:2{g,
цЯс╙╧╚к╬,иысз50хк,ио╨ё,ио╨ёноснмЬбГ©ф╪╪споч╧╚к╬,2013-11-19 00:2{h,
мБвй(╥ге╥цю),150-500хк,ио╨ё,╠╠╬╘а╙оКюШл╘хМ╪Чспоч╧╚к╬,2013-11-19 00:2{i,
╨овй(е╥цю),50-150хк,ио╨ё-пЛ╩ЦгЬ,ио╨ёбС©к╥Гнд╩╞╢╚ц╫споч╧╚к╬,2013-11-19 00:2{j,
цЯс╙╧╚к╬,50-150хк,ио╨ё-фумсгЬ,ио╨ёл╫╣ЦмЬбГ©ф╪╪споч╧╚к╬,2013-11-19 00:2{k,
╨овй(╥ге╥цю),150-500хк,ио╨ё-╨Г©згЬ,ио╨ёа╙╤╪й╣р╣споч╧╚к╬,2013-11-19 00:2{l,
цЯс╙╧╚к╬,иысз50хк,ио╨ё-фж╤╚пбгЬ,╩Т╤В╨ёд╥ё╗╠╠╬╘ё╘╣ГвсилнЯспоч╧╚к╬,2013-11-19 00:2{m,
мБвй(е╥цю),1000-5000хк,ио╨ё-пЛ╩ЦгЬ,оП╧Ш╧З╪й,2013-11-19 00:2{n,
цЯс╙╧╚к╬,иысз50хк,ио╨ё-╩ффжгЬ,ио╨ёнчя╟мЬбГ©ф╪╪споч╧╚к╬,2013-11-19 00:2{o,
цЯс╙╧╚к╬,150-500хк,ио╨ё-фумсгЬ,ио╨ёуфс╞мЬбГ╪╪йУспоч╧╚к╬,2013-11-19 00:2{p,
цЯс╙╧╚к╬,50-150хк,ио╨ё-у╒╠╠гЬ,ио╨ёбЖ╢╢мЬбГ©ф╪╪споч╧╚к╬,2013-11-19 00:2{q,
цЯс╙╧╚к╬,50-150хк,ио╨ё,рв╟м╟м╫Пхзпео╒╥ЧнЯё╗ио╨ёё╘споч╧╚к╬,2013-11-19 00:2{r,
цЯс╙╧╚к╬,иысз50хк,ио╨ё,ио╨ё╬ша╒пео╒╪╪йУспоч╧╚к╬,2013-11-19 00:2{s,
н╢ж╙юЮпм,иысз50хк,ио╨ё-пЛ╩ЦгЬ,ио╨ёлтцнмЬбГ©ф╪╪споч╧╚к╬,2013-11-19 00:2{t,
мБвй(╥ге╥цю),иысз50хк,ио╨ё,бГцк╣Гвс©ф╪╪споч╧╚к╬,2013-11-19 00:2{u,
цЯс╙╧╚к╬,иысз50хк,ио╨ё,ио╨ёНё╥Гпео╒╪╪йУспоч╧╚к╬,2013-11-19 00:2{v,
╨овй(╥ге╥цю),150-500хк,ио╨ё-╠╕и╫гЬ,л╘╤Ш╩щцю╩щ╣ГвсилнЯё╗ио╨ёё╘споч╧╚к╬,2013-11-19 00:2{w,
мБвй(╥ге╥цю),150-500хк,ио╨ё-ЦиппгЬ,лЛ?©М╢ЬмЬбГ©ф╪╪(ио╨ё)споч╧╚к╬,2013-11-19 00:2{x,
╨овй(╥ге╥цю),50-150хк,ио╨ё,ио╨ёрвт╤пео╒╪╪йУспоч╧╚к╬,2013-11-19 00:2{y,
цЯс╙╧╚к╬,иысз50хк,ио╨ё-фж╤╚пбгЬ,ио╨ё╩ЦцВпео╒╪╪йУспоч╧╚к╬,2013-11-19 00:2{z,
цЯс╙╧╚к╬,500-1000хк,ио╨ё,сфтубцснмЬ,2013-11-19 00:2{{,
цЯс╙╧╚к╬,иысз50хк,ио╨ё-фж╤╚пбгЬ,ио╨ё╨Лр╪мЬбГ╪╪йУспоч╧╚к╬,2013-11-19 00:2{|,
цЯс╙╧╚к╬,иысз50хк,ио╨ё,ио╨ёюзюШпео╒©ф╪╪споч╧╚к╬,2013-11-19 00:2{},
цЯс╙╧╚к╬,500-1000хк,ио╨ё-ЦиппгЬ,╨╪жщ╠х╤Ш╣ю╥Р©ф╪╪споч╧╚к╬,2013-11-19 00:2{~,
цЯс╙╧╚к╬,50-150хк,ио╨ё-Ё╓дЧгЬ,ио╨ё╣ЦрщмЬбГ©ф╪╪споч╧╚к╬,2013-11-19 00:2{,
цЯс╙╧╚к╬,иысз50хк,ио╨ё-фж╤╚пбгЬ,ио╨ёпдт╢╪фкЦ╩З╪╪йУспоч╧╚к╬,2013-11-19 00:2{─,
цЯс╙╧╚к╬,50-150хк,ио╨ё,ио╨ёхСсп╣ГвсилнЯспоч╧╚к╬,2013-11-19 00:2{?,
цЯс╙╧╚к╬,50-150хк,ио╨ё-фж╤╚пбгЬ,ио╨ёрзсНмЬбГ©ф╪╪споч╧╚к╬,2013-11-19 00:2{?,
цЯс╙╧╚к╬,иысз50хк,ио╨ё-фумсгЬ,ио╨ёЮ╦ЮГ╩╔а╙мЬ©ф╪╪споч╧╚к╬,2013-11-19 00:2{?,
цЯс╙╧╚к╬,50-150хк,ио╨ё-╨Г©згЬ,ио╨ёпЯхуяЬюо╥ЧнЯспоч╧╚к╬,2013-11-19 00:2{?,
цЯс╙╧╚к╬,50-150хк,ио╨ё-яНфжгЬ,ио╨ён╙й╓╣ГвсилнЯспоч╧╚к╬,2013-11-19 00:2{?,
мБвй(е╥цю),500-1000хк,ио╨ё,п╞ЁлбцппмЬIT╪╪йУгЬ,2013-11-19 00:2{?,
цЯс╙╧╚к╬,иысз50хк,ио╨ё,ио╨ёжбн╛пео╒╪╪йУспоч╧╚к╬,2013-11-19 00:2{?,
╨овй(╥ге╥цю),50-150хк,ио╨ё,ио╨ёб║╢ОхМ╪Ч╧и╥щспоч╧╚к╬,2013-11-19 00:2{?,
цЯс╙╧╚к╬,иысз50хк,ио╨ё-фж╤╚пбгЬ,ио╨ён╣я╤иЗ╩Н╣ГвсилнЯспоч╧╚к╬,2013-11-19 00:2{?,
цЯс╙╧╚к╬,50-150хк,ио╨ё-фж╤╚пбгЬ,©Ла╛мЬбГ╥ЧнЯё╗ио╨ёё╘споч╧╚к╬,2013-11-19 00:2{?,
цЯс╙╧╚к╬,50-150хк,ио╨ё-фж╤╚пбгЬ,ио╨ё╦жж╝╪рпео╒©ф╪╪споч╧╚к╬,2013-11-19 00:2{?,
╨овй(╥ге╥цю),50-150хк,ио╨ё-фумсгЬ,ио╨ёпбмЬЁлпео╒╪╪йУ╧и╥щспоч╧╚к╬,2013-11-19 00:2{?,
цЯс╙╧╚к╬,50-150хк,ио╨ё-фж╤╚пбгЬ,╟╡╩уаЗвЕмЬбГ©ф╪╪споч╧╚к╬,2013-11-19 00:2{?,
цЯс╙╧╚к╬,иысз50хк,ио╨ё-фж╤╚пбгЬ,ио╨ёрв╣Цй╠©умЬбГспоч╧╚к╬,2013-11-19 00:2{?,
цЯс╙╧╚к╬,50-150хк,ио╨ё-фумсгЬ,ио╨ёоХснмЬбГ©ф╪╪споч╧╚к╬,2013-11-19 00:2{?,
н╢ж╙юЮпм,50-150хк,ио╨ё-пЛ╩ЦгЬ,ио╨ё╣брцмЬбГ╪╪йУспоч╧╚к╬,2013-11-19 00:2{?,
цЯс╙╧╚к╬,иысз50хк,ио╨ё-пЛ╩ЦгЬ,ио╨ёЙ╩бтпео╒╪╪йУспоч╧╚к╬,2013-11-19 00:2{?,
╨овй(╥ге╥цю),иысз50хк,ио╨ё-пЛ╩ЦгЬ,ио╨ё╬шх╨хМ╪Ч©╙╥╒споч╧╚к╬,2013-11-19 00:2{?,
мБвй(е╥цю),иысз50хк,ио╨ё,╟ё©фк╪пео╒╪╪йУё╗ио╨ёё╘споч╧╚к╬,2013-11-19 00:2{?,
цЯс╙╧╚к╬,150-500хк,ио╨ё,иНшзйпхз╢╢лЛоб©ф╪╪╧и╥щспоч╧╚к╬,2013-11-19 00:2{?,
цЯс╙╧╚к╬,иысз50хк,ио╨ё-фж╤╚пбгЬ,ио╨ё╟╒льце╪фкЦ╩З╪╪йУспоч╧╚к╬,2013-11-19 00:2{?,
цЯс╙╧╚к╬,иысз50хк,ио╨ё-ЦиппгЬ,ио╨ёс╞╣юцЁрвспоч╧╚к╬,2013-11-19 00:2{?,
цЯс╙╧╚к╬,50-150хк,ио╨ё,╨╪жщг╟╥╫пео╒╪╪йУспоч╧╚к╬,2013-11-19 00:2{?,
╨овй(╥ге╥цю),1000-5000хк,ио╨ё-у╒╠╠гЬ,ио╨ёвПрГилнЯпео╒вия╞споч╧╚к╬,2013-11-19 00:2{?,
цЯс╙╧╚к╬,50-150хк,ио╨ё-фумсгЬ,ио╨ёжЯм╓цЁрвспоч╧╚к╬,2013-11-19 00:2{?,
цЯс╙╧╚к╬,иысз50хк,ио╨ё-пЛ╩ЦгЬ,ио╨ё©Бк╪пео╒╪╪йУспоч╧╚к╬,2013-11-19 00:2{?,
цЯс╙╧╚к╬,50-150хк,ио╨ё-пЛ╩ЦгЬ,╧Зл╘╩Цм╗пео╒╪╪йУё╗╠╠╬╘ё╘споч╧╚к╬ио╨ё╥ж╧╚к╬,2013-11-19 00:2{?,
╨овй(╥ге╥цю),150-500хк,ио╨ё,ио╨ёп╜╢ОхМ╪Ч©ф╪╪споч╧╚к╬,2013-11-19 00:2{?,
╧ЗфС,150-500хк,ио╨ё-фж╤╚пбгЬ,ио╨ёрЬа╙╣Гвсж╖╦╤╥ЧнЯспоч╧╚к╬,2013-11-19 00:2{?,
цЯс╙╧╚к╬,иысз50хк,ио╨ё-╪н╤╗гЬ,ио╨ё╫Пя╞пео╒╪╪йУспоч╧╚к╬,2013-11-19 00:2{?,
мБвй(╥ге╥цю),иысз50хк,ио╨ё-╨Г©згЬ,ио╨ёрБя╖йЩвжЁЖ╟Ф©ф╪╪споч╧╚к╬,2013-11-19 00:2{?,
цЯс╙╧╚к╬,50-150хк,ио╨ё-фж╤╚пбгЬ,ио╨ёфЛ╪фжгдэ©ф╪╪споч╧╚к╬,2013-11-19 00:2{?,
мБвй(╥ге╥цю),500-1000хк,ио╨ё-пЛ╩ЦгЬ,ShopExио╨ёилеимЬбГ©ф╪╪споч╧╚к╬,2013-11-19 00:2{?,
мБвй(╥ге╥цю),иысз50хк,ио╨ё-╨Г©згЬ,ио╨ёоёрвк╪пео╒©ф╪╪споч╧╚к╬,2013-11-19 00:2{?,
н╢ж╙юЮпм,150-500хк,ио╨ё,ио╨ё╬шй╓мР╨о╧Ц╦Фспоч╧╚к╬,2013-11-19 00:2{?,
н╢ж╙юЮпм,50-150хк,ио╨ё-пЛ╩ЦгЬ,ио╨ё╠л╨╨мЬбГ©ф╪╪споч╧╚к╬,2013-11-19 00:2{?,
цЯс╙╧╚к╬,50-150хк,ио╨ё-фж╤╚пбгЬ,ио╨ёлЛд╠мЬбГ©ф╪╪споч╧╚к╬,2013-11-19 00:2{?,
цЯс╙╧╚к╬,50-150хк,ио╨ё-фж╤╚пбгЬ,ио╨ёпГбжпео╒©ф╪╪споч╧╚к╬,2013-11-19 00:2{?,
цЯс╙╧╚к╬,иысз50хк,ио╨ё-ЦиппгЬ,ио╨ёйХн╒мЬбГ╪╪йУспоч╧╚к╬,2013-11-19 00:2{?,
цЯс╙╧╚к╬,150-500хк,ио╨ё-пЛ╩ЦгЬ,╟╛хПвия╞╪╞ме,2013-11-19 00:2{?,
цЯс╙╧╚к╬,иысз50хк,ио╨ё-фж╤╚пбгЬ,ио╨ёпгж╝кЫтзпео╒©ф╪╪споч╧╚к╬,2013-11-19 00:2{?,
н╢ж╙юЮпм,150-500хк,ио╨ё,цЯиЗ╣ГвсилнЯспочтПхн╧╚к╬,2013-11-19 00:2{?,
цЯс╙╧╚к╬,150-500хк,ио╨ё-фж╤╚пбгЬ,иНшзйпфФ╪ём╗я╤споч╧╚к╬╠╠╬╘╥ж╧╚к╬,2013-11-19 00:2{?,
╨овй(╥ге╥цю),иысз50хк,ио╨ё-фж╤╚пбгЬ,ио╨ёйю╨Бпео╒©ф╪╪споч╧╚к╬,2013-11-19 00:2{?,
мБвй(е╥цю),иысз50хк,ио╨ё-яНфжгЬ,ио╨ё©Л╢╢с╙╧их╗м╤вй╧эюМфСр╣ё╗споч╨о╩Оё╘,2013-11-19 00:2{?,
цЯс╙╧╚к╬,150-500хк,ио╨ё,ио╨ёе╣ЛВ©ф╪╪споч╧╚к╬,2013-11-19 00:2{?,
цЯс╙╧╚к╬,50-150хк,ио╨ё-б╛мЕгЬ,ио╨ён╛бч©ик╪пео╒╪╪йУспоч╧╚к╬,2013-11-19 00:2{?,
╨овй(╥ге╥цю),150-500хк,ио╨ё-б╛мЕгЬ,ио╨ёутс©╣ГвсилнЯ╥ЧнЯспоч╧╚к╬,2013-11-19 00:2{?,
╧ЗфС,50-150хк,ио╨ё-б╛мЕгЬ,ио╨ё╫У╫╜╧З╪й╣ГвсилнЯспоч╧╚к╬,2013-11-19 00:2{?,
цЯс╙╧╚к╬,1000-5000хк,ио╨ё,до╬╘м╬её©ф╪╪споч╧╚к╬,2013-11-19 00:2{?,
цЯс╙╧╚к╬,иысз50хк,ио╨ё-фж╤╚пбгЬ,ио╨ёсЩцГпео╒©ф╪╪споч╧╚к╬,2013-11-19 00:2{?,
цЯс╙╧╚к╬,50-150хк,ио╨ё-фж╤╚пбгЬ,ио╨ё╫эм╪хМ╪Ч╪╪йУспоч╧╚к╬,2013-11-19 00:2{?,
н╢ж╙юЮпм,150-500хк,ио╨ё,хЩаЫаЦсн╬цё╗╠╠╬╘ё╘©ф╪╪споч╧╚к╬,2013-11-19 00:2{?,
╨овй(╥ге╥цю),иысз50хк,ио╨ё-фж╤╚пбгЬ,ио╨ё╫╗гзпео╒©ф╪╪споч╧╚к╬,2013-11-19 00:2{?,
цЯс╙╧╚к╬,иысз50хк,ио╨ё-ЦиппгЬ,ио╨ё╠ЙпЯмЬбГ©ф╪╪споч╧╚к╬,2013-11-19 00:2{?,
мБвй(е╥цю),50-150хк,ио╨ё-пЛ╩ЦгЬ,сеж╣╧╘мЬбГ©ф╪╪ё╗ио╨ёё╘споч╧╚к╬,2013-11-19 00:2{?,
цЯс╙╧╚к╬,иысз50хк,ио╨ё-пЛ╩ЦгЬ,ио╨ёпдм╗пео╒╪╪йУспоч╧╚к╬,2013-11-19 00:2{?,
цЯс╙╧╚к╬,150-500хк,ио╨ё-фумсгЬ,ио╨ё╣бкяпео╒╪╪йУспоч╧╚к╬,2013-11-19 00:2{?,
цЯс╙╧╚к╬,иысз50хк,ио╨ё-╠╕и╫гЬ,ио╨ё╦Ях╓пео╒╪╪йУспоч╧╚к╬,2013-11-19 00:2{?,
цЯс╙╧╚к╬,иысз50хк,ио╨ё-ЦиппгЬ,ио╨ёув╦╔╣ГвсилнЯспоч╧╚к╬,2013-11-19 00:2{?,
╨овй(╥ге╥цю),иысз50хк,ио╨ё-Ё╓дЧгЬ,ио╨ё╡╝╨╨мЬбГ©ф╪╪споч╧╚к╬,2013-11-19 00:2{?,
цЯс╙╧╚к╬,150-500хк,ио╨ё-фж╤╚пбгЬ,иНшзйпмь╠ёхМ╪Чспоч╧╚к╬,2013-11-19 00:2{?,
цЯс╙╧╚к╬,150-500хк,ио╨ё,╧Ц╤╚╧З╠й©ф╪╪╧и╥щспоч╧╚к╬,2013-11-19 00:2{?,
╨овй(╥ге╥цю),иысз50хк,ио╨ё-ЦиппгЬ,ио╨ёяг╢З╫╗жЧ©ф╪╪споч╧╚к╬,2013-11-19 00:2{?,
цЯс╙╧╚к╬,иысз50хк,ио╨ё-у╒╠╠гЬ,нчнЩ╩АлзхМ╪Ч©ф╪╪споч╧╚к╬,2013-11-19 00:2{?,
н╢ж╙юЮпм,иысз50хк,ио╨ё-ЦиппгЬ,ио╨ё╟╒еёпео╒©ф╪╪споч╧╚к╬,2013-11-19 00:2{?,
цЯс╙╧╚к╬,иысз50хк,ио╨ё-фж╤╚пбгЬ,ио╨ёхСФзпео╒╪╪йУспоч╧╚к╬,2013-11-19 00:2{?,
цЯс╙╧╚к╬,50-150хк,ио╨ё-ЦиппгЬ,ио╨ётфоМ©ф╪╪споч╧╚к╬,2013-11-19 00:2{?,
╨овй(╥ге╥цю),иысз50хк,ио╨ё,хЩт╩ё╗ио╨ёё╘мЬбГ©ф╪╪╧╚к╬,2013-11-19 00:2{?,
цЯс╙╧╚к╬,50-150хк,ио╨ё-фж╤╚пбгЬ,ио╨ёк╚╩Впео╒©ф╪╪споч╧╚к╬,2013-11-19 00:2{?,
цЯс╙╧╚к╬,1000-5000хк,ио╨ё,╧Ца╙╢ОхМ╪Ч╧и╥щспоч╧╚к╬,2013-11-19 00:2{?,
цЯс╙╧╚к╬,иысз50хк,ио╨ё-╠╕и╫гЬ,ио╨ён╒жзпео╒©ф╪╪споч╧╚к╬,2013-11-19 00:2{?,
цЯс╙╧╚к╬,иысз50хк,ио╨ё-фж╤╚пбгЬ,ио╨ёрЦмЬпео╒╪╪йУспоч╧╚к╬,2013-11-19 00:2{?,
цЯс╙╧╚к╬,50-150хк,ио╨ё,╫ля╖╟Н,2013-11-19 00:2{?,
цЯс╙╧╚к╬,150-500хк,ио╨ё,й╠╢З╪н╣юфСр╣╩З╧╧,2013-11-19 00:2{?,
╨овй(╥ге╥цю),50-150хк,ио╨ё,ио╨ё╦╔с╒╨ивйя╤споч╧╚к╬,2013-11-19 00:2{?,
цЯс╙╧╚к╬,50-150хк,ио╨ё-╬╡╟╡гЬ,ио╨ёхЩлфпео╒╪╪йУспоч╧╚к╬,2013-11-19 00:2{?,
мБвй(е╥цю),50-150хк,ио╨ё-фж╤╚пбгЬ,ио╨ёц╞╠лпео╒©ф╪╪споч╧╚к╬,2013-11-19 00:2{?,
н╢ж╙юЮпм,10000хкртио,ио╨ё,ио╨ёф╫╟╡фШЁ╣╣ГвсилнЯспоч╧╚к╬,2013-11-19 00:2{?,
цЯс╙╧╚к╬,иысз50хк,ио╨ё-фж╤╚пбгЬ,рщснпео╒©ф╪╪ё╗ио╨ёё╘споч╧╚к╬,2013-11-19 00:2{?,
мБвй(╥ге╥цю),10000хкртио,ио╨ё,д©╣д╣ьс╙оЗ,2013-11-19 00:2{?,
цЯс╙╧╚к╬,иысз50хк,ио╨ё-Ё╓дЧгЬ,ио╨ёркснмЬбГ╪╪йУспоч╧╚к╬,2013-11-19 00:2{?,
цЯс╙╧╚к╬,иысз50хк,ио╨ё-фж╤╚пбгЬ,ио╨ёмЬтСпео╒©ф╪╪споч╧╚к╬,2013-11-19 00:2{?,
╨овй(╥ге╥цю),иысз50хк,ио╨ё-╨Г©згЬ,ио╨ёЕ╚╩Ппео╒╪╪йУспоч╧╚к╬,2013-11-19 00:2{?,
цЯс╙╧╚к╬,иысз50хк,ио╨ё-фж╤╚пбгЬ,ио╨ё╫УдрмЬбГ©ф╪╪споч╧╚к╬,2013-11-19 00:2{?,
╨овй(╥ге╥цю),150-500хк,ио╨ё-яНфжгЬ,ио╨ё╨о╨опео╒©ф╪╪╥╒у╧споч╧╚к╬,2013-11-19 00:2{?,
╧ЗфС,50-150хк,ио╨ё-фж╤╚пбгЬ,ио╨ёрз╦╤йЩвж╪╪йУспоч╧╚к╬,2013-11-19 00:2{?,
цЯс╙╧╚к╬,иысз50хк,ио╨ё-фж╤╚пбгЬ,ио╨ёт╪╩щмЬбГ©ф╪╪споч╧╚к╬,2013-11-19 00:2{?,
цЯс╙╧╚к╬,500-1000хк,ио╨ё-у╒╠╠гЬ,ио╨ё╫ПкЦелхМ╪Чспоч╧╚к╬,2013-11-19 00:2{?,
цЯс╙╧╚к╬,50-150хк,ио╨ё-у╒╠╠гЬ,ио╨ёсе╨мнд╩╞╢╚╡╔споч╧╚к╬,2013-11-19 00:2{?,
мБвй(е╥цю),иысз50хк,ио╨ё-пЛ╩ЦгЬ,ио╨ёв©бЁмЬбГ©ф╪╪споч╧╚к╬,2013-11-19 00:2{?,
╨овй(е╥цю),1000-5000хк,ио╨ё-фж╤╚пбгЬ,©Лг╝ж╖╦╤гЕкЦпео╒споч╧╚к╬,2013-11-19 00:2{?,
цЯс╙╧╚к╬,500-1000хк,ио╨ё,ио╨ёюжбСмЬбГ©ф╪╪споч╧╚к╬,2013-11-19 00:2{?,
цЯс╙╧╚к╬,50-150хк,ио╨ё-фж╤╚пбгЬ,╠╢©м╪╪йУё╗ио╨ёё╘споч╧╚к╬,2013-11-19 00:2{?,
цЯс╙╧╚к╬,иысз50хк,ио╨ё-фж╤╚пбгЬ,ио╨ё╠ю╟епео╒©ф╪╪споч╧╚к╬,2013-11-19 00:2{?,
мБфС╢З╠М╢╕,иысз50хк,ио╨ё-Ё╓дЧгЬ,цю╧З╫А╧╧йЩ╬щспоч╧╚к╬ио╨ё╢З╠М╢╕,2013-11-19 00:2{?,
цЯс╙╧╚к╬,иысз50хк,ио╨ё-фж╤╚пбгЬ,ио╨ёпг╨╡╢Опео╒╪╪йУспоч╧╚к╬,2013-11-19 00:2{?,
цЯс╙╧╚к╬,50-150хк,ио╨ё-Ё╓дЧгЬ,ио╨ё╣ЦуЩпео╒вия╞споч╧╚к╬,2013-11-19 00:2{?,
цЯс╙╧╚к╬,иысз50хк,ио╨ё-пЛ╩ЦгЬ,ио╨ёЛ╨╬Ыпео╒╪╪йУспоч╧╚к╬,2013-11-19 00:2{?,
цЯс╙╧╚к╬,иысз50хк,ио╨ё-ЦиппгЬ,ио╨ёюжнжпео╒╪╪йУспоч╧╚к╬,2013-11-19 00:2{?,
╨овй(е╥цю),иысз50хк,ио╨ё-╨Г©згЬ,ио╨ёб╫╠╕мЬбГ╪╪йУспоч╧╚к╬,2013-11-19 00:2{?,
цЯс╙╧╚к╬,иысз50хк,ио╨ё-пЛ╩ЦгЬ,ио╨ёх╦нжпео╒╪╪йУспоч╧╚к╬,2013-11-19 00:2{?,
цЯс╙╧╚к╬,иысз50хк,ио╨ё-фж╤╚пбгЬ,ио╨ё?к╪пео╒©ф╪╪споч╧╚к╬,2013-11-19 00:2{?,
мБвй(е╥цю),1000-5000хк,ио╨ё-пЛ╩ЦгЬ,се©Ама╤╧╪╞ме,2013-11-19 00:2{?,
н╢ж╙юЮпм,1000-5000хк,ио╨ё,м╗а╙ж╖╦╤мЬбГ╥ЧнЯ╧и╥щспоч╧╚к╬ио╨ё╥ж╧╚к╬,2013-11-19 00:2{?,
цЯс╙╧╚к╬,иысз50хк,ио╨ё-пЛ╩ЦгЬ,ио╨ём╬жгпео╒©ф╪╪споч╧╚к╬,2013-11-19 00:2{?,
мБвй(е╥цю),150-500хк,ио╨ё,дЁмБвй╧╚к╬,2013-11-19 00:2{?,
цЯс╙╧╚к╬,150-500хк,ио╨ё-фж╤╚пбгЬ,ио╨ё╣хйфоъ╪фкЦ╩З©ф╪╪споч╧╚к╬,2013-11-19 00:2{?,
цЯс╙╧╚к╬,иысз50хк,ио╨ё-фж╤╚пбгЬ,ио╨ётф╠╢мЬбГ©ф╪╪споч╧╚к╬,2013-11-19 00:2{?,
цЯс╙╧╚к╬,иысз50хк,ио╨ё,ио╨ёХВяСмЬбГ©ф╪╪споч╧╚к╬,2013-11-19 00:2{?,
цЯс╙╧╚к╬,иысз50хк,ио╨ё-яНфжгЬ,ио╨ёи╜жзмЬбГ©ф╪╪споч╧╚к╬,2013-11-19 00:2{?,
цЯс╙╧╚к╬,50-150хк,ио╨ё-фж╤╚пбгЬ,ио╨ёлью╪ра╧Ц╦Ф╢╚ц╫споч╧╚к╬,2013-11-19 00:2{?,
мБвй(╥ге╥цю),50-150хк,ио╨ё-фж╤╚пбгЬ,цюсИпео╒╪╪йУё╗ио╨ёё╘споч╧╚к╬,2013-11-19 00:2{?,
н╢ж╙юЮпм,50-150хк,ио╨ё-фж╤╚пбгЬ,ио╨ё╟╛рупео╒╪╪йУспоч╧╚к╬,2013-11-19 00:2{?,
цЯс╙╧╚к╬,иысз50хк,ио╨ё-фж╤╚пбгЬ,л╗жщмЬа╙пео╒©ф╪╪споч╧╚к╬,2013-11-19 00:2{?,
цЯс╙╧╚к╬,150-500хк,ио╨ё-фж╤╚пбгЬ,ио╨ё╬ег╟╬е╨Сй╣р╣споч╧╚к╬,2013-11-19 00:2{?,
мБвй(е╥цю),50-150хк,ио╨ё-пЛ╩ЦгЬ,╟ыпумЬ,2013-11-19 00:2{?,
цЯс╙╧╚к╬,иысз50хк,ио╨ё-яНфжгЬ,ио╨ёфТаЛмЬбГ©ф╪╪споч╧╚к╬,2013-11-19 00:2{?,
н╢ж╙юЮпм,иысз50хк,ио╨ё-фж╤╚пбгЬ,ио╨ёнййюпео╒©ф╪╪споч╧╚к╬,2013-11-19 00:2{?,
цЯс╙╧╚к╬,иысз50хк,ио╨ё-╠╕и╫гЬ,ио╨ёдцлЗпео╒©ф╪╪╥╒у╧споч╧╚к╬,2013-11-19 00:2{?,
цЯс╙╧╚к╬,50-150хк,ио╨ё-пЛ╩ЦгЬ,ио╨ёк╚рцй╣р╣╥╒у╧споч╧╚к╬,2013-11-19 00:2{?,
╨овй(╥ге╥цю),150-500хк,ио╨ё-фж╤╚пбгЬ,нД╨╨хП╣ой╠╢ЗхМ╪Ч╪╪йУспоч╧╚к╬,2013-11-19 00:2{?,
мБвй(е╥цю),50-150хк,ио╨ё-╩ффжгЬ,ио╨ёхЭю╤пео╒©ф╪╪споч╧╚к╬,2013-11-19 00:2{?,
н╢ж╙юЮпм,150-500хк,ио╨ё-фж╤╚пбгЬ,хз╢╢лЛобё╗ио╨ёё╘©ф╪╪╥╒у╧споч╧╚к╬,2013-11-19 00:2{?,
цЯс╙╧╚к╬,500-1000хк,ио╨ё-╪н╤╗гЬ,х╓снё╗╠╠╬╘ё╘©ф╪╪споч╧╚к╬ио╨ё╥ж╧╚к╬,2013-11-19 00:2{?,
цЯс╙╧╚к╬,иысз50хк,ио╨ё,рдоёйЩбК©ф╪╪ё╗ио╨ёё╘споч╧╚к╬,2013-11-19 00:2{?,
цЯс╙╧╚к╬,50-150хк,ио╨ё-пЛ╩ЦгЬ,╣Й╣Йм╗пео╒╪╪йУё╗ио╨ёё╘споч╧╚к╬,2013-11-19 00:2{Ъ,
цЯс╙╧╚к╬,иысз50хк,ио╨ё-яНфжгЬ,я╘еёё╗ио╨ёё╘пео╒©ф╪╪споч╧╚к╬,2013-11-19 00:2{,
цЯс╙╧╚к╬,иысз50хк,ио╨ё-яНфжгЬ,ио╨ёывсемЬбГ©ф╪╪споч╧╚к╬,2013-11-19 00:2{,
цЯс╙╧╚к╬,50-150хк,ио╨ё-фж╤╚пбгЬ,ио╨ёуЩ╤╠╢ОилцЁспоч╧╚к╬,2013-11-19 00:2{,
цЯс╙╧╚к╬,иысз50хк,ио╨ё,╠╠╬╘╦гйюлЛ╣ь©ф╪╪споч╧╚к╬,2013-11-19 00:2{,
цЯс╙╧╚к╬,150-500хк,ио╨ё,ио╨ён╛╨юпео╒╟╡х╚╪╪йУспоч╧╚к╬,2013-11-19 00:2{,
цЯс╙╧╚к╬,иысз50хк,ио╨ё-фж╤╚пбгЬ,ио╨ё╨ён╗╤╞бЧ©ф╪╪споч╧╚к╬,2013-11-19 00:2{,
цЯс╙╧╚к╬,50-150хк,ио╨ё-фумсгЬ,ио╨ё╧з╟╡пео╒╪╪йУспоч╧╚к╬,2013-11-19 00:2{,
цЯс╙╧╚к╬,иысз50хк,ио╨ё-фж╤╚пбгЬ,ио╨ёЖнЙЦ╪фкЦ╩З©ф╪╪споч╧╚к╬,2013-11-19 00:2{,
цЯс╙╧╚к╬,иысз50хк,ио╨ё-яНфжгЬ,ио╨ёлзпгпео╒╪╪йУспоч╧╚к╬,2013-11-19 00:2{,
цЯс╙╧╚к╬,иысз50хк,ио╨ё-╠╕и╫гЬ,ио╨ётСй╓╣ГвсилнЯспоч╧╚к╬,"2013-11-19 00:2{	",
цЯс╙╧╚к╬,иысз50хк,ио╨ё-фумсгЬ,ио╨ё╢╢пппео╒©ф╪╪споч╧╚к╬,2013-11-19 00:2{,
,,,,,
цЯс╙╧╚к╬,500-1000хк,ио╨ё,ио╨ё╟╡к╤пео╒╪╪йУ╧и╥щспоч╧╚к╬,2013-11-19 00:2{,
цЯс╙╧╚к╬,иысз50хк,ио╨ё-╪н╤╗гЬ,ио╨ёрщЁ╣╣ГвсилнЯспоч╧╚к╬,2013-11-19 00:2{,
цЯс╙╧╚к╬,иысз50хк,ио╨ё-ЦиппгЬ,ио╨ёиНцТр╫аф©ф╪╪споч╧╚к╬,2013-11-19 00:2{,
,,,,,
цЯс╙╧╚к╬,иысз50хк,ио╨ё-╠╕и╫гЬ,ио╨ё╬цу©пео╒©ф╪╪споч╧╚к╬,2013-11-19 00:2{,
цЯс╙╧╚к╬,иысз50хк,ио╨ё-Ё╓дЧгЬ,ио╨ёсф╩НмЬбГ©ф╪╪споч╧╚к╬,2013-11-19 00:2{,
цЯс╙╧╚к╬,150-500хк,ио╨ё-фумсгЬ,ио╨ё╨Лцю╣ГвсилнЯспоч╧╚к╬,2013-11-19 00:2{,
цЯс╙╧╚к╬,иысз50хк,ио╨ё-фж╤╚пбгЬ,ио╨ё╠х╦Я╠кльпео╒╪╪йУспоч╧╚к╬,2013-11-19 00:2{,
мБвй(╥ге╥цю),иысз50хк,ио╨ё-╬╡╟╡гЬ,щ╤╫щльмЬбГ╪╪йУвия╞ё╗ио╨ёё╘споч╧╚к╬,2013-11-19 00:2{,
цЯс╙╧╚к╬,иысз50хк,ио╨ё-фж╤╚пбгЬ,ио╨ё©кю╜╣вмЬбГ©ф╪╪споч╧╚к╬,2013-11-19 00:2{,
╨овй(╥ге╥цю),иысз50хк,ио╨ё-яНфжгЬ,╢СмэйЩвж©ф╪╪ё╗ио╨ёё╘споч╧╚к╬,2013-11-19 00:2{,
цЯс╙╧╚к╬,иысз50хк,ио╨ё-пЛ╩ЦгЬ,ио╨ёнЕ©╣лЕсЩ©ф╪╪споч╧╚к╬,2013-11-19 00:2{,
мБвй(╥ге╥цю),500-1000хк,ио╨ё,п╞ЁлбцппмЬ╧Цжщ╥ж╧╚к╬,2013-11-19 00:2{,
цЯс╙╧╚к╬,50-150хк,ио╨ё-ЦиппгЬ,ио╨ё╢Г╡щмЬбГ©ф╪╪споч╧╚к╬,2013-11-19 00:2{,
цЯс╙╧╚к╬,иысз50хк,ио╨ё,ио╨ён╛╪йпео╒╪╪йУспоч╧╚к╬,2013-11-19 00:2{,
цЯс╙╧╚к╬,150-500хк,ио╨ё-Ё╓дЧгЬ,хП╫ПВК ё╗жп╧Зё╘мЬбГ╪╪йУ╥ЧнЯспоч╧╚к╬,2013-11-19 00:2{,
╨овй(╥ге╥цю),50-150хк,ио╨ё,ио╨ёпЯ╟а╣Гвс©ф╪╪споч╧╚к╬,2013-11-19 00:2{,
мБвй(╥ге╥цю),10000хкртио,ио╨ё,╧╔бтиГгЬ╡©,2013-11-19 00:2{,
цЯс╙╧╚к╬,50-150хк,ио╨ё-фумсгЬ,ио╨ёк╕╤╞мЬбГ©ф╪╪споч╧╚к╬,2013-11-19 00:2{,
╨овй(╥ге╥цю),иысз50хк,ио╨ё-фж╤╚пбгЬ,ио╨ёхз©╜мЬбГ©ф╪╪споч╧╚к╬,2013-11-19 00:2{,
цЯс╙╧╚к╬,иысз50хк,ио╨ё-яНфжгЬ,ио╨ёВх©мпео╒©ф╪╪споч╧╚к╬,2013-11-19 00:2{,
цЯс╙╧╚к╬,иысз50хк,ио╨ё-у╒╠╠гЬ,ио╨ёаВюШк╣пео╒╪╪йУспоч╧╚к╬,2013-11-19 00:2{,
цЯс╙╧╚к╬,500-1000хк,ио╨ё-фумсгЬ,ио╨ё╡фсямЬбГ©ф╪╪╥ЧнЯспоч╧╚к╬,2013-11-19 00:2{ ,
цЯс╙╧╚к╬,50-150хк,ио╨ё,ио╨ё╪нсс╡ф╦╩бцснпео╒©ф╪╪споч╧╚к╬,2013-11-19 00:2{!,
мБвй(е╥цю),иысз50хк,ио╨ё-фж╤╚пбгЬ,ио╨ёсПихжгпео╒©ф╪╪споч╧╚к╬,"2013-11-19 00:2{""",
цЯс╙╧╚к╬,иысз50хк,ио╨ё-╩ффжгЬ,ио╨ёбС╧ЦмЬбГ©ф╪╪споч╧╚к╬,2013-11-19 00:2{#,
цЯс╙╧╚к╬,50-150хк,ио╨ё-╩ффжгЬ,ио╨ё╬с╧зхМ╪Чспоч╧╚к╬,2013-11-19 00:2{$,
н╢ж╙юЮпм,н╢ж╙╧Фдё,ио╨ё-пЛ╩ЦгЬ,ио╨ёлтцвмЬбГ©ф╪╪споч╧╚к╬,2013-11-19 00:2{%,
цЯс╙╧╚к╬,500-1000хк,ио╨ё-у╒╠╠гЬ,оЦ╦шблжч╧З╪йр╫афм╤вйё╗╪╞меё╘споч╧╚к╬,2013-11-19 00:2{&,
н╢ж╙юЮпм,50-150хк,ио╨ё-пЛ╩ЦгЬ,ио╨ёрфтфпео╒©ф╪╪споч╧╚к╬,2013-11-19 00:2{',
цЯс╙╧╚к╬,1000-5000хк,ио╨ё,╠╠╬╘йю╪м╩╔а╙©М╢ЬйЩ╬щжппдспоч╧╚к╬,2013-11-19 00:2{(,
╨овй(╥ге╥цю),50-150хк,ио╨ё-у╒╠╠гЬ,ио╨ёйю╨╫илнЯвия╞споч╧╚к╬,2013-11-19 00:2{),
цЯс╙╧╚к╬,50-150хк,ио╨ё-Ё╓дЧгЬ,ио╨ёмЬ╩шпео╒©ф╪╪споч╧╚к╬,2013-11-19 00:2{*,
мБвй(╥ге╥цю),иысз50хк,ио╨ё-╩ффжгЬ,нжя╤фСр╣╧эюМвия╞ё╗ио╨ёё╘споч╧╚к╬,2013-11-19 00:2{+,
╨овй(е╥цю),150-500хк,ио╨ё-фж╤╚пбгЬ,╠╠╬╘╟╝╫щ©ф©ф╪╪споч╧╚к╬,2013-11-19 00:2{,
цЯс╙╧╚к╬,иысз50хк,ио╨ё,ио╨ёю╢рЙ╣ГвсилнЯспоч╧╚к╬,2013-11-19 00:2{-,
цЯс╙╧╚к╬,150-500хк,ио╨ё-фж╤╚пбгЬ,ио╨ён╗╫эпео╒©ф╪╪споч╧╚к╬,2013-11-19 00:2{.,
цЯс╙╧╚к╬,иысз50хк,ио╨ё-фумсгЬ,ио╨ё©мс╙м╗пео╒╪╪йУспоч╧╚к╬,2013-11-19 00:2{/,
цЯс╙╧╚к╬,иысз50хк,ио╨ё-╪н╤╗гЬ,ио╨ёЯ╢©╔хМ╪Ч╪╪йУспоч╧╚к╬,2013-11-19 00:2{0,
мБвй(е╥цю),иысз50хк,ио╨ё-фж╤╚пбгЬ,╠ь╡╘мЬбГ©ф╪╪ё╗ио╨ёё╘споч╧╚к╬,2013-11-19 00:2{1,
цЯс╙╧╚к╬,50-150хк,ио╨ё-фж╤╚пбгЬ,ио╨ё╢╢фЛлЛоб©ф╪╪споч╧╚к╬,2013-11-19 00:2{2,
╧ЗфС,5000-10000хк,ио╨ё,л╚ф╫╣ГвсилнЯспоч╧╚к╬,2013-11-19 00:2{3,
н╢ж╙юЮпм,иысз50хк,ио╨ё-фж╤╚пбгЬ,╠╠╥╫йся╤╢╚ц╫ё╗ио╨ёё╘споч╧╚к╬,2013-11-19 00:2{4,
н╢ж╙юЮпм,150-500хк,ио╨ё-фумсгЬ,ио╨ё╦╩©╜мЬбГпео╒╪╪йУспоч╧╚к╬,2013-11-19 00:2{5,
цЯс╙╧╚к╬,иысз50хк,ио╨ё,ур╨цмФ,2013-11-19 00:2{6,
цЯс╙╧╚к╬,иысз50хк,ио╨ё-фж╤╚пбгЬ,ио╨ё╦Яф╫пео╒©ф╪╪споч╧╚к╬,2013-11-19 00:2{7,
цЯс╙╧╚к╬,иысз50хк,ио╨ё-╨Г©згЬ,ио╨ёаБжзпео╒╪╪йУспоч╧╚к╬,2013-11-19 00:2{8,
цЯс╙╧╚к╬,50-150хк,ио╨ё-фумсгЬ,ио╨ё╡╗╣╪пео╒╪╪йУспоч╧╚к╬,2013-11-19 00:2{9,
╨овй(е╥цю),иысз50хк,ио╨ё-фж╤╚пбгЬ,╫╜куНё╡╘пео╒©ф╪╪споч╧╚к╬,2013-11-19 00:2{:,
╨овй(╥ге╥цю),иысз50хк,ио╨ё-ЦиппгЬ,ио╨ёцво╡мЬбГ©ф╪╪споч╧╚к╬,2013-11-19 00:2{;,
цЯс╙╧╚к╬,иысз50хк,ио╨ё-фумсгЬ,ио╨ё╪╙у╧мЬбГ©ф╪╪споч╧╚к╬,2013-11-19 00:2{<,
цЯс╙╧╚к╬,иысз50хк,ио╨ё-╨Г©згЬ,ио╨ёсН╨Хпео╒©ф╪╪╧и╥щспоч╧╚к╬,2013-11-19 00:2{=,
цЯс╙╧╚к╬,иысз50хк,ио╨ё-╠╕и╫гЬ,ио╨ёюжйЯпео╒╪╪йУспоч╧╚к╬,2013-11-19 00:2{>,
цЯс╙╧╚к╬,иысз50хк,ио╨ё-пЛ╩ЦгЬ,ио╨ё╨лдНпео╒©ф╪╪споч╧╚к╬,2013-11-19 00:2{?,
цЯс╙╧╚к╬,иысз50хк,ио╨ё-яНфжгЬ,лф╥╩ё╗ио╨ёё╘╧Ц╦Фспоч╧╚к╬,2013-11-19 00:2{@,
цЯс╙╧╚к╬,50-150хк,ио╨ё,ио╨ё╟╡Ё╘мЬбГ©ф╪╪споч╧╚к╬,2013-11-19 00:2{A,
н╢ж╙юЮпм,иысз50хк,ио╨ё,ио╨ёа╙╨о╦жлЗ╫╩рвкЫспоч╧╚к╬,2013-11-19 00:2{B,
цЯс╙╧╚к╬,150-500хк,ио╨ё,ио╨ё╤Ю╡ф╤Ю╦╩илнЯвия╞споч╧╚к╬,2013-11-19 00:2{C,
цЯс╙╧╚к╬,иысз50хк,ио╨ё,ио╨ёг╖и╪мЬбГ╪╪йУ╥╒у╧споч╧╚к╬,2013-11-19 00:2{D,
цЯс╙╧╚к╬,50-150хк,ио╨ё-╬╡╟╡гЬ,ио╨ёлЛ╨ёб╥мЬбГпео╒©ф╪╪споч╧╚к╬,2013-11-19 00:2{E,
мБвй(е╥цю),50-150хк,ио╨ё,╧Ао╣пео╒©ф╪╪ё╗ио╨ёё╘споч╧╚к╬,2013-11-19 00:2{F,
╨овй(е╥цю),150-500хк,ио╨ё-фж╤╚пбгЬ,ио╨ёД©╟б╣ГвсилнЯспоч╧╚к╬,2013-11-19 00:2{G,
цЯс╙╧╚к╬,иысз50хк,ио╨ё-яНфжгЬ,ио╨ёоЧр╚пео╒╪╪йУспоч╧╚к╬,2013-11-19 00:2{H,
цЯс╙╧╚к╬,иысз50хк,ио╨ё-фж╤╚пбгЬ,ио╨ёд╖ж╝йспео╒©ф╪╪споч╧╚к╬,2013-11-19 00:2{I,
цЯс╙╧╚к╬,иысз50хк,ио╨ё-ЦиппгЬ,ио╨ёрад╟и╜пео╒╪╪йУспоч╧╚к╬,2013-11-19 00:2{J,
цЯс╙╧╚к╬,иысз50хк,ио╨ё-пЛ╩ЦгЬ,ио╨ёхЩи╚цвмЬбГ©ф╪╪споч╧╚к╬,2013-11-19 00:2{K,
╨овй(╥ге╥цю),иысз50хк,ио╨ё,ио╨ёпеппхМ╪Чспоч╧╚к╬,2013-11-19 00:2{L,
н╢ж╙юЮпм,н╢ж╙╧Фдё,ио╨ё-пЛ╩ЦгЬ,к╪©фо╣мЁё╗жп╧Зё╘мЬбГ╪╪йУспоч╧╚к╬ио╨ёЁ╓дЧ╥ж╧╚к╬,2013-11-19 00:2{M,
мБвй(╥ге╥цю),50-150хк,ио╨ё-фж╤╚пбгЬ,рз©╣©ф╪╪пео╒ё╗ио╨ёё╘споч╧╚к╬,2013-11-19 00:2{N,
мБвй(╥ге╥цю),50-150хк,ио╨ё-╬╡╟╡гЬ,оКдэпео╒©ф╪╪ё╗ио╨ёё╘споч╧╚к╬,2013-11-19 00:2{O,
цЯс╙╧╚к╬,иысз50хк,ио╨ё-яНфжгЬ,ио╨ёг╛ЁпмЬбГ©ф╪╪споч╧╚к╬,2013-11-19 00:2{P,
цЯс╙╧╚к╬,иысз50хк,ио╨ё-фумсгЬ,ио╨ёх╚╤хмЬбГ©ф╪╪споч╧╚к╬,2013-11-19 00:2{Q,
цЯс╙╧╚к╬,иысз50хк,ио╨ё-яНфжгЬ,ио╨ёйЩцюмЬбГ©ф╪╪споч╧╚к╬,2013-11-19 00:2{R,
цЯс╙╧╚к╬,иысз50хк,ио╨ё-фж╤╚пбгЬ,ио╨ё╨╨╬╖пео╒©ф╪╪споч╧╚к╬,2013-11-19 00:2{S,
мБвй(е╥цю),150-500хк,ио╨ё,╟╡©мЁопео╒╥ЧнЯё╗ио╨ёё╘споч╧╚к╬,2013-11-19 00:2{T,
цЯс╙╧╚к╬,иысз50хк,ио╨ё,ио╨ёндс©нд╩╞©ф╪╪споч╧╚к╬,2013-11-19 00:2{U,
╨овй(╥ге╥цю),150-500хк,ио╨ё,ювГФфСр╣,2013-11-19 00:2{V,
цЯс╙╧╚к╬,150-500хк,ио╨ё,ио╨ё╦ъ╢ОпгхМ╪Чо╣мЁспоч╧╚к╬,2013-11-19 00:2{W,
цЯс╙╧╚к╬,50-150хк,ио╨ё-фумсгЬ,ио╨ёнда╓пео╒╪╪йУспоч╧╚к╬,2013-11-19 00:2{X,
мБвй(╥ге╥цю),50-150хк,ио╨ё-╬╡╟╡гЬ,╟╡╫щ╢Оё╗╠╠╬╘ё╘╧кнйспоч╧╚к╬ио╨ё╥ж╧╚к╬,2013-11-19 00:2{Y,
мБвй(╥ге╥цю),иысз50хк,ио╨ё,ио╨ё©╛й╒╣ГвсилнЯспоч╧╚к╬,2013-11-19 00:2{Z,
цЯс╙╧╚к╬,иысз50хк,ио╨ё-фж╤╚пбгЬ,ио╨ёс╒╨мнд╩╞╢╚╡╔споч╧╚к╬,2013-11-19 00:2{[,
цЯс╙╧╚к╬,иысз50хк,ио╨ё-Ё╓дЧгЬ,ио╨ё╡╗╤ВмЬбГ©ф╪╪╥ЧнЯспоч╧╚к╬,2013-11-19 00:2{\,
╨овй(╥ге╥цю),иысз50хк,ио╨ё-фж╤╚пбгЬ,╠╠╬╘╦ш╬╜м╗╬╜╪цпео╒вия╞╥ЧнЯспоч╧╚к╬ио╨ё╥ж╧╚к╬,2013-11-19 00:2{],
цЯс╙╧╚к╬,иысз50хк,ио╨ё-фж╤╚пбгЬ,ио╨ё╬е╪ёмЬбГ©ф╪╪споч╧╚к╬,2013-11-19 00:2{^,
цЯс╙╧╚к╬,500-1000хк,ио╨ё,ю╔и╫©бкВпео╒вия╞споч╧╚к╬,2013-11-19 00:2{_,
цЯс╙╧╚к╬,50-150хк,ио╨ё-пЛ╩ЦгЬ,ио╨ё╢СюжмЬбГ©ф╪╪споч╧╚к╬,2013-11-19 00:2{`,
цЯс╙╧╚к╬,иысз50хк,ио╨ё-фж╤╚пбгЬ,ио╨ёлЛ?пео╒©ф╪╪споч╧╚к╬,2013-11-19 00:2{a,
цЯс╙╧╚к╬,иысз50хк,ио╨ё-фумсгЬ,ио╨ё╠Эя╤мЬбГ©ф╪╪споч╧╚к╬,2013-11-19 00:2{b,
мБвй(╥ге╥цю),иысз50хк,ио╨ё-╠╕и╫гЬ,╤В╠╡к╪ё╗ио╨ёё╘пео╒©ф╪╪споч╧╚к╬,2013-11-19 00:2{c,
цЯс╙╧╚к╬,иысз50хк,ио╨ё-фж╤╚пбгЬ,ио╨ёЁпл╘пео╒╪╪йУспоч╧╚к╬,2013-11-19 00:2{d,
цЯс╙╧╚к╬,иысз50хк,ио╨ё-╪н╤╗гЬ,╣Н©Мпео╒©ф╪╪ё╗ио╨ёё╘споч╧╚к╬,2013-11-19 00:2{e,
цЯс╙╧╚к╬,иысз50хк,ио╨ё-фж╤╚пбгЬ,ио╨ёя╦дЯмЬбГ©ф╪╪споч╧╚к╬,2013-11-19 00:2{f,
╧ЗфС,50-150хк,ио╨ё-фж╤╚пбгЬ,ио╨ёпбгРм╗песпоч╧╚к╬,2013-11-19 00:2{g,
╧ЗфС,50-150хк,ио╨ё-яНфжгЬ,ио╨ё╣Г╢Опео╒╪╪йУспоч╧╚к╬,2013-11-19 00:2{h,
цЯс╙╧╚к╬,50-150хк,ио╨ё,╠╠╬╘е╥юж╟и╪╪йУспоч╧╚к╬,2013-11-19 00:2{i,
цЯс╙╧╚к╬,иысз50хк,ио╨ё,ио╨ё╠╕╣Цпео╒╪╪йУспоч╧╚к╬,2013-11-19 00:2{j,
цЯс╙╧╚к╬,иысз50хк,ио╨ё-у╒╠╠гЬ,ио╨ё╤кбЙ╪фкЦ╩З©ф╪╪споч╧╚к╬,2013-11-19 00:2{k,
цЯс╙╧╚к╬,500-1000хк,ио╨ё-фумсгЬ,ио╨ё╬╘ю╢р╫т╨м╤вй╧эюМспоч╧╚к╬,2013-11-19 00:2{l,
цЯс╙╧╚к╬,иысз50хк,ио╨ё-фж╤╚пбгЬ,╨ЛгЛпкилцЁё╗ио╨ёё╘споч╧╚к╬,2013-11-19 00:2{m,
цЯс╙╧╚к╬,иысз50хк,ио╨ё-фж╤╚пбгЬ,ио╨ён╒бС╣ГвсилнЯ╥╒у╧споч╧╚к╬,2013-11-19 00:2{n,
цЯс╙╧╚к╬,иысз50хк,ио╨ё-пЛ╩ЦгЬ,ио╨ёяОрьфСр╣╧эюМвия╞споч╧╚к╬,2013-11-19 00:2{o,
цЯс╙╧╚к╬,иысз50хк,ио╨ё-фумсгЬ,ио╨ёюЯрв╣ГвсилнЯспоч╧╚к╬,2013-11-19 00:2{p,
цЯс╙╧╚к╬,иысз50хк,ио╨ё-╩ффжгЬ,ио╨ёбМюОягдимЬбГпео╒©ф╪╪споч╧╚к╬,2013-11-19 00:2{q,
цЯс╙╧╚к╬,иысз50хк,ио╨ё-у╒╠╠гЬ,ио╨ё╟щ╟ЦмЬбГ©ф╪╪споч╧╚к╬,2013-11-19 00:2{r,
цЯс╙╧╚к╬,50-150хк,ио╨ё-фумсгЬ,ио╨ё╢╢╡╫йЩвж©ф╪╪споч╧╚к╬,2013-11-19 00:2{s,
╨овй(╥ге╥цю),50-150хк,ио╨ё-пЛ╩ЦгЬ,Г║╪╞мЬбГ©ф╪╪споч╧╚к╬,2013-11-19 00:2{t,
цЯс╙╧╚к╬,иысз50хк,ио╨ё-фж╤╚пбгЬ,ио╨ё╨╫╟╡пео╒╪╪йУспоч╧╚к╬,2013-11-19 00:2{u,
╨овй(╥ге╥цю),50-150хк,ио╨ё-фж╤╚пбгЬ,ио╨ёг╗рвмЬбГ©ф╪╪споч╧╚к╬,2013-11-19 00:2{v,
╨овй(╥ге╥цю),1000-5000хк,ио╨ё-у╒╠╠гЬ,ио╨ё╡╘╣ю╣ГвсилнЯспоч╧╚к╬,2013-11-19 00:2{w,
цЯс╙╧╚к╬,иысз50хк,ио╨ё-яНфжгЬ,ио╨ёЦЭ╨БмЬбГ©ф╪╪споч╧╚к╬,2013-11-19 00:2{x,
╨овй(╥ге╥цю),50-150хк,ио╨ё-ки╫╜гЬ,иою╫ё╗ио╨ёё╘нОаВспоч╧╚к╬,2013-11-19 00:2{y,
цЯс╙╧╚к╬,иысз50хк,ио╨ё-фумсгЬ,ио╨ёп╬хМпео╒©ф╪╪споч╧╚к╬,2013-11-19 00:2{z,
цЯс╙╧╚к╬,50-150хк,ио╨ё-фж╤╚пбгЬ,ио╨ё╨╨╟а╣Гпе©ф╪╪споч╧╚к╬,2013-11-19 00:2{{,
╨овй(╥ге╥цю),50-150хк,ио╨ё-пЛ╩ЦгЬ,ио╨ё╨БоХмЬбГ©ф╪╪споч╧╚к╬,2013-11-19 00:2{|,
цЯс╙╧╚к╬,иысз50хк,ио╨ё-фж╤╚пбгЬ,ио╨ёпЧнДпео╒©ф╪╪споч╧╚к╬,2013-11-19 00:2{},
цЯс╙╧╚к╬,50-150хк,ио╨ё,южж╙с╒сО,2013-11-19 00:2{~,
цЯс╙╧╚к╬,иысз50хк,ио╨ё-фж╤╚пбгЬ,н╒╧Ц©ф╪╪ё╗ио╨ёё╘споч╧╚к╬,2013-11-19 00:2{,
цЯс╙╧╚к╬,иысз50хк,ио╨ё-Ё╓дЧгЬ,ио╨ёбЧснуъпео╒╪╪йУспоч╧╚к╬,2013-11-19 00:2{─,
цЯс╙╧╚к╬,150-500хк,ио╨ё-ЦиппгЬ,ио╨ёйюсепео╒©ф╪╪споч╧╚к╬,2013-11-19 00:2{?,
╨овй(╥ге╥цю),иысз50хк,ио╨ё-пЛ╩ЦгЬ,CPGё╗╠╠╬╘ё╘©ф╪╪споч╧╚к╬,2013-11-19 00:2{?,
цЯс╙╧╚к╬,500-1000хк,ио╨ё-пЛ╩ЦгЬ,ио╨ёрЬ╨кмЬбГ©ф╪╪споч╧╚к╬,2013-11-19 00:2{?,
цЯс╙╧╚к╬,иысз50хк,ио╨ё-фж╤╚пбгЬ,ио╨ёвою╗мЬбГ©ф╪╪споч╧╚к╬,2013-11-19 00:2{?,
цЯс╙╧╚к╬,иысз50хк,ио╨ё-фумсгЬ,ио╨ёжпЙ╩хМ╪Ч©╙╥╒споч╧╚к╬,2013-11-19 00:2{?,
цЯс╙╧╚к╬,иысз50хк,ио╨ё-╬╡╟╡гЬ,ио╨ёа╫╨с╩Цпео╒©ф╪╪споч╧╚к╬,2013-11-19 00:2{?,
цЯс╙╧╚к╬,иысз50хк,ио╨ё-╠╕и╫гЬ,ио╨ё╠╕тай╣р╣споч╧╚к╬,2013-11-19 00:2{?,
цЯс╙╧╚к╬,50-150хк,ио╨ё-фумсгЬ,ио╨ёрДм╗╧Ц╢Опео╒╪╪йУспоч╧╚к╬,2013-11-19 00:2{?,
цЯс╙╧╚к╬,иысз50хк,ио╨ё,ио╨ёаж╢омЬбГ©ф╪╪споч╧╚к╬,2013-11-19 00:2{?,
мБвй(╥ге╥цю),иысз50хк,ио╨ё-╩ффжгЬ,╢О©мйоё╗ио╨ёё╘пео╒©ф╪╪споч╧╚к╬,2013-11-19 00:2{?,
╨овй(╥ге╥цю),50-150хк,ио╨ё-ЦиппгЬ,ио╨ёрЦ╟НмЬбГ©ф╪╪споч╧╚к╬,2013-11-19 00:2{?,
мБвй(е╥цю),иысз50хк,ио╨ё,й╓мппео╒╪╪йУё╗ио╨ёё╘споч╧╚к╬,2013-11-19 00:2{?,
н╢ж╙юЮпм,1000-5000хк,ио╨ё,╥О╩кмЬ,2013-11-19 00:2{?,
╨овй(╥ге╥цю),50-150хк,ио╨ё,ио╨ётёхухМ╪Чспоч╧╚к╬,2013-11-19 00:2{?,
цЯс╙╧╚к╬,иысз50хк,ио╨ё-фж╤╚пбгЬ,╬шЁрё╗ио╨ёё╘м╤вй©ь╧испоч╧╚к╬,2013-11-19 00:2{?,
цЯс╙╧╚к╬,150-500хк,ио╨ё,уЦ╫╜╩Ц╧╨©ф╪╪споч╧╚к╬,2013-11-19 00:2{?,
цЯс╙╧╚к╬,иысз50хк,ио╨ё,ио╨ё╬цл╚╫ЬЁЖ©зспоч╧╚к╬,2013-11-19 00:2{?,
цЯс╙╧╚к╬,иысз50хк,ио╨ё-ЦиппгЬ,ио╨ёйюх╗хМ╪Ч©ф╪╪споч╧╚к╬,2013-11-19 00:2{?,
цЯс╙╧╚к╬,иысз50хк,ио╨ё-фж╤╚пбгЬ,ио╨ёв╕фв©ф╪╪споч╧╚к╬,2013-11-19 00:2{?,
цЯс╙╧╚к╬,150-500хк,ио╨ё-╪н╤╗гЬ,ио╨ёкя©АмЬбГ©ф╪╪споч╧╚к╬,2013-11-19 00:2{?,
╨овй(е╥цю),150-500хк,ио╨ё-фж╤╚пбгЬ,ио╨ёвсНёхМ╪Ч©ф╪╪споч╧╚к╬,2013-11-19 00:2{?,
цЯс╙╧╚к╬,иысз50хк,ио╨ё-фж╤╚пбгЬ,ио╨ё╟╒рлп║ЁЬмЬбГ©ф╪╪споч╧╚к╬,2013-11-19 00:2{?,
н╢ж╙юЮпм,50-150хк,ио╨ё-фж╤╚пбгЬ,юХНёилнЯвия╞ё╗ио╨ёё╘споч╧╚к╬,2013-11-19 00:2{?,
цЯс╙╧╚к╬,иысз50хк,ио╨ё-фумсгЬ,ио╨ё╣ши╜мЬбГ©ф╪╪споч╧╚к╬,2013-11-19 00:2{?,
н╢ж╙юЮпм,иысз50хк,ио╨ё-Ё╓дЧгЬ,ио╨ё╨╨Й©лфтлмЬбГ©ф╪╪споч╧╚к╬,2013-11-19 00:2{?,
цЯс╙╧╚к╬,иысз50хк,ио╨ё-ЦиппгЬ,╦╩ц╫хМ╪Чё╗кужщё╘споч╧╚к╬,2013-11-19 00:2{?,
мБвй(╥ге╥цю),иысз50хк,ио╨ё,ио╨ё╤╞а©╩щрЬпео╒╪╪йУспоч╧╚к╬,2013-11-19 00:2{?,
цЯс╙╧╚к╬,иысз50хк,ио╨ё-фж╤╚пбгЬ,ио╨ёЛебимЬбГ©ф╪╪споч╧╚к╬,2013-11-19 00:2{?,
цЯс╙╧╚к╬,иысз50хк,ио╨ё-пЛ╩ЦгЬ,ио╨ёфПа╟©ф╪╪споч╧╚к╬,2013-11-19 00:2{?,
цЯс╙╧╚к╬,иысз50хк,ио╨ё-фж╤╚пбгЬ,ио╨ё╠х╥жефнд╩╞╢╚╡╔споч╧╚к╬,2013-11-19 00:2{?,
цЯс╙╧╚к╬,иысз50хк,ио╨ё-яНфжгЬ,╫╜куед╥©мЬбГ©ф╪╪споч╧╚к╬,2013-11-19 00:2{?,
цЯс╙╧╚к╬,иысз50хк,ио╨ё-╩ффжгЬ,╤ялгпео╒©ф╪╪ё╗ио╨ёё╘споч╧╚к╬,2013-11-19 00:2{?,
цЯс╙╧╚к╬,иысз50хк,ио╨ё-пЛ╩ЦгЬ,ио╨ё╟╡Йи╧Ц╦Ф╢╚ц╫споч╧╚к╬,2013-11-19 00:2{?,
цЯс╙╧╚к╬,иысз50хк,ио╨ё-фж╤╚пбгЬ,ио╨ё╨ф╬Тй╣р╣споч╧╚к╬,2013-11-19 00:2{?,
мБвй(е╥цю),иысз50хк,ио╨ё-Ё╓дЧгЬ,╠╠╬╘╢╢тЛуъюж╡╘©ф╪╪╥╒у╧споч╧╚к╬,2013-11-19 00:2{?,
╨овй(╥ге╥цю),500-1000хк,ио╨ё-фж╤╚пбгЬ,╬шип╣ГвсилнЯё╗жп╧Зё╘споч╧╚к╬,2013-11-19 00:2{?,
цЯс╙╧╚к╬,иысз50хк,ио╨ё,рвй©хМ╪Чё╗ио╨ёё╘споч╧╚к╬,2013-11-19 00:2{?,
цЯс╙╧╚к╬,иысз50хк,ио╨ё-фумсгЬ,ио╨ёя╤рЙмЬбГ©ф╪╪споч╧╚к╬,2013-11-19 00:2{?,
цЯс╙╧╚к╬,иысз50хк,ио╨ё-╪н╤╗гЬ,ио╨ёсЙаИмЬбГ©ф╪╪споч╧╚к╬,2013-11-19 00:2{?,
цЯс╙╧╚к╬,50-150хк,ио╨ё,ио╨ё╥Ас╗╣Гвс©ф╪╪споч╧╚к╬,2013-11-19 00:2{?,
н╢ж╙юЮпм,50-150хк,ио╨ё-╪н╤╗гЬ,ио╨ёа╛ЁлилнЯ╥╒у╧споч╧╚к╬,2013-11-19 00:2{?,
╨овй(╥ге╥цю),иысз50хк,ио╨ё-Ё╓дЧгЬ,сЯцвмЬбГ©ф╪╪ё╗ио╨ёё╘споч╧╚к╬,2013-11-19 00:2{?,
цЯс╙╧╚к╬,1000-5000хк,ио╨ё-фумсгЬ,╧Цжщн╗ф╥╩Апео╒©ф╪╪споч╧╚к╬,2013-11-19 00:2{?,
мБвй(╥ге╥цю),150-500хк,ио╨ё-╬╡╟╡гЬ,╟д╢СюШягNext Digital,2013-11-19 00:2{?,
мБвй(е╥цю),иысз50хк,ио╨ё-╬╡╟╡гЬ,ио╨ёи╙?мЬбГ©ф╪╪споч╧╚к╬,2013-11-19 00:2{?,
цЯс╙╧╚к╬,иысз50хк,ио╨ё-╨Г©згЬ,ио╨ё╟╝дЦль©ф╪╪╥╒у╧споч╧╚к╬,2013-11-19 00:2{?,
╨овй(╥ге╥цю),иысз50хк,ио╨ё-фж╤╚пбгЬ,ио╨ёпе╨ом╤вй╧эюМспоч╧╚к╬,11/19/2013 0:02,
